Subject,Catalog Nbr,Section,A+,A,A-,B+,B,B-,C+,C,C-,D+,D,D-,F,CR,P,Instructor 1,Instructor 2,Instructor 3,Instructor 4,Instructor 5,Instructor 6,instructor_id,instructor_name_normalized
ACCT,2301,5U1,4,3,1,4,8,2,3,8,,6,,6,2,,,"Zhou, Yibin","Song, Dongye",,,,,yxh124430,ying huang
ACCT,2302,5U1,1,4,22,16,7,4,4,2,,,,,1,,,"Hes, Christopher A","Tatiparti, Venu Madhav",,,,,cah041000,christopher hess
ACCT,3331,5U1,,6,1,1,10,,,7,,,1,,,,,"Cready, William M","Gencer, Nur Pinar",,,,,yxz066000,yibin zhou
ACCT,3341,5U1,10,5,13,11,3,1,1,,,,,,,,,"Kromer, Jeffrey","Song, Dongye",,,,,jrk013000,jeffrey kromer
ACCT,3350,5U1,10,10,9,4,4,,,,,,,,,,,"Gamino, John P",,,,,,jpg140630,john gamino
ACCT,4334,5U1,,2,6,5,6,8,2,2,,,1,,,,,"Hes, Christopher A","Tatiparti, Venu Madhav",,,,,cah041000,christopher hess
ACCT,4336,5U1,,4,4,3,3,,,,,,,,,,,"Gurun, Umit","Gencer, Nur Pinar",,,,,dip101020,
ACCT,4340,0U1,8,9,3,3,4,3,2,,,1,,,2,,,"Johnson, Jennifer",,,,,,jxj091000,jennifer johnson
ACCT,4342,5U1,1,,7,3,1,3,,,,,,1,,,,"Johnson, Jennifer","Hagen, John C",,,,,jxj091000,jennifer johnson
ACCT,6194,SW1,,9,,,2,,,1,,,,,1,,,"Johnson, Jennifer",,,,,,jxj091000,jennifer johnson
ACCT,6202,0W1,,5,13,14,5,9,4,3,,,,,,,,"Janakiraman, Surya","Tatiparti, Venu Madhav",,,,,suryaj,surya janakiraman
ACCT,6287,XU1,,31,1,1,,,,,,,,,,,,"McNulty, Diane S",,,,,,dmcnulty,diane mcnulty
ACCT,6292,SW1,,8,,,1,,,,,,,,1,,,"Linsteadt, Chris C",,,,,,ccl019000,chris linsteadt
ACCT,6301,5U1,,12,8,7,2,2,,,,,,,,,,"Ali, Ashiq","Sandhu, Gurvinder",,,,,srp065000,stephanie poindexter swaim
ACCT,6305,0W1,,3,11,4,5,4,2,,,,,,,,,"Janakiraman, Surya","Tatiparti, Venu Madhav",,,,,suryaj,surya janakiraman
ACCT,6313,5U1,,,8,5,1,,,,,,,,,,,"Lahiri, Atanu","Zhang, Hong",,,,,nxh141030,nate howe
ACCT,6320,0W1,,2,2,3,3,1,1,,,,,,,,,"Cavusoglu, Huseyin","Liu, Yihong",,,,,huseyin,huseyin cavusoglu
ACCT,6330,0W1,,5,,,7,,,2,,,,,,,,"Cready, William M","Gencer, Nur Pinar",,,,,wmc041000,william cready
ACCT,6331,0W1,,10,,,4,,,1,,,,,,,,"Cready, William M","Gencer, Nur Pinar",,,,,wmc041000,william cready
ACCT,6333,5U1,,18,,,13,,,4,,,,,,,,"Zolton, Kathy",,,,,,kxz121730,kathy zolton
ACCT,6338,0W1,,21,,1,10,,,,,,,,,,,"Goodrich, Mary Beth W","Nathan, Brad",,,,,goodrich,mary beth goodrich
ACCT,6344,0W1,,14,21,13,9,1,,,,,,,,,,"Gurun, Umit","Gencer, Nur Pinar",,,,,ugg041000,umit gurun
ACCT,6353,5U1,,7,13,5,1,,,,,,,,,,,"Solcher, Steven J",,,,,,jpg140630,john gamino
ACCT,6356,5U1,,17,8,4,,,,,,,,,,,,"Gamino, John P",,,,,,jpg140630,john gamino
ACCT,6367,5U1,,20,,,1,,,,,,,,,,,"Gamino, John P","Frost, Sandra M",,,,,jpg140630,john gamino
ACCT,6373,0W1,,51,,,16,,,,,,,,,,,"Barden, John P","Nathan, Brad",,,,,jpb063000,john barden
ACCT,6384,0W1,,43,8,2,1,,,1,,,,,,,,"Kromer, Jeffrey","Song, Dongye",,,,,jrk013000,jeffrey kromer
ACCT,6388,5U1,,14,1,1,,2,,,,,,,,,,"Goodrich, Mary Beth W","Nathan, Brad",,,,,goodrich,mary beth goodrich
ACN,6338,0U1,,17,,,10,,,1,,,,,,,,"Sultana, Rukhsana","Wilhelm, Rachel",,,,,rxs170431,rukhsana sultana
ACN,6V81,0U1,,33,5,1,,,,,,,,,,,,"McWilliams, Steven P",,,,,,sxm127330,steven mcwilliams
AMS,2300,051,,13,1,2,,,,,,,,,,,,"Werhnyak, Larissa",,,,,,nxp174730,neall pogue
AMS,2341,0H2,,7,8,6,5,1,1,,,,,,1,,,"Naqvi, Syed K",,,,,,skn180000,syed naqvi
AMS,3316,0W1,16,6,2,1,1,,,,,,,,,,,"Winstead, Elizabeth L",,,,,,lwm061000,elizabeth winstead
AMS,3350,0W1,20,11,,,1,,,1,,,,,2,,,"Winstead, Elizabeth L",,,,,,lwm061000,elizabeth winstead
AMS,4385,0W1,14,5,4,,1,1,,,,,,,4,,,"Winstead, Elizabeth L",,,,,,lwm061000,elizabeth winstead
ARTS,1301,0U1,37,17,5,2,,2,,1,,,1,1,1,,,"Grandjean, Kelly","Alanis Perez, Alan Isaac",,,,,kxg190019,kelly grandjean
ARTS,1316,0U1,,7,1,2,3,,,1,1,,,,,,,"Metz, Greg L",,,,,,glmetz,greg metz
ARTS,3372,551,,12,2,,,1,2,,,,,,,,,"Loving, Emily",,,,,,exl097120,emily loving
ARTS,3379,591,,14,5,,,,,,,,,,1,,,"Loving, Emily",,,,,,exl097120,emily loving
ATCM,2301,051,3,2,1,7,2,2,2,,,,,,2,,,"Nielsen, Christina R",,,,,,crn022000,christina nielsen
ATCM,2335,0U1,,16,,1,3,,1,1,,1,,,3,,,"Stewart, Michael C",,,,,,mxs128231,michael stewart
ATCM,2335,0U2,,8,,1,4,,,1,,,,,2,,,"Stewart, Michael C",,,,,,mxs128231,michael stewart
ATCM,3301,0U1,2,7,1,,1,1,,1,3,,,,1,,,"Field, Jamie M",,,,,,lxi170030,laura imaoka
ATCM,3301,0U2,,5,9,4,,1,,,,,,,,,,"Mulla, Ayesha",,,,,,axm190114,ayesha mulla
ATCM,3301,0U3,,3,6,4,2,2,,,,,,1,,,,"Mulla, Ayesha",,,,,,axm190114,ayesha mulla
ATCM,3301,5U1,,4,8,1,,3,,,1,,1,,3,,,"Rheams, David C",,,,,,dcr093020,david rheams
ATCM,3306,0U1,1,5,4,3,2,,,,3,,1,,2,,,"Lewis, Timothy M",,,,,,cjc043000,christopher camacho
ATCM,3307,0U1,,,4,4,2,1,2,,,,,1,3,,,"McCord, Peter A",,,,,,pam062000,peter mccord
ATCM,3311,0U1,,1,3,3,2,3,1,4,3,,,2,3,,,"Lim, Fengjie",,,,,,fxl200000,fengjie lim
ATCM,3337,0U1,12,11,2,1,1,,,,,,2,,,,,"Wood, Harold G",,,,,,hgw021000,harold wood
ATCM,3337,5U1,7,4,2,3,1,,,1,,,,1,,,,"Lin, Colleen B",,,,,,cbl061000,
ATCM,3338,0U1,8,6,3,1,4,2,,,,,,,5,,,"Camacho, Christopher J",,,,,,awc051000,adam chandler
ATCM,3350,051,2,6,3,1,3,,1,1,1,,,,4,,,"Nielsen, Christina R",,,,,,crn022000,christina nielsen
ATCM,3368,0U1,2,4,,,,,,2,1,,,,1,,,"Chandler, Adam W",,,,,,awc051000,adam chandler
ATCM,3388,0U1,1,7,11,3,3,3,,,,,,2,,,,"Bell, Elizabeth A","Whitlock, Kathryn",,,,,lxb032000,elizabeth bell
ATCM,4317,0U1,,11,,,,,,,,,,,,,,"Fechter, Todd A",,,,,,taf051000,todd fechter
ATCM,4334,051,,11,6,3,2,1,,,,,,,,,,"Banner, Olivia P",,,,,,opb140030,olivia banner
ATCM,4338,0U1,1,5,1,1,1,1,,,,1,,,1,,,"Chandler, Adam W",,,,,,awc051000,adam chandler
ATCM,4350,051,13,,1,1,,,,1,,,,,,,,"Hewitt, Sharon",,,,,,sxh090220,sharon hewitt
ATCM,4364,0U1,,15,,,,,,,,,,,,,,"Farrar, Eric T",,,,,,etf091000,eric farrar
ATCM,4384,5U1,2,9,15,1,3,,1,,1,,,,,,,"Rheams, David C",,,,,,dcr093020,david rheams
AUD,6216,0U1,,10,5,,,,,,,,,,,,,"Cokely, Carol G",,,,,,cgc016200,
AUD,6352,5U1,,10,4,1,,,,,,,,,,,,"Golboro, Andrew",,,,,,axg165431,
AUD,7240,5U1,,11,,,,,,,,,,,,,,"Griffiths, Scott K",,,,,,skg180000,
AUD,7310,0U1,,12,,,,,,,,,,,,,,"Clark, Jackie L",,,,,,jclark,jackie clark
AUD,7326,0U1,,15,,,,,,,,,,,,,,"Thibodeau, Linda K","Harris, Audrey N","Warner-Czyz, Andrea D","Tangerino De Souza Jacob, Regina",,,thib,linda thibodeau
BA,1320,5U1,5,2,,3,1,,1,,3,,,,1,,,"Kiser, Stephen L",,,,,,slk012100,stephen kiser
BCOM,3200,0U1,17,9,5,1,3,3,2,2,1,,1,,,,,"Fry, Jennifer L",,,,,,seh150530,sarah henry
BCOM,3200,0U2,4,11,6,6,8,1,1,1,,1,,,2,,,"Newcomb, Rebecca G",,,,,,rgn100020,rebecca newcomb
BCOM,3200,5U1,16,18,5,1,,1,,,,,1,,,,,"Smallwood, James E",,,,,,rgn100020,rebecca newcomb
BCOM,3310,0U1,3,12,12,1,2,1,1,1,,,,,2,,,"McCrady, Victoria D","Tanabe, Takuma",,,,,mrw170730,
BCOM,3310,0U2,2,20,10,2,4,,,,,,,,,,,"Ahlberg, Mehrzad","Boncoeur, Olivier D",,,,,meg012400,margaret smallwood
BCOM,3310,0U3,2,10,7,2,6,,1,,,,,,1,,,"Ahlberg, Mehrzad","Boncoeur, Olivier D",,,,,meg012400,margaret smallwood
BCOM,3310,0U4,5,10,11,5,2,1,2,,,,,,2,,,"McCrady, Victoria D","Tanabe, Takuma",,,,,vdm130030,victoria mccrady
BCOM,3310,0U5,1,14,8,4,3,3,2,,,,1,,,,,"Fry, Jennifer L",,,,,,jlf130030,jennifer fry
BCOM,3310,5U1,2,28,7,2,,,,,,,,,,,,"Moore, Sarah E","Tanabe, Takuma",,,,,mrw170730,
BCOM,4350,0U1,24,4,3,3,1,,1,,1,1,,,,,,"de los Santos, Veronica",,,,,,vxd171930,veronica de los santos
BCOM,4350,0U2,7,18,6,1,2,2,,,2,1,,,1,,,"Smallwood, Margaret G","Liu, Yu",,,,,meg012400,margaret smallwood
BCOM,4350,0U3,3,29,3,4,,,1,,,,,,,,,"Smallwood, Margaret G","Liu, Yu",,,,,meg012400,margaret smallwood
BCOM,4350,0U4,17,4,11,,1,1,1,,1,1,,,1,,,"de los Santos, Veronica",,,,,,vxd171930,veronica de los santos
BCOM,4350,0U5,7,10,5,,2,2,1,,1,,,,3,,,"Watson, John M","Liu, Yu",,,,,jmw077000,john watson
BCOM,4350,5E1,4,19,7,2,1,1,1,1,,,,,,,,"Watson, John M","Liu, Yu",,,,,jmw077000,john watson
BCOM,4350,5U1,4,14,13,2,3,,1,,1,,,,,,,"Moore, Sarah E","Tanabe, Takuma",,,,,vxd171930,veronica de los santos
BIOL,2111,0U1,,22,,,5,,,7,,,1,,,,,"Maitra, Meenakshi","Salamat, Narges","Soladogun, Adedamola S",,,,candas,mehmet candas
BIOL,2111,0U2,,25,,,5,,,1,,,,,,,,"Maitra, Meenakshi","Salamat, Narges","Soladogun, Adedamola S",,,,candas,mehmet candas
BIOL,2112,0U1,4,7,4,6,2,1,1,1,1,,,,,,,"Wu, Zhuoru","Yetkin, Celal E",,,,,candas,mehmet candas
BIOL,2112,0U2,4,4,3,1,6,3,3,2,1,3,1,,1,,,"Wu, Zhuoru","Yetkin, Celal E",,,,,candas,mehmet candas
BIOL,2281,0U1,6,23,26,12,4,8,4,2,1,,,,,,,"Lin, Wen J","Shashikanth Raj Urs, Karthik Urs Bangalore","Do, Hung P","Xia, Jing","Buyukkahraman, Gozde","Ratevosyan, Richard",wenju,wen ju lin
BIOL,2311,0U1,,47,,,10,,,8,,,1,,,,,"Maitra, Meenakshi","Salamat, Narges","Soladogun, Adedamola S",,,,candas,mehmet candas
BIOL,2312,0U1,8,11,7,7,8,4,4,3,2,3,1,,1,,,"Wu, Zhuoru","Yetkin, Celal E",,,,,candas,mehmet candas
BIOL,3101,0U1,8,8,13,3,2,3,2,,1,,,,,,,"Srikanth, Uma","Tian, Jing",,,,,ixb053000,irina borovkov
BIOL,3101,0U2,4,9,8,5,4,6,1,,,,,,,,,"Srikanth, Uma",,,,,,ixb053000,irina borovkov
BIOL,3101,0U3,12,7,4,4,4,3,,,,,,,,,,"Srikanth, Uma","Cao, Lian",,,,,ukrish,uma srikanth
BIOL,3101,0U4,4,8,6,7,2,1,1,,1,,,,,,,"Srikanth, Uma","Tandon, Neha Ramesh",,,,,ukrish,uma srikanth
BIOL,3101,0U5,4,8,8,3,2,6,1,,,,,,,,,"Srikanth, Uma","Upreti, Chahat",,,,,ukrish,uma srikanth
BIOL,3102,0U1,2,2,2,5,3,1,1,2,1,,,,,,,"Srikanth, Uma",,,,,,ukrish,uma srikanth
BIOL,3102,0U2,4,1,2,2,1,1,1,1,,,,1,,,,"Srikanth, Uma","Alemi, Parinazsadat",,,,,ukrish,uma srikanth
BIOL,3102,0U3,2,3,2,6,4,7,4,1,1,,,,,,,"Srikanth, Uma","Bautista, Monica A",,,,,ukrish,uma srikanth
BIOL,3161,0U1,,9,8,7,10,9,6,4,1,1,,,,,,"Candas, Mehmet",,,,,,candas,mehmet candas
BIOL,3161,0U2,1,4,7,15,10,5,3,3,2,,,1,,,,"Candas, Mehmet",,,,,,candas,mehmet candas
BIOL,3161,0U3,2,9,4,13,7,8,5,2,1,,,,1,,,"Candas, Mehmet",,,,,,candas,mehmet candas
BIOL,3162,0U1,1,1,5,9,4,2,3,,,,,,,,,"Candas, Mehmet",,,,,,candas,mehmet candas
BIOL,3162,0U2,,2,3,,2,3,1,,,,,,,,,"Candas, Mehmet",,,,,,candas,mehmet candas
BIOL,3162,0U3,1,1,1,2,5,1,,2,1,,,,,,,"Candas, Mehmet",,,,,,candas,mehmet candas
BIOL,3301,0U1,31,38,39,25,14,19,5,,2,,,,,,,"Srikanth, Uma","Tandon, Neha Ramesh","Cao, Lian","Upreti, Chahat","Tian, Jing",,ixb053000,irina borovkov
BIOL,3302,0U1,8,6,6,13,8,9,6,4,2,,,1,,,,"Srikanth, Uma","Thomas-Jardin, Shayna E","Alemi, Parinazsadat","Bautista, Monica A",,,ukrish,uma srikanth
BIOL,3361,0U1,3,21,15,32,23,21,12,9,3,1,,,1,,,"Candas, Mehmet","Ashrafi, Adnin","Kunder, Nikesh Prakash","Chen, Hao",,,candas,mehmet candas
BIOL,3362,0U1,2,4,7,10,10,5,4,2,1,,,,,,,"Candas, Mehmet","Petter, Andrew T","Song, Ming","Ray, Ashvini",,,candas,mehmet candas
BIOL,3380,1U1,,1,3,4,3,2,1,2,1,,4,,3,,,"Rippel, Scott A","Zhi, Jiahe",,,,,rippel,scott rippel
BIOL,3380,1U2,1,1,3,1,3,4,3,2,1,,,,2,,,"Pickett, Elizabeth A","Hulyalkar, Neha V",,,,,eaw016100,elizabeth pickett
BIOL,3380,1U3,1,,2,2,6,4,,2,1,3,1,,,,,"Rippel, Scott A","Konduri, Purna Chaitanya",,,,,rippel,scott rippel
BIOL,3380,1U4,2,3,4,,3,1,,2,,1,1,1,1,,,"Pickett, Elizabeth A","Wang, Tianyuan",,,,,eaw016100,elizabeth pickett
BIOL,3455,0U1,1,15,23,16,19,15,6,6,1,3,,1,3,,,"Ramirez, Ruben D","Zhang, Bei","Daescu, Kelly J","Zhang, Bo",,,rdr092000,ruben ramirez
BIOL,3456,1U1,1,6,2,3,1,5,,3,,,1,,,,,"Yu, Wen H",,,,,,why061000,wen ho yu
BIOL,3456,1U2,1,6,4,5,4,3,1,1,1,,,,,,,"Yu, Wen H",,,,,,why061000,wen ho yu
BIOL,3520,3U1,10,12,1,4,2,1,,,,,,,,,,"Mehta, Iti","Ebrahimzadeh Pirshahid, Tahmineh","Ratna, Tahira Amdid","Sawant, Namrata V",,,ixm121430,iti mehta
BIOL,3520,3U2,5,11,7,1,3,1,1,1,,,,,,,,"Mehta, Iti","Sharon, Belle M","Dahl, Haley C",,,,ixm121430,iti mehta
BIOL,4353,5U1,2,11,5,1,7,2,,3,,,1,,,,,"Burr, John G","Easterwood, Shayne","Lewis, Anthony J",,,,burr,john burr
BIOL,4366,5U1,2,7,,,5,,,,,,,,,,,"Burr, John G","Dey, Sanchareeka","Easterwood, Shayne",,,,burr,john burr
BIOL,4380,1U1,,5,2,7,7,,,1,1,,,,,,,"Braitsch, Caitlin M","Nowak, Chance M","Parekh, Trusha",,,,ixb053000,irina borovkov
BIOL,6341,5U1,,15,,,4,,,,,,,,,,,"Burr, John G","Dey, Sanchareeka","Easterwood, Shayne",,,,burr,john burr
BIOL,6345,5U1,,13,1,1,1,,,,,,,,,,,"Burr, John G","Easterwood, Shayne","Lewis, Anthony J",,,,burr,john burr
BIS,2190,0W1,15,3,,,1,,2,1,,,,,,,,"Edwards, Christopher W","Robinson, Katie L","Slattery, Ryan P",,,,cwe011000,christopher edwards
BIS,3320,091,2,1,4,1,3,1,1,,,,,,1,,,"Wright, David A",,,,,,jxh100220,jennifer hudson
BIS,3320,0U1,11,6,7,3,3,,,3,,,,,2,,,"Wright, David A",,,,,,wright,david wright
BLAW,2301,5U1,,7,5,14,11,11,8,4,6,,1,,9,,,"Betanzos, Christina L","Sandhu, Gurvinder",,,,,clb120030,christina betanzos
BMEN,3150,001,,,3,1,2,4,2,3,1,,,,,,,"Winter, Patrick M","Kashef, Sina",,,,,tma051000,tariq ali
BMEN,3320,0U1,2,2,1,3,2,1,1,,,,,,1,,,"Ali, Tariq M","Kian Pour, Bahareh",,,,,tma051000,tariq ali
BMEN,3350,0U1,2,2,3,5,4,3,1,1,,,1,,1,,,"Ali, Tariq M","Kian Pour, Bahareh",,,,,tma051000,tariq ali
BMEN,3402,0U1,1,2,,,1,1,2,1,2,,1,1,1,,,"Ardestani Khoubrouy, Soudeh","Kashef, Sina",,,,,sxa074200,soudeh khoubrouy
BMEN,4388,0U1,,3,10,8,9,3,4,,,,,,,,,"Polk, Todd W",,,,,,twp017000,todd polk
BMEN,4V95,5U1,14,10,3,1,1,,,,,,,,,,,"Porter, Benjamin A","Kashef, Sina",,,,,bap061000,benjamin porter
BPS,4305,0U1,28,2,2,2,2,3,,1,1,,,,2,,,"Carraher, Shawn M",,,,,,smc130730,shawn carraher
BPS,4305,5E1,12,1,1,,1,2,,,,,1,,1,,,"Carraher, Shawn M",,,,,,smc130730,shawn carraher
BPS,4305,5U1,,12,10,8,8,2,,,,,,2,,,,"Kim, Dong Shin",,,,,,smc130730,shawn carraher
BPS,6310,0W1,,20,4,2,,,,,,,,,1,,,"Kaplan, Marilyn R",,,,,,chasteen,larry chasteen
BPS,6310,GW1,,11,3,1,,,,,,,,,,,,"Choi, Emily",,,,,,exc113230,emily choi
BPS,6310,MBP,,20,6,3,4,,1,,,,,,,,,"Chasteen, Larry H","Balaji, Pavithra",,,,,chasteen,larry chasteen
BPS,7303,0U1,,21,,,,,,,,,,,,,,"Watson, John M",,,,,,jmw077000,john watson
BUAN,6312,0W1,,6,10,14,4,3,1,,,,,,,,,"Blueshtein, Moran","Smith, Jake A",,,,,mxb135230,moran blueshtein
BUAN,6320,0U1,,22,,,,,,,,,,,,,,"Narayan, Ravishankar L","Kulkarni, Aniket S",,,,,rln130030,ravishankar narayan
BUAN,6320,SW1,,11,,,,,,,,,,,,,,"Narayan, Ravishankar L","Kulkarni, Aniket S",,,,,rln130030,ravishankar narayan
BUAN,6337,0W1,,11,19,6,,,,,,,,,,,,"Subramanian, Upender","Alavi, Seyyedeh Soogand",,,,,uxs092000,upender subramanian
BUAN,6340,5U1,,30,8,3,4,2,1,,,,,,,,,"Parker, Jason A","Zhang, Hong",,,,,jap090020,jason parker
BUAN,6341,0W1,,12,4,3,8,1,,,,,,,,,,"Sohaee, Nassim",,,,,,nxs045000,nassim sohaee
BUAN,6346,5U1,,20,5,,2,,,,,,,,,,,"Perez, Jerry","Kulkarni, Aniket S",,,,,jxp180019,jerry perez
BUAN,6346,5U2,,51,,,,,,,,,,,,,,"Elkhodari, Gasan",,,,,,gxe051000,gasan elkhodari
BUAN,6356,5U1,,20,1,,1,,,,,,,,,,,"Johnston, Walter L",,,,,,wlj031000,walter johnston
BUAN,6356,5U2,,1,4,,2,3,,,,,,,,,,"Chatterjee, Sourav",,,,,,jap090020,jason parker
BUAN,6357,0U1,,3,5,4,2,1,,,,,,,,,,"Chatterjee, Sourav","Sun, Kai",,,,,sxc180075,sourav chatterjee
BUAN,6398,5U1,,6,2,2,1,5,3,2,,,,,,,,"Ramezani, Rasoul","Zhang, Minmin",,,,,axa134231,athena alimirzaei
CE,3201,0U1,1,3,2,3,,,,,,,1,,,,,"Nikoubin, Tooraj","Steele, Alec M","Jain, Apurva",,,,kamran,kamran kiasaleh
CE,3202,0U1,,2,1,1,5,,,3,1,,,,,,,"Kiasaleh, Kamran","Apalak, Merve",,,,,kamran,kamran kiasaleh
CE,3301,0U1,3,10,,1,2,1,,2,1,,,1,1,,,"Tacca, Marco","Abousaba, Mohammad F","Wang, Jianda",,,,kamran,kamran kiasaleh
CE,3310,0U1,1,2,1,2,4,4,2,8,2,,,,1,,,"Lee, Jeong-Bong",,,,,,jblee,jeong bong lee
CE,3311,5U1,,5,1,4,1,,,,,,,,,,,"Sechen, Carl","Hu, Bo","Palit, Prithviraj",,,,cms057000,carl sechen
CE,3320,0U1,1,3,2,1,2,,2,,,,2,,,,,"Nikoubin, Tooraj","Sears, Mark R",,,,,txn190011,tooraj nikoubin
CE,4389,0U1,3,5,,5,,,,,,,,,,,,"Bhatia, Dinesh","Gandluru, Veerabharathchandrareddy",,,,,dinesh,dinesh bhatia
CGS,3361,0U1,,4,1,3,1,,,,,1,1,,,,,"Cavazos, Jacqueline G","Lung, Tzu-Chen",,,,,mam089100,mitchell meltzer
CHEM,1111,1U1,5,4,4,2,3,3,,2,,1,,,2,,,"Dissanayake, Dushanthi S","Perez Medina, Luciano","Sheybani, Simin",,,,sgavva,sandhya gavva
CHEM,1111,1U2,12,4,1,,2,3,3,,,,1,1,2,,,"Qin, Yanping","Rifat, Samia","Ahrari, Samira","Firouzi, Hamid Reza","Yan, Qing",,aks057000,amandeep sra
CHEM,1112,1U1,6,6,2,1,2,1,2,,,,,2,3,,,"Qin, Yanping","Ahrari, Samira","Firouzi, Hamid Reza",,,,sgavva,sandhya gavva
CHEM,1112,1U2,6,7,2,2,2,2,1,,1,,,,2,,,"Huang, Yu","Sra, Amandeep K","Beck, Erling","Faisal, Tahmid",,,sgavva,sandhya gavva
CHEM,1311,0U1,10,33,19,22,11,8,6,6,6,,3,,2,,,"Sra, Amandeep K","Pope, Mitchell A","Alberto, Kevin A","Nguyen, Trang",,,aks057000,amandeep sra
CHEM,1312,0U1,8,29,17,13,11,19,6,8,9,,3,,6,,,"Huang, Yu","Tripathi, Kiran","Miller, Justin T","Shafie, Arefeh",,,dieckgr,gregg dieckmann
CHEM,2123,1U1,20,4,3,,,,,,1,,1,,,,,"Dissanayake, Dushanthi S","Gamage, Prabhath Lakmal",,,,,nxa124430,nimali abeykoon
CHEM,2123,1U2,13,7,3,3,,,,,1,,,,,,,"Cortes, Sergio J","Haque, Syed Fahad Bin",,,,,nxa124430,nimali abeykoon
CHEM,2123,1U3,6,8,2,2,,1,,,1,,,,,,,"Tran, Daniel N","Abbas, Muhammad",,,,,dnt019000,daniel tran
CHEM,2125,1U1,8,10,1,2,1,2,,1,1,1,,,,,,"Abeykoon, Nimali C","Shah, Tejas V",,,,,dxd122030,dushanthi dissanayake
CHEM,2125,1U2,10,13,3,1,,,,,,,,,1,,,"Abeykoon, Nimali C","Hernandez, Jayoh A",,,,,scortes,sergio cortes
CHEM,2125,1U3,10,8,3,1,2,1,,,,1,,,,,,"Abeykoon, Nimali C","Lumata, Jenica",,,,,axk113330,
CHEM,2323,0U1,13,16,7,12,12,14,9,5,4,8,,,5,,,"Tran, Daniel N","Boardman, Samuel",,,,,sibertj,john sibert
CHEM,2325,0U1,10,13,15,13,15,4,8,9,9,,10,,2,,,"Sibert, John W",,,,,,scortes,sergio cortes
CHEM,3361,0U1,,1,4,3,4,1,2,1,1,,,1,,,,"Candas, Mehmet","Ashrafi, Adnin","Kunder, Nikesh Prakash","Chen, Hao",,,candas,mehmet candas
CLDP,3310,5U1,,4,2,2,2,2,1,,1,,,,,,,"Smith, Olivia","Hafiz, Mariam",,,,,dbonner,deborah bonner
CLDP,3342,0U1,11,9,2,1,2,,,,,1,,,,,,"Barfoot, John W","Camacho, Natalia S",,,,,jwb043000,john barfoot
COMD,5340,0U1,,26,,,,,,,,,,,,,,"Aldridge, Michelle A",,,,,,aldridge,michelle aldridge
COMD,6377,0U1,,11,,,1,,,,,,,,,,,"Kenedi, Helen","Sale, Felicity F",,,,,kenedi,
COMD,6V09,0U1,,41,,,,,,,,,,,,,2,"Aldridge, Michelle A",,,,,,aldridge,michelle aldridge
COMD,7303,0U1,,104,,,4,,,,,,,,,,,"Dean, Lucinda L","Kenedi, Helen","Poudel, Sonali",,,,lxl018300,
COMD,7323,0U1,,16,,,1,,,,,,,,,,2,"Sweeney, Melissa",,,,,,msweeney,
COMD,7345,0U1,,40,,,3,,,,,,,,,,14,"Cook, Lori G","Berglund, Amy",,,,,lgc011100,lori cook
COMD,7V68,0U1,,37,,,,,,,,,,,,,1,"Sale, Felicity F",,,,,,ffs013000,
COMD,7V89,0U1,,30,1,,,1,,,,,,,,,2,"Walsh, Diane G","Moustafa, Rana",,,,,dxg022000,diane walsh
COMM,1311,001,1,1,5,4,2,1,1,,,,1,,1,,,"Arnold, Bob",,,,,,blb140430,barbara baker
COMM,1311,0W1,5,4,7,1,2,1,,,,,,,1,,,"Templeton, Allison A",,,,,,contemp,karen baynham
COMM,1311,0W2,14,4,,2,1,1,,,,,,,,,,"Tanner, Lari J",,,,,,aam141730,allison templeton
COMM,1311,0W4,5,2,1,1,,,,,,,,,2,,,"Moss, Daniel J",,,,,,ljt130130,lari tanner
COMM,3352,0H1,9,6,,,1,,1,1,,,,,1,,,"Johnson, Janet L",,,,,,cxl085200,carie king
COMM,4370,051,,16,4,,,,,,,,,,,,,"Hernandez-Katz, Melissa M",,,,,,mhkatz,melissa hernandez katz
CRIM,1301,0U1,,3,6,1,,3,1,,,,,,,,,"Hernandez, Richard",,,,,,jxr122330,
CRIM,1307,0U1,1,4,3,1,3,1,1,1,2,,,2,1,,,"Han, Sungil",,,,,,dxd171830,dragana derlic
CRIM,3301,0W1,1,10,7,6,4,3,,2,3,1,1,,1,,,"Yim, Haneul","Sanil Mannumood, Merin",,,,,mxs158030,haneul yim
CRIM,3302,0W1,10,6,2,1,,,,,,,1,,1,,,"Polk, Elmer O",,,,,,peo091000,elmer polk
CRIM,3310,0U1,,28,,,4,,,8,,,3,,2,,,"Park, Yeonjae","Kanvinde, Vrishali",,,,,spg160530,sarah gammell
CRIM,3311,0U1,,2,1,2,2,1,5,2,,,,1,,,,"Riddell, Jordan R",,,,,,jxr122330,
CRIM,3320,0U1,5,11,10,11,4,,3,,1,,1,,1,,,"Corey, Jessica","Hayslip, Melissa P",,,,,mxh160630,michael huskey
CRIM,3324,0W1,5,7,7,6,9,7,8,3,,,,1,2,,,"Derlic, Dragana","Sanders, Whitney S",,,,,oae140130,fenny omobolanle
CRIM,6308,0W1,,17,1,,,,,,,,,,,,,"Polk, Elmer O",,,,,,peo091000,elmer polk
CRWT,3307,551,3,3,3,,,1,1,,,,,,,,,"Hashim, Sahalie S",,,,,,sxh126730,sahalie hashim
CS,1134,1U1,18,,1,1,,,,1,,,,,,,,"Min, Richard K",,,,,,gxa120930,gordon arnold
CS,1136,1U1,16,,2,,,,,,,1,,,,,,"Min, Richard K",,,,,,gxa120930,gordon arnold
CS,1136,1U2,9,,1,,1,,1,,2,,,,,,,"Min, Richard K",,,,,,gxa120930,gordon arnold
CS,1325,0U1,4,7,4,7,8,1,1,1,,,,,2,,,"Paulk, Mark C","Tian, Zijing",,,,,mcp130030,mark paulk
CS,1334,0U1,2,5,5,2,2,2,2,,,,1,,1,,,"Arnold, Gordon L",,,,,,axn112530,anurag nagar
CS,1335,0U1,1,5,4,1,3,4,,1,1,2,1,,,,,"Erbatur, Serdar","Guo, Hung-Jui",,,,,mgc013000,michael christiansen
CS,1336,0U1,2,6,3,2,3,6,1,,2,,,,3,,,"Arnold, Gordon L",,,,,,gxa120930,gordon arnold
CS,1336,5U1,3,5,2,5,2,,,1,2,,,,1,,,"Gupta, Neeraj K","Mahzari, Anahita","Guo, Jianxiong",,,,nkg140130,neeraj gupta
CS,1337,0U1,2,,2,3,5,2,4,4,1,1,2,1,4,,,"Shields, Charles O","Benton, Samuel D",,,,,cshields,charles shields
CS,1337,0U2,4,2,8,2,2,1,,5,,,,,2,,,"DeGroot, Doug","Guo, Hung-Jui","Benton, Samuel D",,,,kvl140030,khiem le
CS,2305,0U1,2,6,2,2,4,2,2,1,,1,,,3,,,"Feng, Ranran","Garg, Srishti",,,,,rxf090020,ranran feng
CS,2305,5U1,8,11,,,8,1,,,,,,,1,,,"Farage, Timothy P",,,,,,tfarage,timothy farage
CS,2336,0U1,18,6,2,2,1,1,,,,,,,,,,"Khan, Ziaullah","Song, Zihe","Lam, Tan D",,,,kkhan,ziaullah khan
CS,2336,0U2,,2,4,3,1,3,,1,,1,,1,2,,,"Feng, Ranran","Guo, Jinghui",,,,,kkhan,ziaullah khan
CS,2336,5U1,12,16,3,,,,,1,1,,,,,,,"Khan, Ziaullah","Lam, Tan D",,,,,kkhan,ziaullah khan
CS,3305,0U1,4,25,,1,3,,1,,,,1,,,,,"Farage, Timothy P",,,,,,tfarage,timothy farage
CS,3305,0U2,2,2,6,6,9,3,,1,,,,,,,,"Prakash, Ravi",,,,,,gxi160230,genya ishigaki
CS,3305,0U3,3,4,7,4,4,2,1,,2,,1,,,,,"Kumar, Pushpa S","Guo, Junfeng",,,,,pkumar,pushpa kumar
CS,3340,0U1,2,3,5,3,3,3,3,4,,1,,2,,,,"Mazidi, Karen J","Kobayashi, Hideo","Kong, Zelun",,,,kjm160430,karen mazidi
CS,3340,0U2,12,3,4,4,3,5,1,3,,,1,,,,,"Karami, Gity","Kong, Zelun","Wang, Haoliang",,,,kjm160430,karen mazidi
CS,3341,0U1,15,4,4,4,6,3,2,1,2,,1,1,2,,,"Whalen, Tristan G","Zhen, Zhiwei","Wasala Mudiyanselage, Indrajith K",,,,tgw100020,tristan whalen
CS,3345,0U1,5,8,1,3,3,3,,,,1,,,,,,"Ozbirn, Greg A","Wang, Guanghua","Gour, Riti",,,,ozbirn,greg ozbirn
CS,3345,0U2,2,6,3,5,3,1,2,,,1,,,,,,"Ozbirn, Greg A","Hu, Linghuan",,,,,ozbirn,greg ozbirn
CS,3345,5U1,9,5,,2,,,,,,,,,,,,"Khan, Ziaullah",,,,,,kkhan,ziaullah khan
CS,3354,0U1,6,10,5,,1,1,,,,,,,,,,"Smith, Klyne","Yu, Linlin",,,,,mxn143230,mehra borazjany
CS,3354,5U1,3,7,3,1,2,,1,,1,,1,,,,,"Paulk, Mark C","Tian, Zijing",,,,,mcp130030,mark paulk
CS,3360,5U1,2,3,,1,1,2,,1,1,,1,,2,,,"Arnold, Gordon L",,,,,,gxa120930,gordon arnold
CS,3377,0W1,6,4,6,8,3,3,3,2,,,,,,,,"Min, Richard K","Rangasamy, Obuli Vignesh",,,,,rkm010300,richard min
CS,4141,6U1,15,2,2,1,2,,,1,,,,,,,,"Nguyen, Nhut","Malouf, Brian D",,,,,nhutnn,nhut nguyen
CS,4301,0U1,14,1,6,2,2,3,2,2,1,,,,1,,,"Karami, Gity","Wang, Haoliang",,,,,gxk180009,gity karami
CS,4336,0U1,11,8,5,4,2,1,,,1,,,1,4,,,"Ozbirn, Greg A","Wang, Guanghua",,,,,ozbirn,greg ozbirn
CS,4337,0U1,4,8,5,3,,2,1,,2,,,,,,,"Davis, Chris I","Liu, Bohan",,,,,cid021000,chris davis
CS,4337,0U2,12,2,2,5,1,2,1,1,2,,2,,1,,,"Karami, Gity","Ricks, Brian W",,,,,gxk180009,gity karami
CS,4341,0U1,1,4,6,3,2,,,,3,3,2,,1,,,"Nguyen, Nhut","Malouf, Brian D",,,,,nhutnn,nhut nguyen
CS,4347,0U1,1,13,4,5,1,,,1,1,1,,,1,,,"Cankaya, Ebru C","Li, Xiao",,,,,exc067000,ebru cankaya
CS,4347,0U2,6,3,4,5,1,,,,,,1,,1,,,"Christiansen, Michael G","Garg, Srishti",,,,,mgc013000,michael christiansen
CS,4348,0U1,3,4,9,4,8,7,1,,2,,1,,,,,"Christiansen, Michael G","Mukherjee, Kunal",,,,,sxb155530,
CS,4348,5U1,1,3,2,4,2,5,,,3,,,1,2,,,"Salazar, Elmer E","Wang, Chengen",,,,,ees101020,elmer salazar
CS,4349,0U1,7,13,3,1,7,,,1,,,,,,,,"Cankaya, Ebru C","Ashtiani, Omeed E","Guo, Junfeng",,,,exc067000,ebru cankaya
CS,4349,0U2,1,7,7,2,2,3,1,,,,,,,,,"Erbatur, Serdar",,,,,,sxe190003,serdar erbatur
CS,4349,0U3,,5,4,3,1,1,1,,,,,,,,,"Chitturi, Bhadrachalam","Patel, Dhruvkumar R",,,,,chalam,chitturi bhadrachalam
CS,4375,0U1,,3,10,8,4,1,,2,,1,,,1,,,"Mazidi, Karen J","Kobayashi, Hideo",,,,,kjm160430,karen mazidi
CS,4375,0U2,4,8,5,8,1,3,,,,,,,1,,,"Nagar, Anurag","Guo, Jinghui",,,,,kjm160430,karen mazidi
CS,4384,0U1,2,4,4,3,,4,5,2,3,2,2,1,3,,,"Shields, Charles O","Wang, Chengen",,,,,cshields,charles shields
CS,4384,0U2,1,4,8,3,3,,,,,,,,,,,"Davis, Chris I","Wu, Zhouxiang",,,,,cid021000,chris davis
CS,4390,0U1,1,2,4,4,2,3,1,3,,1,1,,2,,,"Le, Khiem V","Gour, Riti",,,,,kvl140030,khiem le
CS,4390,0U2,,4,3,4,5,3,,3,1,,2,,,,,"Nguyen, Nhut","Kobayashi, Hideo","Mai, Kelvin K",,,,jcobb,jorge cobb
CS,4393,0U1,1,6,3,3,6,,,2,3,,,,,,,"Nguyen, Nhut","Mai, Kelvin K",,,,,nhutnn,nhut nguyen
CS,5343,0U1,,7,3,1,3,,,,,,,,,,,"Gupta, Neeraj K","Li, Xiao",,,,,nkg140130,neeraj gupta
CS,6301,0U1,,14,13,4,,,,,,,,,,,,"Nagar, Anurag","Wu, Zhouxiang",,,,,bxt043000,bhavani thuraisingham
CS,6301,0U3,,24,,,,,,,,,,,,,,"Thuraisingham, Bhavani","Ricks, Brian W",,,,,bxt043000,bhavani thuraisingham
CS,6314,5U1,,6,4,,,,,,,,,,,,,"Min, Richard K","Patel, Dhruvkumar R",,,,,rkm010300,richard min
CS,6350,0U1,,11,12,8,2,,,,,,,,,,,"Nagar, Anurag","Wang, Huaduo","Wu, Zhouxiang",,,,axn112530,anurag nagar
CS,6359,0U1,,4,4,4,4,,,,,,,,,,,"Zhang, Kang","Mukherjee, Kunal",,,,,mxn143230,mehra borazjany
CS,6360,5U1,,16,9,2,5,,,,,,,,,,,"Davis, Chris I","Liu, Bohan",,,,,cid021000,chris davis
CS,6363,0U1,,13,20,5,2,,,,,,,,,,,"Chandrasekaran, Ramaswamy","De, Partha",,,,,chandra,ramaswamy chandrasekaran
CS,6364,0U1,,22,8,2,1,2,2,2,,,,,,,,"Schweitzer, Haim","Jin, Rong",,,,,haim,haim schweitzer
CS,6366,0U1,,8,6,5,3,2,,2,,,,,1,,,"Zhang, Kang","Malik, Hemant",,,,,kzhang,kang zhang
CS,6367,0U1,,8,1,1,1,,,,,,,,,,,"Wong, Weichen E",,,,,,wew021000,weichen wong
CS,6375,5U1,,7,5,5,9,1,1,2,,,,,1,,,"Schweitzer, Haim","Wan, Guihong",,,,,haim,haim schweitzer
CS,6375,MU1,,7,2,1,,,,,,,,,,,,"Nagar, Anurag",,,,,,axn112530,anurag nagar
CS,6378,0U1,,5,8,4,7,1,,1,,,,,,,,"Mittal, Neeraj","Wang, Huaduo",,,,,nxm020100,neeraj mittal
CS,6385,0W1,,22,,2,2,,,3,,,,,,,,"Farago, Andras","Guo, Jianxiong",,,,,farago,andras farago
DANC,1310,0H1,4,17,9,2,5,,,1,,,,,,,,"Saba, Monica",,,,,,msaba,monica saba
ECON,2301,0U1,7,12,5,2,2,3,,1,2,,,,,,,"Han, Minyu",,,,,,zxc151030,zhengyang chen
ECON,2302,0U1,5,5,7,3,4,6,3,4,1,,,,2,,,"Hou, Aoyu",,,,,,axh153230,
ECON,2302,5U1,1,5,5,4,4,3,2,,,,,,1,,,"Shi, Tianjian",,,,,,zxz110530,zeyu zhang
ECS,2361,0U1,,30,25,14,6,2,,,,,,,1,,,"McCaskill, John R",,,,,,jrm094020,john mccaskill
ECS,2361,0U2,,22,6,12,7,2,3,,,,,,,,,"Harrington, James","Park, Yong Jun",,,,,jxh134630,james harrington
ECS,2361,5U1,,30,17,11,11,2,1,,2,1,,,,,,"McCaskill, John R","Harrington, James","Park, Yong Jun",,,,jrm094020,john mccaskill
ECS,3390,051,12,6,1,,,,,,,,,,,,,"Montgomery, Christina",,,,,,lem150330,lindsay moore
ECS,3390,053,,12,1,2,2,,,,,,,,2,,,"Glauser, Janece B",,,,,,wac010100,wade crowder
ECS,3390,054,1,7,2,3,1,,,,1,,,,,,,"King, Carie S",,,,,,cxl085200,carie king
ECS,3390,055,4,8,,1,,1,2,,,,2,,,,,"King, Carie S",,,,,,cxl085200,carie king
ECS,3390,091,,14,,,2,,,2,,,,,,,,"Scally, Deborah A",,,,,,das,deborah scally
ECS,3390,092,,13,3,1,,,,,,,,,,,,"Mohsene, Laura L",,,,,,olive,laura mohsene
ED,4358,0W1,1,6,2,,1,2,1,1,,,,,2,,,"Root, Alexey",,,,,,aroot,alexey root
EE,3201,0U1,3,8,5,3,1,,,2,,,,,,,,"Nikoubin, Tooraj","Steele, Alec M","Jain, Apurva",,,,kamran,kamran kiasaleh
EE,3202,0U1,,12,4,1,3,2,2,1,1,,,,,,,"Kiasaleh, Kamran","Apalak, Merve",,,,,kamran,kamran kiasaleh
EE,3301,0U1,4,6,1,1,4,,1,2,2,,,,1,,,"Tacca, Marco","Abousaba, Mohammad F","Wang, Jianda",,,,kamran,kamran kiasaleh
EE,3302,0U1,2,2,1,,3,2,,,,,,,,,,"Kehtarnavaz, Nasser","Quayum, Ayon",,,,,sxa074200,soudeh khoubrouy
EE,3310,0U1,3,4,1,2,2,2,1,5,1,,,,2,,,"Lee, Jeong-Bong",,,,,,jblee,jeong bong lee
EE,3311,0U1,1,3,6,4,6,2,1,,,,,,,,,"Lee, Hoi","Chen, Chen","Xiong, Jiu",,,,sxp124631,siavash pourkamali
EE,3311,5U1,,2,8,5,2,1,,,,,,,,,,"Sechen, Carl","Hu, Bo","Palit, Prithviraj",,,,cms057000,carl sechen
EE,3320,0U1,3,,2,2,2,,1,,,,1,,,,,"Nikoubin, Tooraj","Sears, Mark R",,,,,txn190011,tooraj nikoubin
EE,4203,0U1,7,4,3,2,2,2,1,,1,,,,,,,"Kehtarnavaz, Nasser","Azarang, Arian","Majumder, Sharmin",,,,nxk019000,nasser kehtarnavaz
EE,4388,0U1,,14,6,2,,,,,,,,,,,,"Skinner, Neal G","Noor Shoudha, Shamman",,,,,dinesh,dinesh bhatia
EE,4389,0U1,3,19,2,6,1,,,,,,,,,,,"Bhatia, Dinesh","Gandluru, Veerabharathchandrareddy",,,,,dinesh,dinesh bhatia
EEBM,7V87,0W1,,14,,,,,,,,,,,,,,"Tamil, Lakshman",,,,,,laxman,lakshman tamil
EEOP,6314,0H1,,22,3,,,,,,,,,,,,,"Tamil, Lakshman",,,,,,laxman,lakshman tamil
EERF,7V89,0W1,,10,,,6,,,,,,,,,,,"Henderson, Rashaunda M","Virushabadoss, Nishanth",,,,,rmh072000,rashaunda henderson
ENGR,2300,0U1,4,6,4,3,9,,4,3,4,,2,,2,,,"Akin, Bilal","Li, Chen","Hassan, Rana A",,,,skinner,neal skinner
ENGR,3300,0U1,,26,2,3,12,1,,6,,,,,,,,"Ali, Mohammed Z","Upadhyay, Bhaskar R","Nourmohamadi, Hesam",,,,mohammed,ali mohammed
ENGR,3341,0U1,1,4,5,2,4,5,9,4,4,,,6,2,,,"Fonseka, John","Hassan, Rana A","Mahmoud, Mohamed H",,,,kjp,john fonseka
ENTP,3301,0U1,11,8,12,10,1,1,1,,,,,,,,,"Nichols, Paul M",,,,,,sxg172931,steven guengerich
ENTP,4340,0U1,20,25,3,,1,1,,1,,,,,,,,"Goodrich, Mary Beth W",,,,,,goodrich,mary beth goodrich
ENTP,6321,5U1,,3,,,6,,,1,,,,,,,,"Guttery, Randall",,,,,,rxg112530,randall guttery
ENTP,6370,0W1,,13,6,2,3,1,,,,,,,,,,"Kimzey, Jackie","Kwon, Jung Hyun",,,,,jxk092000,jackie kimzey
ENTP,6375,0W1,,5,3,1,,,,,,,,,1,,,"Bochsler, Daniel C",,,,,,dcb091000,daniel bochsler
EPPS,2301,5U1,,10,5,,2,1,,,,,,,,,,"Narvey, Chelsey",,,,,,dxz161530,chelsey narvey
EPPS,2302,5U1,,5,6,2,3,,,,,,,,1,,,"Cavallo De Oliveira, Paulo Marcio","Akarte, Prajakti V",,,,,sph120030,paulo marcio cavallo de oliveira
EPPS,7V81,001,,14,4,,3,,,,,,,,,,,"Ho, Karl","Yang, Yalin",,,,,bcalex,bobby alexander
FILM,1303,0U1,,7,2,,,,1,,,,,,,,,"Al-Habashneh, Eman Bahjat",,,,,,eba130130,eman al habashneh
FILM,3321,051,1,8,1,1,2,,,,,,,,,,,"Warren, Shilyh J",,,,,,sjw120030,shilyh warren
FIN,3305,5U1,,2,2,,10,1,,5,,,1,,,,,"Guttery, Randall",,,,,,jxl180030,julie lynch
FIN,3320,0U1,,7,10,7,4,6,1,1,2,,,,,,,"Heidtman, David M",,,,,,jxm158130,jeffrey manzi
FIN,3320,0U2,1,11,11,5,6,3,2,,,,,,,,,"Peabody, Stephen D",,,,,,jxm158130,jeffrey manzi
FIN,3320,0U3,2,10,16,5,4,,1,3,1,1,,,,,,"Peabody, Stephen D",,,,,,sdp093020,
FIN,3320,0W1,,15,12,7,4,3,,1,,,,,,,,"Manzi, Jeff",,,,,,jxm158130,jeffrey manzi
FIN,3320,5U2,2,8,6,4,4,2,2,1,1,1,1,,1,,,"Zhao, Yabo",,,,,,yxz163130,yabo zhao
FIN,3330,0U1,,13,,,3,,,5,,,,,,,,"Lynch, Julie",,,,,,sdp093020,
FIN,3340,0U1,27,11,5,1,,,1,1,,,,,,,,"Molina, Stephen","Wendel, Alexa P",,,,,sxm163630,stephen molina
FIN,3350,0U1,,15,,,5,,,,,,,,,,,"Smith, Kenneth L",,,,,,jrr013500,james richards
FIN,3360,0U1,1,5,7,6,12,4,,,2,,,,1,,,"Pedigo, Madison F",,,,,,mfp013000,madison pedigo
FIN,3390,5U1,6,5,6,3,8,6,5,4,4,1,2,,2,,,"El-Ashmawi, Amal H","Zhu, Yifan",,,,,ahe013000,amal el ashmawi
FIN,3395,5U1,,3,3,2,3,3,,,,,,,,,,"Noland, Jeff",,,,,,jxn125330,jeff noland
FIN,4300,0U1,3,2,1,2,3,8,4,1,3,,1,,1,,,"Kim, Sang Hyun",,,,,,swx170030,
FIN,4310,0U1,1,4,,4,9,4,8,3,3,,1,,2,,,"Anderson, Frank W",,,,,,jrm160330,jennifer murray
FIN,6301,0W1,,44,,,5,,,,,,,,,,,"El-Ashmawi, Amal H","Zhu, Yifan",,,,,tday,theodore day
FIN,6301,5U1,,10,4,2,3,3,1,,,,,,,,,"Baranchuk, Nina",,,,,,rbk160130,revansiddha khanapure
FIN,6301,CW1,,20,3,2,3,2,,,,,,,1,,,"Reichert, Carolyn A",,,,,,carolyn,carolyn reichert
FIN,6301,PU1,,16,2,3,2,1,1,,,,,,,,,"Reichert, Carolyn A",,,,,,carolyn,carolyn reichert
FIN,6301,XU1,,25,1,,5,1,,1,,,,,,,,"El-Ashmawi, Amal H","Zhu, Yifan",,,,,ahe013000,amal el ashmawi
FIN,6307,5U1,,12,3,1,3,1,,,,,,,,,,"Ma, Liping","Srivastava, Smriti",,,,,lxm133730,liping ma
FIN,6308,0W1,,8,,1,2,3,,,,,,,,,,"Lewin, Peter","Lee, Pil-Seng",,,,,plewin,peter lewin
FIN,6310,5U1,,18,3,1,1,1,,1,,,,,,,,"Kaur, Dupinderjeet","Lee, Pil-Seng",,,,,dxk110730,dupinderjeet kaur
FIN,6316,SU1,,6,6,5,3,2,,,,,,,,,,"Springate, David J",,,,,,spring8,david springate
FIN,6318,5U1,,18,9,4,3,,,,,,,,,,,"Ma, Liping","Srivastava, Smriti",,,,,lxm133730,liping ma
FIN,6350,0W1,,9,4,5,14,,,,,,,,,,,"Reichert, Carolyn A",,,,,,carolyn,carolyn reichert
FIN,6352,5U1,,5,2,1,3,,,,,,,,,,,"Springate, David J",,,,,,spring8,david springate
FIN,6360,5U1,,9,,1,,,1,,,,,,,,,"Kaur, Dupinderjeet","Lee, Pil-Seng",,,,,rxg170730,rajesh ghai
FIN,6360,SU1,,18,2,1,1,,,,,,,,,,,"Kaur, Dupinderjeet","Lee, Pil-Seng",,,,,dxk110730,dupinderjeet kaur
GEOG,3359,051,,13,7,4,1,1,,2,,,,1,1,,,"Vakulenko, Irina",,,,,,iav081000,irina vakulenko
GEOG,3382,051,3,5,3,1,,1,,,,,,,,,,"Vakulenko, Irina",,,,,,iav081000,irina vakulenko
GEOS,1303,051,11,15,4,2,1,,2,,1,,,,,,,"Griffin, William R","Wang, Ning",,,,,griffin,william griffin
GEOS,4300,0S1,4,11,2,,3,2,2,,,,,,,,,"Pirouz, Mortaza","Stine, Jonathan M","Akatakpo, Solomon O","Newman, Jordan W","Johnson, Samuel P","Geissman, John W",mxp180004,mortaza pirouz
GOVT,2305,0U1,,39,,,19,,,6,,,1,,3,,,"Eaton, John M","Stanaland, Leslie",,,,,jgc130130,
GOVT,2305,0U2,,28,,,14,,,4,,,,,2,,,"Eaton, John M","Stanaland, Leslie",,,,,rjl140330,ryan lux
GOVT,2306,0U1,,50,13,4,6,7,1,1,1,,,,,,,"Gutierrez Mannix, Carlos Daniel","Oketch, Christine E",,,,,ckc150230,carlos daniel gutierrez mannix
GOVT,2306,0U2,,56,16,2,3,2,1,2,,,,,3,,,"Gutierrez Mannix, Carlos Daniel","Oketch, Christine E",,,,,cxg172030,carlos gutierrez mannix
HCS,7376,5U1,,10,1,,,,,,,,,,,,,"Barfoot, John W",,,,,,jwb043000,john barfoot
HDCD,6370,0U1,,10,,1,,,,,,,,,,,,"Ewing, Donna M",,,,,,dme061000,donna ewing
HIST,1302,0U1,33,19,8,4,2,2,2,1,,,1,1,4,,,"Varghese, Shawn","Simmons, Alyssa",,,,,sxv140730,shawn varghese
HIST,2301,591,,26,,8,21,3,1,8,4,1,3,,4,,,"Volanto, Keith J","Zawng, Ze",,,,,kjv062000,keith volanto
HIST,3328,091,,2,4,2,4,,1,,,,,,4,,,"Dennis, Patrick W",,,,,,pdennis,patrick dennis
HIST,3379,051,1,4,,2,3,3,,1,,,1,,1,,,"Schulze, Jeffrey",,,,,,jxs072200,jeffrey schulze
HIST,4344,0W1,6,5,7,7,2,2,1,,,,,,,,,"Pfister, Debra H",,,,,,dhpf,debra pfister
HIST,6340,591,,2,5,3,,,,,,,,,,,,"Wilson, Michael",,,,,,mwilson,michael wilson
HLTH,1301,0W1,2,1,4,3,1,1,,,1,,,,,,,"Baetge, Claire",,,,,,cxb170330,claire baetge
HLTH,3300,0U1,,47,8,2,,,,3,,,,,,,,"Byrnes, Kathleen A",,,,,,kab019000,kathleen byrnes
HMGT,3301,5U1,7,16,7,4,2,,1,,,,,,,,,"Wylie, Mary",,,,,,brb051000,britt berret
HMGT,6320,CH1,,12,1,2,1,,,1,,,,,,,,"Jacob, Stephen",,,,,,,stephen jacob
HMGT,6331,5U1,,14,1,,1,,,,,,,,,,,"Malaise, Michael",,,,,,mhm130430,michael malaise
HMGT,6332,5U1,,18,9,3,1,3,2,,,,,,,,,"Ramanathan, Kannan",,,,,,kxr087000,kannan ramanathan
IMS,3310,0U1,2,5,23,11,2,2,1,,,,,,,,,"Bai, Xiaoou",,,,,,xxl133730,
IMS,3310,0U2,,16,,6,13,1,1,4,1,1,,1,2,,,"Henderson, Tom",,,,,,txh093000,tom henderson
IMS,3310,5U1,1,8,1,2,25,1,,1,1,,3,,4,,,"Henderson, Tom",,,,,,txh093000,tom henderson
IMS,6304,AW1,,11,,,4,,,,,,,,,,,"Petrik, Peter","McCracken, John",,,,,,peter petrik
IMS,6360,0W1,,37,21,14,3,,1,2,,,,,,,,"Olsztynska, Agnieszka","Welbourne Eleazar, Miranda J",,,,,kxs014600,kurt siklar
IPEC,4305,0U1,6,13,7,4,1,,,,1,,,,,,,"Islam, Iftekhairul",,,,,,ixi102020,
IPEC,4396,0U1,4,5,4,3,2,1,,,,,,,,,,"Saucedo De La Fuente, David",,,,,,sxd153330,david saucedo de la fuente
ISIS,3335,091,4,6,5,4,3,4,1,1,2,,,,1,,,"Rosa, Jonathan",,,,,,jxr172530,jonathan rosa
ISIS,4304,051,,17,,1,3,1,2,1,,,,,,,,"Werhnyak, Larissa",,,,,,lxw163630,larissa werhnyak
ISNS,2359,0W1,38,21,7,7,7,,2,,,,,2,5,,,"Pujana, Ignacio",,,,,,pxs077000,prabin shilpakar
ISNS,2367,0W1,17,24,13,8,10,4,1,3,1,,,2,9,,,"Pujana, Ignacio",,,,,,pujana,ignacio pujana
ISNS,2367,0W2,3,4,1,,2,,,,1,,,,,,,"Pujana, Ignacio",,,,,,pujana,ignacio pujana
ITSS,3300,0U1,,8,10,5,6,1,1,4,3,1,1,,2,,,"Shrivastava, Prakash C",,,,,,exa170230,
ITSS,3300,5U1,,43,2,3,3,2,,2,,1,,,,,,"Owens, Sean M","Kulkarni, Aniket S",,,,,jxs124931,
ITSS,3311,5U1,15,13,8,4,4,1,,,,,,,,,,"Mishra, Sailendra P",,,,,,yxk130930,yeongin kim
ITSS,3312,5U1,22,2,20,2,1,,3,6,,,,,,,,"Perez, Jerry","Kulkarni, Aniket S",,,,,mxy131030,
ITSS,3390,5U1,1,4,10,6,,,,,,,,,,,,"Arora, Vivek",,,,,,vxa081000,vivek arora
ITSS,4300,5U1,,5,4,3,6,4,4,2,1,,,,,,,"Owens, Dawn M",,,,,,dmo130130,dawn owens
ITSS,4330,0U1,,3,3,3,3,1,,1,,,1,,,,,"Islam, Naser",,,,,,nxi110630,naser islam
ITSS,4340,0U1,,4,3,4,5,3,,3,1,,,,1,,,"Thompson, Luell O",,,,,,lot013000,luell thompson
ITSS,4351,5U1,,17,7,4,2,2,,1,,1,,,,,,"Shekhar, Gaurav",,,,,,gxs150130,gaurav shekhar
ITSS,4352,0U1,7,2,3,1,3,1,1,,1,2,,,1,,,"Bradbury, Judd D",,,,,,jdb101000,judd bradbury
ITSS,4360,5U1,5,19,6,4,3,3,1,,,,,,,,,"Howe, Nate","Zhang, Hong",,,,,ndt180001,nambi thirumalai
ITSS,4370,0U1,12,5,9,2,1,,,1,,,,,1,,,"Fuller, Tony F","Liu, Yihong",,,,,tff170130,tony fuller
ITSS,4V95,5U1,16,6,,1,5,,1,,,,,,,,,"Khan, Taimur A",,,,,,txk123530,taimur khan
LANG,3348,051,7,2,1,1,,,,,,,1,,,,,"Camacho-Guardado, Lorena",,,,,,lxc163230,amalia lorena camacho guardardo
LIT,1301,0U1,4,,7,2,,2,1,1,,,,,,,,"Oliver, Stephanie R",,,,,,sxo180009,stephanie oliver
LIT,2331,0U1,7,8,6,3,,,,1,,,,,3,,,"Shierry, Addison",,,,,,axs084500,addison shierry
LIT,3317,0U1,4,3,1,7,,1,,,,,1,,2,,,"Starnaman, Sabrina",,,,,,sxs090100,sabrina starnaman
LIT,3319,0U1,9,1,1,1,,,,,,,,,1,,,"Ingrao, Peter J",,,,,,jingrao,peter ingrao
LIT,3337,051,,14,4,,1,,,,,,,,2,,,"Brewer, Kenneth L",,,,,,klb092000,kenneth brewer
MAS,6102,0U1,,,,,,,,,,,,,1,,21,"Cirilo, Jason M","Jones, Royce E",,,,,jmc180002,jason cirilo
MATH,1306,0U1,4,2,1,2,2,,,,,,,,1,,,"Duruoha, Adannah",,,,,,dxm146130,derege mussa
MATH,1325,5U1,3,3,3,1,8,1,1,2,,,,,1,,,"Adabrah, Anani Komla","Mitra, Arnaja",,,,,cxl109120,changsong li
MATH,1325,5U2,4,1,4,1,3,1,,,,,,,1,,,"Foley, Manjula","Soliman, Marwah M",,,,,mxf091000,manjula samanmalee foley
MATH,1326,0U1,2,6,4,2,6,2,2,4,,,1,,2,,,"Mussa, Derege","Cao, Jianpeng",,,,,cxl109120,changsong li
MATH,1326,0U2,2,5,1,3,9,6,4,3,1,,,2,1,,,"Nguyen, Mylinh T","Zhang, Yu",,,,,bcm052000,brady mccary
MATH,2312,0U1,1,2,,2,2,1,1,,,2,,1,,,,"Nguyen, Mylinh T","Malhotra, Sakshi",,,,,kxa143530,kelly aman
MATH,2413,0U1,4,5,8,5,8,,1,,,,,,4,,,"Aman, Kelly","Alvarado, Iris",,,,,mma110020,mohammad akbar
MATH,2413,0U2,2,6,6,2,5,2,,,,,1,2,4,,,"Alvarado, Iris","Aman, Kelly",,,,,ila180000,iris alvarado
MATH,2414,0U1,6,3,7,8,5,2,1,2,2,,,1,1,,,"Ahsan, Mohammad K","Abugri, Clement","Ko, Eunmi","Rajapaksha, Lashika N",,,kxa143530,kelly aman
MATH,2414,0U2,5,4,1,4,9,3,2,4,2,1,1,,2,,,"Ahsan, Mohammad K","Abugri, Clement","Ko, Eunmi","Rajapaksha, Lashika N",,,kxa143530,kelly aman
MATH,2415,0U1,9,10,9,1,5,1,,4,1,,,,4,,,"Li, Changsong",,,,,,rxd153030,rabin dahal
MATH,2415,0U2,3,10,7,6,2,5,,1,3,,,,1,,,"Akbar, Mohammad M",,,,,,mma110020,mohammad akbar
MATH,2417,0U1,3,3,2,2,,4,1,2,3,,1,,2,,,"Martynova, Irina","Rawat, Richa",,,,,mka120030,mohammad ahsan
MATH,2418,0U1,6,5,11,4,6,3,2,1,2,1,2,,2,,,"Patel, Jigarkumar S",,,,,,rxd153030,rabin dahal
MATH,2418,0U2,3,8,8,1,3,1,3,4,,,1,,3,,,"Dahal, Rabin",,,,,,rxd153030,rabin dahal
MATH,2419,0U1,4,3,1,,4,1,2,,2,3,,,2,,,"Patel, Jigarkumar S","Brewer, Charlie P",,,,,axe031000,anatoly eydelzon
MATH,2420,0U1,5,6,5,9,3,5,8,4,6,,2,,1,,,"Paudel, Ajaya B","Hart, Russell A","K. C. Khatri, Rajendra",,,,vish,viswanath ramakrishna
MATH,2451,0U1,5,2,2,5,7,5,3,6,3,,,,1,,,"Eydelzon, Anatoly","Albelo-Cortes, Josean","Acharya, Subas",,,,axe031000,anatoly eydelzon
MATH,3310,0U1,3,3,2,1,3,1,,,,,,,,,,"Ramakrishna, Viswanath","Helal, Md Abu",,,,,mkd034000,mieczyslaw dabkowski
MATH,4301,0U1,1,2,4,2,2,3,,,1,,2,,1,,,"Dabkowski, Mieczyslaw K","Wu, Che-Yu","Rakotomalala, Diarisoa Mihaja Andriamanisa",,,,mkd034000,mieczyslaw dabkowski
MECH,2310,0U1,1,7,3,1,3,1,,,,,,,2,,,"Thamban, P.L.Stephan",,,,,,stephan,p l stephan thamban
MECH,2330,0U1,,5,1,2,1,2,3,1,1,,1,,,,,"Thamban, P.L.Stephan",,,,,,stephan,p l stephan thamban
MECH,3105,0U1,8,5,5,5,4,,1,1,1,,,,,,,"Rios, Oziel","Sadeh, Sepehr",,,,,oxr106020,oziel rios
MECH,3150,0U1,4,11,3,3,1,,,1,,,1,,,,,"Park, Wooram","Gleason, Glenn H",,,,,wxp103020,wooram park
MECH,3305,0W1,6,6,4,2,2,5,1,1,1,,,,,,,"Rios, Oziel","Sadeh, Sepehr",,,,,dzf091000,dani fadda
MECH,3310,0U1,2,2,1,1,1,,2,,1,,,,1,,,"Hassanipour, Fatemeh",,,,,,fxh091000,fatemeh hassanipour
MECH,3320,0U1,2,11,4,10,7,7,5,4,4,1,2,,1,,,"Fadda, Dani Z","Mueller, Matthew W",,,,,dzf091000,dani fadda
MECH,3350,0U1,,2,2,3,1,1,,,,,,,1,,,"Park, Wooram",,,,,,wxp103020,wooram park
MECH,3360,0U1,4,3,4,4,5,3,,,,,,,,,,"Ryu, III",,,,,,ixr161130,
MECH,4340,0U1,,7,8,7,12,4,5,2,2,,,,,,,"Park, Wooram","Gleason, Glenn H",,,,,wxp103020,wooram park
MECH,4381,0U1,,10,9,6,11,6,2,2,1,,,,,,,"Hart, Robert A","Subramanian, Divya",,,,,rxh124630,robert hart
MECH,4381,0U2,,6,11,9,9,5,1,2,,,,,,,,"Hart, Robert A","Subramanian, Divya",,,,,rxh124630,robert hart
MECO,6303,0W1,,10,2,9,8,,,,,,,,,,,"Lewin, Peter","Lee, Pil-Seng",,,,,plewin,peter lewin
MECO,6303,5U1,,6,5,4,,2,,,,,,,,,,"Kiser, Stephen L",,,,,,slk012100,stephen kiser
MECO,6303,AW1,,23,2,1,,1,,,,,,,1,,,"Kiser, Stephen L",,,,,,slk012100,stephen kiser
MIS,6204,CH1,,12,4,4,4,,,,,,,,,,,"Rhoades, Mike",,,,,,,mike rhoades
MIS,6308,0W1,,11,10,9,8,3,3,,,,,,,,,"Raghunathan, Srinivasan",,,,,,sraghu,srinivasan raghunathan
MIS,6309,5U1,,8,4,4,1,1,,,,,,,,,,"Islam, Naser",,,,,,nxi110630,naser islam
MIS,6313,5U1,,40,5,1,1,2,,,,,,,,,,"Fuller, Tony F","Liu, Yihong",,,,,tff170130,tony fuller
MIS,6313,GW1,,15,7,8,4,,,1,,,,,,,,"Wiant, Russell B",,,,,,,russell wiant
MIS,6320,0W1,,6,2,1,2,,1,,,,,,,,,"Cavusoglu, Huseyin","Liu, Yihong",,,,,huseyin,huseyin cavusoglu
MIS,6326,0W1,,10,9,6,5,1,,,,,,,,,,"Ryu, Young","Liu, Yihong",,,,,ryoung,young ryu
MIS,6330,5U1,,12,6,6,,,,,,,,,,,,"Lahiri, Atanu","Zhang, Hong",,,,,nxh141030,nate howe
MIS,6341,0W1,,11,4,5,4,,,,,,,,,,,"Sohaee, Nassim",,,,,,nxs045000,nassim sohaee
MIS,6344,0U1,,4,4,3,1,1,2,,,,,,,,,"Singh, Harpreet","Zhang, Chenglong",,,,,jpb016300,joe beauchamp
MIS,6346,5U1,,21,3,,,,,,,,,,,,,"Perez, Jerry","Kulkarni, Aniket S",,,,,jxp180019,jerry perez
MIS,6346,5U2,,12,,,,,,,,,,,,,,"Elkhodari, Gasan",,,,,,gxe051000,gasan elkhodari
MIS,6356,5U2,,5,7,3,1,,1,,,,,,,,,"Chatterjee, Sourav",,,,,,jap090020,jason parker
MIS,6360,0W1,,16,6,3,2,3,,,,,,,,,,"Thouin, Mark",,,,,,mxt083000,mark thouin
MIS,6380,0W1,,17,6,1,2,,1,2,,,,,,,,"Bradbury, Judd D",,,,,,jdb101000,judd bradbury
MIS,6382,5U1,,23,13,2,1,2,,,,,,,,,,"Neouchi, Rabih",,,,,,rxn200012,rabih neouchi
MKT,3300,0U1,4,8,5,7,3,3,2,1,,,,1,1,,,"Kasaian, Keyvan",,,,,,jmg171130,jerome gafford
MKT,3300,0U2,2,7,4,4,1,1,1,1,,1,,,1,,,"Amirpour, Semiramis",,,,,,sxa130731,semiramis amirpour
MKT,3300,0W1,4,19,6,6,13,,,,,,,,,,,"Pahwa, Parneet","Elmi, Omid",,,,,pxp030100,parneet pahwa
MKT,3300,5U1,3,14,4,2,1,,,,,,,,,,,"Bigham, Ernest P",,,,,,kxd084000,keith dickinson
MKT,3330,0U1,11,14,2,,2,1,1,,,,,,,,,"Gafford, Jerome M",,,,,,sxa130731,semiramis amirpour
MKT,3340,5U1,5,7,6,4,3,2,1,1,,,,,1,,,"Kamatham, Sriharsha",,,,,,lfh170000,loretta hudelot
MKT,4330,0W1,5,6,5,9,5,5,1,1,,,,,1,,,"Edsel, Alexander D",,,,,,ade012000,alexander edsel
MKT,4334,5U1,,16,7,2,9,4,,1,,,,,1,,,"Pacyna, Sandra",,,,,,sxp158130,sandra pacyna
MKT,4335,0U1,4,2,2,,1,,,1,,,,,,,,"Gafford, Jerome M",,,,,,jmg171130,jerome gafford
MKT,4380,0W1,,3,1,1,4,3,1,,,,,,1,,,"Wu, Fang","Herd, Harrison L",,,,,fxw052000,fang wu
MKT,6301,0W1,,17,5,6,15,4,,,,,,,,,,"Pahwa, Parneet","Elmi, Omid",,,,,axb019100,abhijit biswas
MKT,6301,0W2,,13,5,2,10,,,,,,,,,,,"Pahwa, Parneet","Elmi, Omid",,,,,axb019100,abhijit biswas
MKT,6301,MBP,,13,8,10,6,2,,,,,,,,,,"Rajaratnam, Daniel",,,,,,dxr143430,daniel rajaratnam
MKT,6301,XU1,,21,6,4,,2,,,,,,,,,,"Albrecht, Maria","Raines, Marie H",,,,,mxa180037,maria albrecht
MKT,6309,0W1,,10,5,5,5,,,,,,,,,,,"Rajaratnam, Daniel",,,,,,murthi,b p murthi
MKT,6332,0W1,,10,9,8,3,1,1,,,,,,,,,"Biswas, Abhijit","Shetty, Reema R",,,,,axb019100,abhijit biswas
MKT,6339,0W1,,3,8,6,7,1,,,,,,,,,,"Rajaratnam, Daniel",,,,,,dxr143430,daniel rajaratnam
MKT,6352,0W1,,8,2,8,8,2,1,2,,,,,2,,,"Tirone, Guido",,,,,,gxt170001,guido tirone
MTHE,5326,0W1,,9,2,,,,,,,,,,,,,"Sutton, Julie","Stuart, Georgia K",,,,,jxs158030,julie sutton
NSC,3361,0U1,9,20,24,7,7,6,3,1,2,,,1,,,,"McWilliams, Steven P","Szabo-Pardi, Thomas A",,,,,sxm127330,steven mcwilliams
NSC,3361,0U2,15,6,7,4,3,3,3,4,4,,4,,3,,,"Taylor, Anna M","Lenert, Melissa E","Hong, Veronica M",,,,amt180004,anna taylor
NSC,4350,0U1,1,2,3,1,2,2,1,1,1,,,,,,,"Miller, Van S",,,,,,vxm077000,van miller
NSC,4351,0U1,9,5,2,1,5,2,2,1,1,,,,1,,,"Shareef, Safiullah M",,,,,,sms170009,safiullah shareef
NSC,4352,0U1,2,8,8,4,2,4,2,2,,,,,,,,"Raboune, Siham","Calderon, Debora",,,,,rxs170431,rukhsana sultana
NSC,4353,1U1,1,6,1,1,,1,,1,,,,,1,,,"McWilliams, Steven P","Brougher, Jackson J",,,,,sxm127330,steven mcwilliams
NSC,4353,1U2,2,1,2,3,2,1,,,,,,,,,,"Taylor, Anna M","Mei, Hao-Ruei",,,,,rxs170431,rukhsana sultana
NSC,4353,1U3,1,4,3,1,,3,,,,1,1,,,,,"Raboune, Siham","dos Santos, Natalia Lucia",,,,,sxr180071,siham raboune
NSC,4354,0U1,2,9,8,4,2,4,2,2,2,2,,1,,,,"Sultana, Rukhsana","Tseng, Ching-Tzu",,,,,rxs170431,rukhsana sultana
NSC,4356,0U1,,7,,,10,,,3,,,2,,,,,"Sultana, Rukhsana","Garner, Katherine M",,,,,rxs170431,rukhsana sultana
NSC,4363,0U1,,20,,,9,,,,,,,,,,,"Raboune, Siham","Naik, Dhananjay K",,,,,sxr180071,siham raboune
NSC,4366,0U1,6,4,1,6,2,3,,2,1,,4,,2,,,"Taylor, Anna M","Lehtonen, Derek","Newel, Jacqueline P",,,,amt180004,anna taylor
OB,6249,CW1,,20,,,1,,,,,,,,,,,"Hicks, Robert",,,,,,,robert hicks
OB,6301,0W1,,46,,,1,,,,,,,,,,,"Hasenhuttl, Maria","Kathuria, Nishant",,,,,ziegler,laurie ziegler
OB,6301,5U1,1,19,10,4,3,4,1,1,,,,,,,,"Olsztynska, Agnieszka","Welbourne Eleazar, Miranda J",,,,,vxk133330,virginie kidwell
OB,6301,CH1,,27,3,,,,,,,,,,,,,"Ferrante, Anne M",,,,,,,anne ferrante
OB,6307,0W1,,35,1,,4,,,,,,,,,,,"Richard, Orlando","Boncoeur, Olivier D",,,,,pretty,orlando richard
OB,6331,CW1,,23,,1,,,,,,,,,,,,"Hasenhuttl, Maria",,,,,,h1562,maria hasenhuttl
OB,6344,CW1,,30,5,2,3,,,,,,,,,,,"Norton, Larry",,,,,,,larry norton
OB,6348,CW1,,26,1,,,,,,,,,,,,,"Plaisance Bryan, Suzette T",,,,,,,suzette plaisance bryan
OB,6351,CW1,,12,7,1,,1,,,,,,,,,,"Norton, Larry",,,,,,,larry norton
OB,6352,CW1,,15,7,,1,,,,,,,,,,,"Hicks, Robert",,,,,,,robert hicks
OB,6382,CW1,,28,,,,,,,,,,,,,,"Plaisance Bryan, Suzette T",,,,,,,suzette plaisance bryan
OBHR,3310,0U1,13,10,10,7,4,1,2,1,,,,,,,,"Ritchey, David B",,,,,,davidr,david ritchey
OBHR,3330,0U1,17,18,7,4,4,2,1,,5,,1,,1,,,"Ritchey, David B",,,,,,davidr,david ritchey
OBHR,4300,0U1,6,11,5,14,,,,,,,1,,,,,"Edgington, Kyle D",,,,,,kde081000,kyle edgington
OBHR,4352,5U1,1,9,4,3,8,5,2,1,,1,,1,,,,"Ritchey, Kemberly A",,,,,,kar014400,kemberly ritchey
OPRE,3310,0U1,,12,,13,20,,,4,,,1,,,,,"Subramoniam, Ramesh","Gokcinar, Abdullah H",,,,,xxs130630,xi shan
OPRE,3310,0U2,,17,,6,19,,2,1,,,,,1,,,"Subramoniam, Ramesh","Gokcinar, Abdullah H",,,,,dxp153830,david parks
OPRE,3310,5U1,,32,,8,10,2,,4,,,,,2,,,"Mobini Dehkordi, Zahra",,,,,,yxc121130,ying cao
OPRE,3320,5U1,,5,,5,4,,,,,,,,,,,"Mozik, Vince C",,,,,,vcm170130,vince mozik
OPRE,3330,5U1,,6,4,2,1,1,,2,,,2,,,,,"Janke, Scott M",,,,,,smj160830,scott janke
OPRE,3333,0U1,7,14,6,9,6,8,4,7,6,,,,1,,,"Enayaty Ahangar, Negin","Rasulov, Toghrul",,,,,meb049000,monica brussolo
OPRE,3333,5U1,8,5,8,2,4,,1,2,,,1,,1,,,"Woldu, Malgorzata",,,,,,mxn121930,mohammad naseri
OPRE,3360,0U1,14,7,6,10,9,2,2,,1,,,3,2,,,"Farajbakhsh Mamaghani, Fariba",,,,,,axa134231,athena alimirzaei
OPRE,3360,0W1,5,8,7,5,12,4,2,,2,,1,,2,,,"Brussolo, Monica E","Rasulov, Toghrul",,,,,flannery,carol flannery
OPRE,3360,5U1,3,3,2,3,2,2,2,2,,,1,,1,,,"Sul, Inki",,,,,,mxn121930,mohammad naseri
OPRE,4330,5U1,6,6,,,,,,,,,,,,,,"Widdifield, David S",,,,,,dsw180001,david widdifield
OPRE,6301,0W1,,5,8,10,9,7,1,2,,,,,4,,,"Leach, Sonia E","Celik, Beyza",,,,,flannery,carol flannery
OPRE,6301,5U1,,8,7,2,7,6,3,1,,,,,,,,"Ahadi, Khatereh","Vu, Duc D",,,,,meb049000,monica brussolo
OPRE,6301,5U3,,6,2,5,4,1,1,1,,,,,,,,"Ahadi, Khatereh","Vu, Duc D",,,,,kxa180010,khatereh ahadi
OPRE,6301,CH1,,6,4,1,,2,,1,,,,,,,,"Kim, Dohyeong",,,,,,dxk132530,dohyeong kim
OPRE,6302,0W1,,15,14,10,4,1,,,,,,,,,,"Dawande, Milind","Vu, Duc D",,,,,milind,milind dawande
OPRE,6302,5U1,,3,4,5,2,2,3,,,,,,,,,"Leach, Sonia E","Celik, Beyza",,,,,sel120030,sonia leach
OPRE,6302,MBP,,21,9,4,5,,,,,,,,,,,"Subramoniam, Ramesh","Gokcinar, Abdullah H",,,,,rxs179630,ramesh subramoniam
OPRE,6302,PU1,,24,,1,1,,,,,,,,,,,"Widdifield, David S",,,,,,dsw180001,david widdifield
OPRE,6332,5U1,,40,10,3,2,2,2,,,,,,,,,"Ramanathan, Kannan","Zhang, Minmin",,,,,kxr087000,kannan ramanathan
OPRE,6362,5U1,,11,7,1,1,1,1,,,,,,,,,"Janke, Scott M",,,,,,smj160830,scott janke
PA,4355,0U1,9,10,6,1,1,,,,,,,,,,,"Noor, Muhammad Zeeshan",,,,,,mzn170030,muhammad zeeshan noor
PA,6335,5U1,,32,,,5,,,,,,,,,,,"Miori, Holly H",,,,,,hhm130030,
PA,6344,0W1,,42,,,,,,,,,,,,,,"Benavides, Teodoro J",,,,,,tjb051000,teodoro benavides
PA,8330,HN1,,19,1,1,,,,1,,,,,,,,"Shute, William H","Chin, Michelle L",,,,,whs170030,
PHIL,1301,091,,2,3,1,6,6,3,6,3,2,,,5,,,"Hasler, Carl","Suller, Cristian Carlo L",,,,,cxh165030,carl hasler
PHIL,3328,091,,2,4,1,5,4,,1,,,,,1,,,"Dennis, Patrick W",,,,,,pdennis,patrick dennis
PHYS,1301,0U1,8,17,15,15,4,,1,,,,1,1,2,,,"Khan, Amena","Schussler, Joshua A","Ali, Saif",,,,jds107020,jason slinker
PHYS,1302,1U1,25,9,2,1,2,,1,,,,,,1,,,"Malko, Anton V","Marder, Andrew A","Mahmud, Mohammad M",,,,kxs147030,kuei sun
PHYS,2125,1U1,2,19,4,,,,,,,,,,2,,,"Sun, Kuei","Panthi, Hari P","Iqbal, Mazhar","Dhale, Nikhil Uday","Sharon Felix, .",,kxs147030,kuei sun
PHYS,2125,1U2,4,15,3,3,,1,,,,,,,,,,"Sun, Kuei","Panthi, Hari P","Iqbal, Mazhar","Dhale, Nikhil Uday","Sharon Felix, .",,kxs147030,kuei sun
PHYS,2125,1U3,6,13,,4,2,,,,,,,,1,,,"Sun, Kuei","Sharon Felix, .","Dhale, Nikhil Uday","Iqbal, Mazhar","Panthi, Hari P",,kxs147030,kuei sun
PHYS,2125,1U4,1,11,,,,,,,,,,,2,,,"Sun, Kuei","Iqbal, Mazhar","Dhale, Nikhil Uday","Sharon Felix, .","Panthi, Hari P",,kxs147030,kuei sun
PHYS,2126,1U1,22,7,,2,,,,,,,,,,,,"Macalevey, Paul J","Dey, Soumyajit",,,,,paulmac,paul macalevey
PHYS,2126,1U2,17,6,4,,,,,,,,,,2,,,"Macalevey, Paul J","Fluckey, Stephen P",,,,,paulmac,paul macalevey
PHYS,2126,1U3,18,6,1,1,,,1,,,,,,,,,"Macalevey, Paul J","Koirala, Pawan",,,,,paulmac,paul macalevey
PHYS,2126,1U4,12,9,7,1,,,,,,,,,,,,"Macalevey, Paul J","Larsen, Cody",,,,,paulmac,paul macalevey
PHYS,2325,0U1,17,30,7,1,2,,1,1,1,,1,,2,,,"Ishak-Boushaki, Mustapha","Chinthak Murali, .","Waczak, John",,,,avm074000,anton malko
PHYS,2326,0U1,1,32,27,21,5,2,2,,,,1,1,,,,"Gartstein, Yuri","Romero, Angel E","Du, Mengxin",,,,yxg037000,yuri gartstein
PPPE,7V26,0U1,,21,,,,,,,,,,,,,,"Elliott, Euel W","Yuan, Jing",,,,,eelliott,euel elliott
PSCI,3310,0U1,6,5,9,3,2,1,2,,,1,1,,,,,"Rabbi, Md. Fazle",,,,,,mxr163630,md fazle rabbi
PSCI,3323,0U1,9,9,14,4,2,1,,,2,,,,,,,"Parker, Misty D",,,,,,mxp045000,misty parker
PSY,2301,0H1,9,8,10,8,4,3,1,,1,1,,1,6,,,"Brody, Salena M","Redig, Samantha L",,,,,smb051000,salena brody
PSY,2317,0U1,,,10,4,3,2,1,2,,2,1,,2,,,"Schwark, Gayle","Malaiya, Ritesh K",,,,,pdaniel,daniel pacheco
PSY,3310,5U1,5,7,8,8,6,8,2,3,4,,,1,3,,,"Smith, Olivia","Hafiz, Mariam",,,,,dbonner,deborah bonner
PSY,3331,0U1,,50,8,3,6,1,1,5,2,1,3,,8,,,"Huxtable-Jester, Karen J","Zhu, Yiyi",,,,,jab140230,julie parsons
PSY,3342,0U1,15,12,2,2,,,,,1,,,,,,,"Barfoot, John W","Camacho, Natalia S",,,,,jwb043000,john barfoot
PSY,3360,0U1,1,6,10,19,9,8,5,3,1,2,,,3,,,"Assmann, Peter","Pattisapu, Candice N",,,,,assmann,peter assmann
PSY,3361,0U1,4,3,19,2,8,3,4,3,2,3,2,,3,,,"Cavazos, Jacqueline G","Lung, Tzu-Chen",,,,,mam089100,mitchell meltzer
PSY,3370,0U1,45,9,10,6,1,1,2,1,,,,,2,,,"Helfers, Samantha","Williams, Denise D",,,,,sxh161130,
PSY,3392,0U1,13,12,6,1,9,1,,1,,,,,4,,,"Schwark, Gayle","Gryder, Kieth",,,,,rxr076000,rachna raman
PSY,3393,0U1,,2,1,5,4,2,2,2,1,1,,,,,,"Ybarra, Regina K","Mizener, Brendon J",,,,,ach103020,amanda hahn
PSY,3393,5U1,4,2,1,4,1,,2,,,,,,2,,,"Raman, Rachna","Holmes, Melanie C",,,,,mrk092020,
PSY,4343,0U1,,43,13,11,11,1,1,4,3,1,,,2,,,"Ybarra, Regina K","Wu, Sining",,,,,rsk130430,regina ybarra
PSY,4346,0U1,24,31,2,4,5,,2,1,2,,1,1,2,,,"Gentsch, Joanna K","Wilder, Siri",,,,,jgentsch,joanna gentsch
PSY,4V90,0H1,,3,9,3,1,,1,,,,,,,,,"Brody, Salena M",,,,,,smb051000,salena brody
REAL,3305,5U1,,3,1,,6,3,,1,1,,,,1,,,"Guttery, Randall",,,,,,jxl180030,julie lynch
REAL,6321,5U1,,6,1,,8,2,,3,,,,,,,,"Guttery, Randall",,,,,,rxg112530,randall guttery
RHET,1302,051,,9,2,2,2,,,,,,,,1,,,"Ma, Ying",,,,,,axs084500,addison shierry
RHET,1302,052,2,5,2,1,,,1,2,,,,,,,,"Crawford, Rachel",,,,,,klb140030,kent boyer
RHET,1302,053,1,5,,1,2,1,,,,,,1,1,,,"Hasan, Syeda Nadia",,,,,,skm130030,suzanne mcintosh
RHET,1302,054,,12,,1,1,,,,,,,,1,,,"Mathur, Shivika",,,,,,sxm170012,shivika mathur
RHET,1302,055,1,4,4,1,2,,2,1,,1,,,2,,,"Ocasio-Russe, Lizbette",,,,,,lxo160130,lizbette ocasio russe
RHET,1302,091,4,7,2,3,,,1,,,,,,1,,,"Murphy, Trisha",,,,,,pjs140230,
RHET,1302,092,,9,,,,,,,,,,,1,,,"Howard Cuadros, Esther W",,,,,,exh022000,
SE,3306,0U1,,8,,1,6,,,2,,,,,,,,"Farage, Timothy P",,,,,,tfarage,timothy farage
SE,4381,0U1,1,1,1,1,5,1,,,,,,,,,,"Paulk, Mark C","Yu, Linlin",,,,,mcp130030,mark paulk
SE,6388,5U1,,8,1,1,,,,,,,,,,,,"Smith, Klyne","Yu, Linlin",,,,,kxs180052,klyne smith
SE,6388,MU1,,5,5,1,,,,,,,,,,,,"Smith, Klyne","Yu, Linlin",,,,,kxs180052,klyne smith
SOC,1301,0W1,12,15,1,1,5,2,,4,,,1,1,2,,,"Malek-Ahmadi, John H",,,,,,zrs160030,zachary simoni
SOC,3379,0U1,6,2,1,2,,,,,,,,,,,,"Upoma, Shahrin S",,,,,,vxz160130,shahrin upoma
SPAU,3342,0U1,4,10,1,,,1,1,,,,,,,,,"Barfoot, John W","Camacho, Natalia S",,,,,jwb043000,john barfoot
SPAU,4394,051,,26,,,8,,,1,,,,,,,,"Kaplan, Karen",,,,,,kkaplan,karen kaplan
STAT,2332,0U1,18,4,2,2,3,1,,3,,1,1,,1,,,"Whalen, Tristan G",,,,,,tgw100020,tristan whalen
STAT,2332,0U2,2,3,2,3,4,4,,1,,,,,,,,"Guo, Huizhen","Sajal, Ibrahim Hossain","Uddin, Mohammad Afser",,,,hxg190020,huizhen guo
STAT,4351,0U1,,5,,3,,,,3,1,,1,1,1,,,"Koshevnik, Yuly","Wickramasinghe, Wickramasinghe M",,,,,yxk055000,yuly koshevnik
SYSM,6327,SU1,,17,,,,,,,,,,,,,,"Reynolds, Samuel E",,,,,,ser180002,samuel reynolds
SYSM,6334,SU1,,5,3,2,,2,,,,,,,,,,"Shrivastava, Prakash C",,,,,,pcs130130,prakash shrivastava
THEA,1310,091,,14,4,2,2,,,,,,,,,,,"Hibbs, Shelby A",,,,,,sah140730,shelby hibbs
UNIV,2V96,0U1,,,,,,,,,,,,,,25,,"Maitra, Meenakshi","Turcatti, Andrea M","Edwards, Kimberly J","Ho, Karl","Bennett, Terrell R",,mxm172731,meenakshi maitra
