Subject,Catalog Number,Section,A+,A,A-,B+,B,B-,C+,C,C-,D+,D,D-,F,W,Instructor 1,Instructor 2,Instructor 3,Instructor 4,Instructor 5,Instructor 6,instructor_id,instructor_name_normalized
CRIM,1307,0U1,,1,4,2,1,,,,,1,,,,0,"Derlic, Dragana","Sanford, Stephanie M",,,,,dxd171830,dragana derlic
OPRE,6398,5U1,,7,,1,1,,,,,,,,,0,"Alimirzaei, Athena","Ho, Yi-Ju",,,,,axa134231,athena alimirzaei
PHIL,3328,091,,,2,2,4,1,,,1,,,,,0,"Dennis, Patrick W",,,,,,pdennis,patrick dennis
RHET,1302,0S2,,1,2,6,,,1,,,,,,,0,"Johnson, Kevin W",,,,,,kwj170030,kevin johnson
CGS,3361,0U1,,3,3,1,,1,,,1,,,1,,0,"Meltzer, Mitchell A","Sudheesh, Athul",,,,,mam089100,mitchell meltzer
CLDP,3303,0U1,1,3,2,,1,2,,,1,,,,,0,"Ralph, Yvonne K","Pattisapu, Candice N",,,,,,yvonne ralph
NSC,4353,1U1,1,4,1,1,,1,1,,,,,,,1,"McWilliams, Steven P","Lackovic, Jacob","Newel, Jacqueline P","Naik, Dhananjay K",,,sxm127330,steven mcwilliams
CS,1336,5U2,,2,3,1,2,1,,,,,,,1,0,"Gupta, Neeraj K","Li, Fang",,,,,nkg140130,neeraj gupta
CS,4390,0U1,,1,,,1,4,1,1,2,,,,,0,"Le, Khiem V","Samiei, Aliehsan",,,,,kvl140030,khiem le
CS,6301,0U2,,10,,,,,,,,,,,,0,"Zhang, Kang","Fan, Zhenbao",,,,,kzhang,kang zhang
ECS,3390,091,,4,1,,3,,,2,,,,,,0,"Scally, Deborah A",,,,,,das,deborah scally
EE,3111,1U1,1,4,2,,,1,,1,1,,,,,0,"Lee, Hoi","Cheng, Qi",,,,,hxl054000,hoi lee
EE,3150,1U1,,4,,2,,2,,1,,,,,,1,"Kiasaleh, Kamran",,,,,,kamran,kamran kiasaleh
EE,3350,0U1,2,,1,,,2,1,1,,,1,,1,1,"Ahmed, Shaheen","Quayum, Ayon",,,,,sxa176730,shaheen ahmed
EE,4388,0U1,2,4,4,,,,,,,,,,,0,"Bhatia, Dinesh","Goswami, Pingakshya","Nourmohamadi, Hesam",,,,dinesh,dinesh bhatia
EEMF,6372,5U1,,4,2,2,2,,,,,,,,,0,"Tinker, Mark T",,,,,,mtinker,mark tinker
MECH,6303,0U1,,6,4,,,,,,,,,,,0,"Rios, Oziel","Karami, Farzad",,,,,oxr106020,oziel rios
ECON,2302,5U1,5,1,,2,,1,,1,,,,,,0,"Kwak, Jihun",,,,,,,jihun kwak
ECON,4334,0U1,3,2,1,2,1,,,,1,,,,,0,"Ahmadi, Maryam",,,,,,mxa143930,maryam ahmadi
BA,1320,5U1,2,,2,1,1,,2,2,,,,,,0,"Kiser, Stephen L",,,,,,slk012100,stephen kiser
BUAN,6356,5U1,,7,2,1,,,,,,,,,,0,"Johnston, Walter L",,,,,,wlj031000,walter johnston
FIN,4310,0U1,1,,2,,,2,1,1,1,,,,1,1,"Murray, Jennifer R",,,,,,jrm160330,jennifer murray
MIS,6204,PW1,,8,,1,,,,,,,,,1,0,"Nietubicz, Richard A",,,,,,,richard nietubicz
BIOL,2281,1U4,2,1,1,,1,1,1,3,,,,,,0,"Lin, Wen J","Tian, Jing","Buyukkahraman, Gozde","Xia, Jing","Gadhvi, Jashkaran G","Do, Hung P",wenju,wen lin
BIOL,3380,1U4,,2,1,2,,2,,,2,1,,,,0,"Pickett, Elizabeth A","Sivakolundu, Dinesh Keran",,,,,eaw016100,elizabeth pickett
MATH,2312,0S1,3,1,,2,1,1,,1,,,,,,1,"Akbar, Mohammad M",,,,,,mma110020,mohammad akbar
MKT,3300,5U1,,7,,,2,,,1,,,,,,0,"Bigham, Ernest P",,,,,,epb180001,ernest bigham
RHET,1302,0S3,2,1,6,1,1,,,,,,,,,0,"Johnson, Ryan L",,,,,,rlj160230,ryan johnson
ATCM,4364,0U1,,10,,1,,,,,,,,,,0,"Farrar, Eric T",,,,,,etf091000,eric farrar
PSY,4V90,0U1,7,,,2,,,,,,,,,2,0,"Helfers, Samantha",,,,,,sxh161130,samantha helfers
SPAU,3303,0U1,,1,2,,1,1,1,1,1,,,,2,1,"Ralph, Yvonne K","Pattisapu, Candice N",,,,,,yvonne ralph
CS,1335,0U1,2,2,1,3,,1,,,1,,,1,,0,"Ghosh, Smita","Ocampo Diaz, Gerardo",,,,,,smita ghosh
CS,2336,0U2,2,1,,,1,2,2,1,,,,1,1,0,"Feng, Ranran","Li, Xiaodi",,,,,rxf090020,ranran feng
CS,4337,0U1,,4,,1,1,,1,1,,,1,,1,1,"Davis, Chris I","Li, Xia",,,,,cid021000,chris davis
CS,4347,0U2,2,1,2,1,,2,,1,,,,,2,0,"Christiansen, Michael G","Patel, Dhruvkumar R",,,,,mgc013000,michael christiansen
CS,4375,0U1,,2,2,2,,1,1,,1,,,1,1,0,"Mazidi, Karen J","Lin, Yu",,,,,kjm160430,karen mazidi
CS,4390,0U2,,4,1,1,2,1,,,2,,,,,0,"Nguyen, Nhut","Mi, Feng",,,,,nhutnn,nhut nguyen
CS,4393,0U1,,1,3,1,1,1,1,3,,,,,,0,"Nguyen, Nhut","Chen, Simin",,,,,nhutnn,nhut nguyen
CS,5375,0W1,,9,1,1,,,,,,,,,,0,"Min, Richard K","Lee, Yi-Hui",,,,,rkm010300,richard min
ECS,3390,0U1,4,3,1,,1,1,,,,1,,,,0,"King, Carie S",,,,,,cxl085200,carie king
EE,3111,1U2,2,6,1,1,,,,,,,1,,,0,"Lee, Hoi","Liang, Jingchen",,,,,hxl054000,hoi lee
EE,3320,0U2,,2,3,,4,1,1,,,,,,,0,"Shakhakarmi, Niraj","Wang, Yifan",,,,,,niraj shakhakarmi
MECH,7393,0U1,,5,4,1,,1,,,,,,,,0,"Thamban, P.L.Stephan",,,,,,stephan,p l stephan thamban
SE,4352,0U1,1,,3,1,,2,1,,1,1,,,,1,"Chung, Lawrence",,,,,,chung,lawrence chung
FIN,3350,0U1,,5,,,2,,3,,,,,,,1,"Richards, James R",,,,,,jrr013500,james richards
FIN,3380,0U1,,5,,2,2,,2,,,,,,,0,"Richards, James R",,,,,,jrr013500,james richards
MIS,6323,5U1,,3,,,6,,,1,,,,,1,0,"Thomas, Sunela","Tunc, Murat M",,,,,sxt167730,sunela thomas
OPRE,6398,5U2,,7,1,,1,,,2,,,,,,0,"Alimirzaei, Athena","Ho, Yi-Ju",,,,,axa134231,athena alimirzaei
BIOL,4366,5U1,1,3,1,3,1,1,,,1,,,,,0,"Burr, John G",,,,,,burr,john burr
CHEM,2401,1U1,1,1,3,3,1,,1,,,,1,,,0,"Dissanayake, Dushanthi S","Perera, Alahendra Arachchige Sachini .","Remy, Ashele K",,,,dxd122030,dushanthi dissanayake
MATH,1306,0U1,,2,2,2,2,1,1,1,,,,,,0,"Mussa, Derege",,,,,,dxm146130,derege mussa
ARTS,2316,0U1,,6,1,1,3,1,,,,,,,,0,"Tady, Lorraine T",,,,,,ltt042000,lorraine tady
ARTS,3379,591,,6,5,,,,,,,,,,1,0,"Loving, Emily",,,,,,exl097120,emily loving
FILM,1303,091,,3,3,2,,1,1,,,,,,2,0,"Al-Habashneh, Eman Bahjat",,,,,,eba130130,eman bahjat al habashneh
LIT,2331,091,,6,4,1,1,,,,,,,,,0,"Stout, Patricia J",,,,,,pjs140230,patricia stout
AUD,6352,5U1,,3,8,1,,,,,,,,,,0,"Golboro, Andrew",,,,,,axg165431,andrew golboro
CLDP,3310,5U1,,3,2,2,2,2,,1,,,,,,0,"Bonner, Deborah L","Zhu, Yiyi",,,,,dbonner,deborah bonner
PSY,3338,0U1,,3,1,2,,2,,1,,1,1,,,1,"Burnell, Kaitlyn P",,,,,,,kaitlyn burnell
SPAU,3342,0U1,2,4,3,2,,,1,,,,,,,0,"Barfoot, John W","Peskova, Olga",,,,,jwb043000,john barfoot
BMEN,3150,001,,4,2,4,,2,,,,,,,,0,"Ali, Tariq M","Abraham, Alejandro",,,,,tma051000,tariq ali
CE,4389,0U1,1,7,,,1,1,,1,1,,,,,0,"Bhatia, Dinesh","Nourmohamadi, Hesam","Goswami, Pingakshya",,,,dinesh,dinesh bhatia
CS,6359,0U1,,4,2,2,3,1,,,,,,,,0,"Zhang, Kang","Shahbazi, Nima",,,,,kzhang,kang zhang
EEOP,6314,0H1,,11,,,,,,,,,,,,1,"Tamil, Lakshman",,,,,,laxman,lakshman tamil
BUAN,6320,0U1,,3,4,,2,2,,,,,,,,1,"Narayan, Ravishankar L","Srivastava, Smriti",,,,,rln130030,ravishankar narayan
FIN,3395,5U1,,4,2,1,5,,,,,,,,,0,"Noland, Jeff",,,,,,jxn125330,jeff noland
MIS,6344,0U1,,11,1,,,,,,,,,,,0,"Beauchamp, Joe P","Singh, Ayush K",,,,,jpb016300,joe beauchamp
SYSM,6335,SS1,,12,,,,,,,,,,,,0,"Narayan, Ravishankar L",,,,,,rln130030,ravishankar narayan
BIOL,4380,1U1,,1,2,,3,2,1,2,,1,,,,0,"Borovkov, Irina G",,,,,,ixb053000,irina borovkov
CHEM,1112,1U1,1,5,2,1,,,1,1,,,,1,,0,"Qin, Yanping","Abeyrathna, Nisansala S","Morakabi, Katayoun",,,,yxq083000,yanping qin
CHEM,2125,1U3,4,5,,2,1,,,,,,,,,0,"Tran, Daniel N","Hernandez, Jayoh A","Franciskovich, Matthew R",,,,dnt019000,daniel tran
MATH,2413,0S1,1,1,5,,3,,1,,,,1,,,0,"Alvarado, Iris",,,,,,ila180000,iris alvarado
MATH,4301,0U1,1,1,,,3,3,1,,,,1,,2,0,"Dabkowski, Mieczyslaw K","Rakotomalala, Diarisoa Mihaja Andriamanisa",,,,,mkd034000,mieczyslaw dabkowski
COMD,7V82,0U1,,6,6,,,,,,,,,,,0,"Cokely, Carol G","Escabi, Celia D",,,,,cgc016200,carol cokely
ATCM,2302,051,2,5,,3,2,,,1,,,,,,0,"Minnish, Roxanne W",,,,,,rwm061000,roxanne minnish
AUD,7240,5U1,,13,,,,,,,,,,,,0,"Griffiths, Scott K",,,,,,skg180000,scott griffiths
AUD,7325,5S1,,10,3,,,,,,,,,,,0,"Thibodeau, Linda K",,,,,,thib,linda thibodeau
HDCD,6370,0U1,,12,1,,,,,,,,,,,0,"Ewing, Donna M",,,,,,dme061000,donna ewing
CS,1134,1U1,4,1,1,,2,,1,,1,,,,2,1,"Arnold, Gordon L","Zi, Yuxin",,,,,gxa120930,gordon arnold
CS,3345,0U2,,2,,3,1,1,1,2,2,1,,,,0,"Ozbirn, Greg A","Li, Xiaodi",,,,,ozbirn,greg ozbirn
CS,4348,0U2,6,,2,1,1,,2,,,,1,,,0,"Ghanbari, Ali","Hu, Linghuan",,,,,,ali ghanbari
EERF,7V89,0W1,,9,1,2,1,,,,,,,,,0,"Henderson, Rashaunda M",,,,,,rmh072000,rashaunda henderson
IPEC,4308,0U1,3,5,,2,1,1,1,,,,,,,0,"Taden, John",,,,,,jxt161530,john taden
MKT,3300,0U1,,2,1,5,,,3,2,,,,,,0,"Rajaratnam, Daniel",,,,,,dxr143430,daniel rajaratnam
MKT,6337,5U1,,,3,3,4,3,,,,,,,,0,"Chatterjee, Sourav","Kamatham, Sriharsha",,,,,sxc180075,sourav chatterjee
OPRE,4310,5U1,6,6,,,1,,,,,,,,,0,"Kohankie, Robert W",,,,,,rwk130030,robert kohankie
REAL,6321,5U1,,3,2,,8,,,,,,,,,0,"Guttery, Randall",,,,,,rxg112530,randall guttery
BIOL,3101,0U4,1,2,5,2,,,,,3,,,,,0,"Srikanth, Uma",,,,,,ukrish,uma srikanth
MATH,2312,0U1,2,2,1,,3,,,1,1,,,,3,0,"Aman, Kelly","Lama, Sonam",,,,,kxa143530,kelly aman
ARTS,1316,0U1,,3,2,2,6,,,1,,,,,,0,"Metz, Greg L","Pomara, John",,,,,glmetz,greg metz
COMM,1311,0H1,3,4,5,1,,1,,,,,,,,0,"Tanner, Lari J",,,,,,ljt130130,lari tanner
COMM,1311,0H4,7,2,2,,1,,,,,,,,2,0,"Vazzi, Lisa",,,,,,lxv160630,lisa vazzi
RHET,1302,0S1,,,5,,3,3,,1,,,1,,1,0,"Sinckler, Robin",,,,,,rxs150131,robin sinckler
ATCM,3367,5U1,2,3,2,1,1,2,1,1,1,,,,,0,"Billingslea, Steven L",,,,,,slb073000,steven billingslea
NSC,4353,1U3,,2,8,3,,,,,1,,,,,0,"Raboune, Siham","Driskill, Christopher M","Szabo-Pardi, Thomas A","Garner, Katherine M",,,sxr180071,siham raboune
BMEN,3320,051,3,3,1,3,2,,,1,,,,,1,0,"Ali, Tariq M","Abraham, Alejandro",,,,,tma051000,tariq ali
CS,1334,0U1,,4,3,1,1,,3,,,,,,2,0,"Arnold, Gordon L","Hu, Linghuan",,,,,gxa120930,gordon arnold
CS,3345,5U1,,2,1,2,4,3,1,,1,,,,,0,"Khan, Ziaullah","Li, Changbin",,,,,kkhan,ziaullah khan
CS,6301,0U1,,8,5,1,,,,,,,,,,0,"Nagar, Anurag","Ashtiani, Omeed E","Hosseini, Seyyed Mohammadsaleh",,,,axn112530,anurag nagar
CS,6314,5U1,,10,2,1,,,,,,,,,,1,"Min, Richard K","Patel, Dhruvkumar R",,,,,rkm010300,richard min
ECS,3390,093,,4,2,1,4,,1,1,1,,,,,0,"Glauser, Janece B",,,,,,jbg130030,janece glauser
FIN,3305,5U1,,2,1,,3,1,,2,1,,4,,,0,"Guttery, Randall",,,,,,rxg112530,randall guttery
ITSS,4340,0U1,,2,3,3,4,1,1,,,,,,,0,"Thompson, Luell O",,,,,,lot013000,luell thompson
OB,6301,5U2,,6,5,1,1,,,,,,,,,1,"Olsztynska, Agnieszka",,,,,,axo027000,agnieszka olsztynska
OBHR,4300,0U1,8,4,,1,,,,,,,,,,1,"Edgington, Kyle D",,,,,,kde081000,kyle edgington
OPRE,3333,0U1,2,3,1,3,1,,1,,,,,1,1,1,"Enayaty Ahangar, Negin","Qu, Zihao",,,,,nxe180001,negin enayaty ahangar
BIOL,3520,3U2,,5,3,2,3,1,,,,,,,,0,"Mehta, Iti",,,,,,ixm121430,iti mehta
GEOS,3300,0S1,,4,1,3,2,3,,,1,,,,,0,"Geissman, John W",,,,,,jwg102020,john geissman
MATH,1314,0S1,,4,1,,2,2,1,1,,,1,,2,0,"Nguyen, Mylinh T","Folarin, Samson B",,,,,mln018200,mylinh nguyen
MATH,3310,0U1,1,3,1,2,,1,1,1,1,1,,,2,0,"Dabkowski, Mieczyslaw K","Chowdhury, Md Mujibur Rahman",,,,,mkd034000,mieczyslaw dabkowski
HIST,3328,091,,1,2,4,2,1,2,,1,,1,,1,0,"Dennis, Patrick W",,,,,,pdennis,patrick dennis
LIT,2331,051,8,3,2,,1,1,,,,,,,,0,"Boyer, Kent L",,,,,,klb140030,kent boyer
SPAN,2341,0S1,13,2,,,,,,,,,,,,0,"Gonzalez, Cristina M",,,,,,cxg042000,cristina gonzalez
CLDP,3342,0U1,1,4,4,2,1,1,,1,,,,1,,0,"Barfoot, John W","Peskova, Olga",,,,,jwb043000,john barfoot
NSC,4352,0U1,1,4,1,3,3,2,,1,,,,,,0,"Sultana, Rukhsana",,,,,,rxs170431,rukhsana sultana
SPAU,4394,051,,7,,2,2,,2,1,1,,,,,0,"Kaplan, Karen",,,,,,kkaplan,karen kaplan
CE,3320,0U2,1,1,4,4,3,1,,,,,,,1,0,"Shakhakarmi, Niraj","Wang, Yifan",,,,,,niraj shakhakarmi
MECH,4382,0U1,,5,,3,1,2,3,,1,,,,,0,"Hart, Robert A","Koeln, Justin P","Upasham, Sayali S",,,,rxh124630,robert hart
CRIM,3310,0U1,1,1,5,5,,1,,,,1,,,,1,"Gammell, Sarah P",,,,,,spg160530,sarah gammell
BPS,4305,5E1,6,2,3,,1,1,,1,,,,,1,0,"Carraher, Shawn M",,,,,,smc130730,shawn carraher
MIS,6364,0W1,,7,4,4,,,,,,,,,,0,"Narayan, Ravishankar L",,,,,,rln130030,ravishankar narayan
OPRE,6301,5U2,,4,2,2,3,1,1,1,,,,,,1,"Brussolo, Monica E","Takasi, Venkanna Dora Goutham",,,,,meb049000,monica brussolo
OPRE,6342,PU1,,11,3,1,,,,,,,,,,0,"Rajamani, Divakar",,,,,,dxr020100,divakar rajamani
OPRE,6376,PS1,,9,4,1,1,,,,,,,,,0,"Szot, James","Hicks, Jeffrey N",,,,,,james szot
BIOL,3380,1U3,2,2,4,1,,3,,1,1,1,,,,0,"Rippel, Scott A","Chen, Hao",,,,,rippel,scott rippel
HMGT,3301,5U1,,10,,,5,,,,,,,,,0,"Berrett, Britt R","Wylie, Mary",,,,,brb051000,britt berrett
RHET,1302,091,1,3,6,1,1,1,,1,,,,,2,0,"Crawford, Rachel",,,,,,rxc161430,rachel crawford
PSY,3339,0U1,,4,1,2,1,,2,3,1,1,,,,1,"Huxtable-Jester, Karen J",,,,,,kxh014900,karen huxtable jester
BMEN,3350,051,1,4,1,3,3,3,,1,,,,,,0,"Ali, Tariq M","Abraham, Alejandro",,,,,tma051000,tariq ali
CS,4141,6U1,12,,4,,,,,,,,,,,0,"Nguyen, Nhut","Adebiyi, Abdulmateen A",,,,,nhutnn,nhut nguyen
CS,6378,0U1,,3,4,4,5,,,,,,,,,0,"Mittal, Neeraj","Varanasi, Sarat Chandra",,,,,nxm020100,neeraj mittal
ECS,3390,051,3,4,2,3,3,,,,,,,1,,0,"Moore, Lindsay E",,,,,,lem150330,lindsay moore
ED,4358,0W1,,5,1,1,2,,,,4,,,,1,2,"Root, Alexey",,,,,,aroot,alexey root
ACCT,3331,5U1,3,2,1,1,1,,2,2,3,,,,,1,"Zhou, Yibin","Li, Chenchen",,,,,yxz066000,yibin zhou
ACCT,3341,0U1,,3,4,2,1,2,1,1,,,1,,1,0,"Johnson, Jennifer",,,,,,jxj091000,jennifer johnson
ACCT,3350,5U1,1,1,,1,5,1,,2,1,,,3,1,0,"Gamino, John P",,,,,,jpg140630,john gamino
ACCT,6330,0W1,,4,,,6,,,2,,,,,,4,"Cready, William M","Gencer, Nur Pinar",,,,,wmc041000,william cready
ACCT,6334,0W1,,7,,,7,,,1,,,,,,1,"Linsteadt, Chris C",,,,,,ccl019000,chris linsteadt
FIN,6301,5U1,,6,3,3,1,1,1,1,,,,,,0,"Baranchuk, Nina",,,,,,nxb043000,nina baranchuk
MIS,6346,5U1,,12,4,,,,,,,,,,,0,"Perez, Jerry","Tang, Ping",,,,,jxp180019,jerry perez
MKT,3330,0U1,6,,3,1,3,1,,1,,,1,,,0,"Amirpour, Semiramis",,,,,,sxa130731,semiramis amirpour
BIOL,3456,1U1,,,3,3,2,2,1,,,1,1,,2,1,"Yu, Wen H",,,,,,why061000,wen yu
COMM,3352,0H1,6,5,2,1,,,,,1,,,1,1,0,"King, Carie S",,,,,,cxl085200,carie king
NSC,4363,0U1,,4,,,7,,,3,,,1,,1,1,"Raboune, Siham",,,,,,sxr180071,siham raboune
PSY,3393,5U1,,14,,,2,,,,,,,,1,0,"Meltzer, Mitchell A","Zhao, Yuguang",,,,,mam089100,mitchell meltzer
BMEN,3402,0U1,2,2,2,1,2,2,1,,3,,1,,1,0,"Ardestani Khoubrouy, Soudeh",,,,,,sxa074200,soudeh ardestani khoubrouy
CS,4341,0U1,,6,1,1,2,1,1,1,2,,2,,,0,"Nguyen, Nhut","Adebiyi, Abdulmateen A",,,,,nhutnn,nhut nguyen
CS,4375,0U2,3,4,5,3,1,,,1,,,,,,0,"Nagar, Anurag","Lin, Yu",,,,,axn112530,anurag nagar
ECS,3390,053,,9,5,2,1,,,,,,,,,0,"Glauser, Janece B",,,,,,jbg130030,janece glauser
ECON,2302,0U1,1,5,2,1,1,1,2,,1,,1,,,2,"Hou, Aoyu",,,,,,axh153230,aoyu hou
FIN,3320,0U1,,2,1,2,1,2,2,2,4,,,,,1,"Heidtman, David M",,,,,,dmh061000,david heidtman
FIN,6366,GW1,,7,3,3,4,,,,,,,,,0,"Kummer, Adnan",,,,,,,adnan kummer
IMS,6204,GH1,,11,5,,1,,,,,,,,,0,"Kiser, Stephen L",,,,,,slk012100,stephen kiser
IMS,6213,GH1,,4,5,4,4,,,,,,,,,0,"Peinhardt, Clint W",,,,,,cwp052000,clint peinhardt
IMS,6253,GH1,,3,6,,8,,,,,,,,,0,"Katz, Lothar",,,,,,,lothar katz
IMS,6V91,0S1,,7,7,3,,,,,,,,,,0,"Woldu, Habte G",,,,,,wolduh,habte woldu
ITSS,3390,5U1,1,7,5,2,2,,,,,,,,,0,"Arora, Vivek",,,,,,vxa081000,vivek arora
MIS,6326,0W1,,8,,,8,,,,,,,,,1,"Ryu, Young","Tunc, Murat M",,,,,ryoung,young ryu
GEOS,1303,051,1,4,2,,,4,2,1,,,1,1,,1,"Griffin, William R","Hetti Pathirannehelage, Diluni Ayeshika W",,,,,griffin,william griffin
ARTS,3367,5U1,,5,4,4,1,2,1,,,,,,,1,"Metz, Greg L","Pomara, John",,,,,glmetz,greg metz
ARTS,3372,551,,8,5,,,,,,,,,,1,4,"Loving, Emily",,,,,,exl097120,emily loving
HIST,4368,051,,3,2,4,4,1,1,,,,1,,2,0,"Schulze, Jeffrey",,,,,,jxs072200,jeffrey schulze
RHET,1302,053,5,4,2,1,2,,2,,,,,,1,1,"Lyons, David L",,,,,,dll101020,david lyons
ATCM,2301,0U1,2,4,2,,5,2,,1,1,,1,,,0,"Nielsen, Christina R",,,,,,crn022000,christina nielsen
COMD,7323,0U1,,18,,,,,,,,,,,,0,"Sweeney, Melissa",,,,,,msweeney,melissa sweeney
NSC,4366,0U1,2,,4,1,2,1,,4,,,,,3,1,"Taylor, Anna M",,,,,,amt180004,anna taylor
PSY,2301,0H1,2,1,3,,1,1,3,1,3,,,,1,2,"Brody, Salena M","Miranda, Giuseppe G",,,,,smb051000,salena brody
PSY,3393,0U1,5,4,1,,,3,1,,,,,,2,2,"Shirvani, Forouz","Mizener, Brendon J",,,,,fxk024000,forouz shirvani
CE,3310,5U1,1,5,1,5,1,1,,2,1,,,,1,0,"Pourkamali, Siavash","Palit, Prithviraj","Sheikhlari, Sepehr",,,,sxp124631,siavash pourkamali
CE,3311,5U1,,1,3,4,6,2,1,1,,,,,,0,"Sechen, Carl","Hu, Bo","Xu, Xiangyu",,,,cms057000,carl sechen
CS,1136,1U1,6,5,,,2,,1,1,,,,,1,2,"Arnold, Gordon L","Zhang, Chenxu",,,,,gxa120930,gordon arnold
CS,4337,0U2,7,,,2,,4,2,2,,,,,1,0,"Karami, Gity","Shakerin, Farhad",,,,,gxk180009,gity karami
ECS,3390,0U2,5,6,2,2,2,,,,1,,,,,0,"King, Carie S",,,,,,cxl085200,carie king
MECH,2310,0U1,1,7,1,1,1,2,,,,,2,,1,2,"Thamban, P.L.Stephan","Karami, Farzad",,,,,stephan,p l stephan thamban
SOC,4396,0S1,3,9,3,1,,2,,,,,,,,0,"Lanham, Carol C",,,,,,ccl054000,carol lanham
ACCT,4342,5U1,,3,5,4,2,1,1,1,,1,,,,0,"Johnson, Jennifer",,,,,,jxj091000,jennifer johnson
ACCT,6305,0W1,,3,4,6,4,,,,,,,,,1,"Janakiraman, Surya","Kale, Devendra",,,,,suryaj,surya janakiraman
ACCT,6388,5U1,,16,,,1,,,1,,,,,,0,"Goodrich, Mary Beth W",,,,,,goodrich,mary beth goodrich
FIN,6318,5U1,,5,7,6,,,,,,,,,,0,"Ma, Liping",,,,,,lxm133730,liping ma
MKT,6V99,5U1,,14,1,1,2,,,,,,,,,0,"Tirone, Guido",,,,,,gxt170001,guido tirone
OPRE,3330,5U1,,2,7,4,,4,,1,,,,,,0,"Janke, Scott M","Qu, Zihao",,,,,smj160830,scott janke
OPRE,3360,0U1,3,4,,2,1,3,1,,3,1,,,,0,"Enayaty Ahangar, Negin","Qu, Zihao",,,,,nxe180001,negin enayaty ahangar
BIOL,2281,1U3,2,5,,2,1,3,1,3,,,,,,1,"Lin, Wen J","Shashikanth Raj Urs, Karthik Urs Bangalore","Easterwood, Shayne","Do, Hung P","Gadhvi, Jashkaran G","Xia, Jing",wenju,wen lin
CHEM,2125,1U1,6,12,,,,,,,,,,,,0,"Tran, Daniel N","Ma, Ziyuan","Lumata, Jenica",,,,dnt019000,daniel tran
MATH,1326,0U1,2,2,1,1,,1,,2,2,1,,,3,3,"Li, Changsong","Haq, Moutaz E",,,,,cxl109120,changsong li
PHYS,1302,1U1,3,2,4,1,2,2,1,1,,,1,,,1,"Sun, Kuei","Mahmud, Mohammad M",,,,,kxs147030,kuei sun
PHYS,2126,1U3,10,7,,,,1,,,,,,,,0,"Macalevey, Paul J","Koirala, Pawan",,,,,paulmac,paul macalevey
SMED,5301,0W1,,14,2,,1,,,,,,,,1,0,"Taylor, Stephanie M",,,,,,smt031000,stephanie taylor
COMM,1311,0H3,,3,,2,3,4,2,1,,,1,,3,0,"Moss, Daniel J",,,,,,djm161130,daniel moss
LANG,2V42,0S1,,19,,,,,,,,,,,,0,"Gonzalez, Cristina M",,,,,,cxg042000,cristina gonzalez
RHET,1302,051,10,4,2,1,,1,,,,,,,,1,"Shierry, Addison",,,,,,axs084500,addison shierry
RHET,1302,052,,12,1,,2,,,1,,,,,1,2,"Kirk, Kristina E",,,,,,kek160430,kristina kirk
PSY,3392,0U1,,2,3,,4,4,,2,1,1,,,2,0,"Austin, Kathryn A","Terry, Courtney",,,,,,kathryn austin
CS,6375,MU1,,11,7,1,,,,,,,,,,0,"Nagar, Anurag",,,,,,axn112530,anurag nagar
EE,3302,0U1,4,2,3,3,3,2,,2,,,,,,0,"Kehtarnavaz, Nasser","Wei, Haoran",,,,,nxk019000,nasser kehtarnavaz
SE,6388,MU1,,15,3,,1,,,,,,,,,0,"Smith, Klyne",,,,,,kxs180052,klyne smith
BIS,4306,0W1,5,2,2,1,3,1,,1,,,,,3,1,"Simpson, Carrie M",,,,,,cms131030,carrie simpson
ISIS,4304,051,,4,4,4,2,1,,1,1,,1,,1,0,"Werhnyak, Larissa",,,,,,lxw163630,larissa werhnyak
ENTP,6375,0W1,,12,1,1,2,,1,,,,,,1,1,"Bochsler, Daniel C",,,,,,dcb091000,daniel bochsler
FIN,6352,5U1,,9,2,3,4,1,,,,,,,,0,"Springate, David J",,,,,,spring8,david springate
MIS,6308,0W2,,1,6,3,7,2,,,,,,,,0,"Raghunathan, Srinivasan","Srivastava, Smriti","Xie, Si",,,,sraghu,srinivasan raghunathan
MATH,1326,0U2,3,1,2,,2,1,2,,,,,1,5,2,"Li, Changsong",,,,,,cxl109120,changsong li
CS,4301,0U1,6,3,2,,2,1,1,,1,,3,,1,0,"Karami, Gity","Dakshit, Sagnik",,,,,gxk180009,gity karami
HLTH,1301,0W1,1,2,3,3,2,5,1,,1,2,,,,0,"Baetge, Claire",,,,,,cxb170330,claire baetge
ACCT,6305,5U1,,9,4,4,1,2,,,,,,,,0,"Kromer, Jeffrey",,,,,,jrk013000,jeffrey kromer
FIN,3360,0U1,1,1,3,3,2,4,4,2,,,,,,0,"Murray, Jennifer R",,,,,,jrm160330,jennifer murray
FIN,4300,0U1,2,2,1,1,4,2,1,,3,,2,,1,1,"Kim, Sang Hyun",,,,,,,sang hyun kim
MIS,6356,5U2,,9,4,1,4,1,,,,,,,,1,"Parker, Jason A","Zhu, Wangsheng",,,,,jap090020,jason parker
MKT,6339,0W1,,2,4,3,11,,,,,,,,,0,"Rajaratnam, Daniel",,,,,,dxr143430,daniel rajaratnam
OB,6332,5U1,,13,5,2,,,,,,,,,,0,"Ritchey, Kemberly A",,,,,,kar014400,kemberly ritchey
BIOL,2281,1U2,1,1,5,2,4,4,1,1,1,,,,,0,"Lin, Wen J","Shashikanth Raj Urs, Karthik Urs Bangalore","Easterwood, Shayne","Do, Hung P","Gadhvi, Jashkaran G","Xia, Jing",wenju,wen lin
BIOL,3380,1U1,1,1,3,2,,3,4,3,2,,,1,,0,"Rippel, Scott A","Mazambani, Simbarashe",,,,,rippel,scott rippel
CHEM,1111,1U1,7,6,,1,1,,,3,,,,,1,1,"Sra, Amandeep K","Shahrivarkevishahi, Arezoo","Firouzi, Hamid Reza",,,,aks057000,amandeep sra
MATH,2419,0U1,1,1,1,2,4,1,,6,1,,,,1,2,"Eydelzon, Anatoly","Islambekov, Umar","Gudoshnikov, Ivan",,,,axe031000,anatoly eydelzon
OPRE,6362,5U1,,12,5,2,,,,,,,,,,0,"Janke, Scott M","Qu, Zihao",,,,,smj160830,scott janke
COMM,1311,0H2,10,8,2,1,,,,,,,,,,0,"Tanner, Lari J",,,,,,ljt130130,lari tanner
COMM,1311,0W1,8,4,3,4,,,,,,,1,,1,0,"Vazzi, Lisa",,,,,,lxv160630,lisa vazzi
COMM,1311,0W2,4,9,1,1,3,,,,,,,,1,2,"Gregory, Mona Y",,,,,,myg140030,mona gregory
ATCM,3305,0U1,,,2,,1,3,3,3,2,3,1,1,1,1,"Camacho, Christopher J",,,,,,cjc043000,christopher camacho
ATCM,3337,091,5,8,3,2,1,1,,,,,,,1,0,"Wood, Harold G",,,,,,hgw021000,harold wood
ATCM,3340,051,13,,4,1,1,1,,1,,,,,,0,"Veras de Souza, Christine",,,,,,,christine veras de souza
PSY,3342,0U1,4,4,7,2,3,,,1,,,,,,0,"Barfoot, John W","Peskova, Olga",,,,,jwb043000,john barfoot
CS,1337,0U2,5,4,1,1,4,1,1,,,,,,4,0,"DeGroot, Doug",,,,,,dxd180020,doug degroot
CS,3305,0U2,,5,2,3,1,3,1,1,,1,,1,2,1,"Ishigaki, Genya","Lee, Yi-Hui",,,,,gxi160230,genya ishigaki
CS,3354,0U2,5,8,6,2,,,,,,,,,,0,"Smith, Klyne","Tian, Zijing",,,,,kxs180052,klyne smith
CS,5343,0U1,,12,3,2,2,,,,,,,,2,0,"Gupta, Neeraj K","Samiei, Aliehsan",,,,,nkg140130,neeraj gupta
MECH,3105,0U1,2,7,4,6,1,,,1,,,,,,0,"Rios, Oziel","Sadeh, Sepehr",,,,,oxr106020,oziel rios
MECH,3305,0U1,1,4,1,1,3,4,1,3,,,1,,2,0,"Rios, Oziel","Sadeh, Sepehr",,,,,oxr106020,oziel rios
CRIM,3302,0W1,11,5,2,1,1,,,,,,,1,,0,"Polk, Elmer O",,,,,,peo091000,elmer polk
FIN,3340,0U1,5,3,5,3,3,1,,,,,,,,1,"Molina, Stephen",,,,,,sxm163630,stephen molina
FIN,6321,5U1,,8,,,8,2,,2,,,,,,1,"Guttery, Randall",,,,,,rxg112530,randall guttery
ITSS,3300,0U1,,4,7,,4,2,,2,,,,,1,1,"Owens, Dawn M","Bhansali, Akanksha",,,,,dmo130130,dawn owens
BIOL,3380,1U2,4,1,4,1,3,4,1,1,1,1,,,,0,"Pickett, Elizabeth A","Hulyalkar, Neha V",,,,,eaw016100,elizabeth pickett
PHYS,2126,1U2,12,6,1,,,,,,,,,,1,1,"Macalevey, Paul J","Parajuli, Santosh",,,,,paulmac,paul macalevey
ATCM,3306,0U1,1,1,5,2,1,5,,,2,,1,,4,0,"McCord, Peter A",,,,,,pam062000,peter mccord
ATCM,3368,0U1,2,2,4,,2,3,2,2,1,3,,,1,0,"Chandler, Adam W",,,,,,awc051000,adam chandler
ACN,6338,0U1,,13,,,8,,,1,,,,,,0,"Sultana, Rukhsana",,,,,,rxs170431,rukhsana sultana
ACN,6V81,0U1,,19,2,,,1,,,,,,,,0,"McWilliams, Steven P",,,,,,sxm127330,steven mcwilliams
BMEN,4388,0U1,,5,10,6,1,,,,,,,,,0,"Polk, Todd W",,,,,,twp017000,todd polk
CS,1337,0U1,1,1,2,1,7,3,1,1,,,,,2,3,"Shields, Charles O","Guo, Jianxiong",,,,,cshields,charles shields
CS,2336,5U1,6,11,2,,3,,,,,,,,,0,"Khan, Ziaullah","Li, Fang",,,,,kkhan,ziaullah khan
CS,3340,0U1,1,1,3,2,2,7,,3,2,,,,1,0,"Mazidi, Karen J","Mi, Feng",,,,,kjm160430,karen mazidi
CS,3345,0U1,2,4,2,,4,2,,3,3,,1,,,1,"Ozbirn, Greg A","Ahn, Sung Soo",,,,,ozbirn,greg ozbirn
PSCI,4396,0U1,,8,2,3,1,4,,1,3,,,,,0,"Gathman, Adrienne E",,,,,,,adrienne gathman
ACCT,6305,SS1,,7,6,2,2,4,1,,,,,,,0,"Zhang, Jieying",,,,,,jxz146230,jieying zhang
ACCT,6331,0W1,,8,,,6,,,5,,,,,,3,"Cready, William M","Gencer, Nur Pinar",,,,,wmc041000,william cready
BPS,7303,0U1,,22,,,,,,,,,,,,0,"Watson, John M",,,,,,,john watson
BUAN,6357,0U1,,12,5,4,1,,,,,,,,,0,"Chatterjee, Sourav","Mehta, Sameer",,,,,sxc180075,sourav chatterjee
FIN,6301,SS1,,8,2,3,6,3,,,,,,,,0,"Xu, Yexiao",,,,,,yexiaoxu,yexiao xu
FIN,6307,5U1,,6,8,,4,1,2,1,,,,,,0,"Ma, Liping",,,,,,lxm133730,liping ma
ITSS,4330,5U1,1,1,,3,7,2,4,2,,,,,1,1,"Islam, Naser","Bhansali, Akanksha",,,,,nxi110630,naser islam
ITSS,4V95,5U1,16,3,2,,,1,,,,,,,,0,"Khan, Taimur A","Mehta, Sameer",,,,,txk123530,taimur khan
MIS,6319,0W1,,9,,,12,,,,,,,,1,0,"Thompson, Luell O",,,,,,lot013000,luell thompson
CHEM,1112,1U2,,4,4,4,4,1,,2,2,,,1,,0,"Qin, Yanping","Mortensen, Marie L","Graham, Robert L",,,,yxq083000,yanping qin
MATH,2417,0U1,2,3,2,2,1,1,,1,,,,,7,3,"Ahsan, Mohammad K","Sitaula, Hari P","Helal, Md Abu","Milogorodskii, Aleksandr","Zimmer, Kevin C",,mka120030,mohammad ahsan
BIOL,3455,1U3,2,2,2,4,1,4,1,1,2,,1,,2,0,"Ramirez, Ruben D",,,,,,rdr092000,ruben ramirez
PSY,2317,0U1,2,2,3,1,5,2,,2,1,,,,1,4,"Pacheco, Daniel F","Carson, Kevin J",,,,,pdaniel,daniel pacheco
CE,3301,0U1,3,5,1,,1,1,,1,1,,3,,6,1,"Tacca, Marco","Mitra, Arkadeep","Zhang, Tianliang","Gandluru, Veerabharathchandrareddy","Gharajeh, Abouzar",,mtacca,marco tacca
CS,1336,0U1,2,3,3,1,,1,3,,,1,3,2,2,2,"Arnold, Gordon L","Ocampo Diaz, Gerardo",,,,,gxa120930,gordon arnold
CS,3340,0U2,5,5,2,1,1,2,3,2,1,,1,,,0,"Karami, Gity","Fang, Zhou",,,,,gxk180009,gity karami
ENGR,2300,0U1,6,4,2,1,3,,2,,2,,,,2,1,"Ahmed, Shaheen","Vankayalapati, Bhanu Teja","Wang, Jianda",,,,sxa176730,shaheen ahmed
MECH,3150,0U1,1,12,6,1,1,1,,,1,,,,,0,"Park, Wooram","Yu, Haoliang",,,,,wxp103020,wooram park
MECH,4381,0U2,,2,5,9,5,,1,,,,,,1,0,"Hart, Robert A","Upasham, Sayali S",,,,,rxh124630,robert hart
BUAN,6346,5U2,,23,,,,,,,,,,,,0,"Elkhodari, Gasan","Srivastava, Smriti",,,,,gxe051000,gasan elkhodari
FIN,6360,5U1,,5,5,4,2,2,2,3,,,,,,0,"Kaur, Dupinderjeet",,,,,,dxk110730,dupinderjeet kaur
ITSS,4352,0U1,3,1,1,1,3,1,1,3,3,2,1,1,2,0,"Bradbury, Judd D","Singh, Ayush K",,,,,jdb101000,judd bradbury
MIS,6309,5U1,,11,2,3,3,3,,,,,,,,1,"Islam, Naser","Bhansali, Akanksha",,,,,nxi110630,naser islam
MKT,3340,5U1,,5,3,3,6,1,3,1,,,,,1,0,"Rajaratnam, Daniel",,,,,,dxr143430,daniel rajaratnam
BIOL,2281,1U1,3,3,4,4,4,2,2,,,,,,1,0,"Lin, Wen J","Easterwood, Shayne","Shashikanth Raj Urs, Karthik Urs Bangalore","Do, Hung P","Gadhvi, Jashkaran G","Xia, Jing",wenju,wen lin
CHEM,3361,0U1,3,4,4,1,3,1,3,,3,,1,,,0,"Candas, Mehmet","McDill, Parker M","Krishnamohan, Aishwarya","Song, Ming","Ray, Ashvini","Dey, Sanchareeka",candas,mehmet candas
MATH,2451,0U1,,2,1,2,3,3,4,2,2,1,,,1,2,"Turi, Janos","Hervert Hernandez, Esau A","Albelo-Cortes, Josean",,,,turi,janos turi
PHYS,2125,1U2,5,14,1,1,,1,,,,,,,,1,"Sun, Kuei","Ali, Saif","Feizi, Wirya",,,,kxs147030,kuei sun
PHYS,2125,6U1,9,12,,2,,,,,,,,,,0,"Sun, Kuei","Sharon Felix, .","Dhale, Nikhil",,,,kxs147030,kuei sun
LIT,3327,051,5,9,2,2,2,3,,1,,,,,,0,"Ingrao, Peter J",,,,,,jingrao,peter ingrao
THEA,1310,051,,10,11,1,1,1,,,,,,,,0,"Hibbs, Shelby A",,,,,,sah140730,shelby hibbs
NSC,4354,0U1,3,,7,2,5,6,1,,,,,,,0,"Sultana, Rukhsana",,,,,,rxs170431,rukhsana sultana
CS,2305,0U1,3,7,3,1,5,1,1,1,,,,,2,0,"Feng, Ranran","Li, Xuelin",,,,,rxf090020,ranran feng
BIS,3320,0U1,3,9,4,3,2,,2,1,,,,,,0,"Wright, David A",,,,,,wright,david wright
BUAN,6312,SW1,,4,2,4,4,7,2,,,,,,,1,"Blueshtein, Moran","Lee, Pil-Seng",,,,,mxb135230,moran blueshtein
FIN,6308,0W1,,10,2,3,5,1,1,2,,,,,,0,"Lewin, Peter","Zhao, Yabo",,,,,plewin,peter lewin
FIN,6316,SU1,,10,3,3,7,1,,,,,,,,0,"Springate, David J",,,,,,spring8,david springate
FIN,6360,SU1,,8,2,2,11,1,,,,,,,,0,"Day, Theodore",,,,,,tday,theodore day
MKT,6336,0W1,,8,8,6,,2,,,,,,,,0,"Rao, Ram C","Saremi, Ehsan",,,,,rrao,ram rao
OB,6348,CW1,,22,,,,,,,,,,,1,1,"Plaisance Bryan, Suzette T",,,,,,,suzette plaisance bryan
OPRE,3333,5U1,7,1,3,,4,,1,7,,,,,1,0,"Ahadi, Khatereh","Chen, Yuhang",,,,,kxa180010,khatereh ahadi
OPRE,6302,PU1,,20,,,4,,,,,,,,,0,"Joiner, James C",,,,,,,james joiner
BIOL,3101,0U3,5,4,2,4,1,2,1,2,,,2,,1,0,"Srikanth, Uma",,,,,,ukrish,uma srikanth
BIOL,3455,1U1,,1,2,2,3,1,2,6,3,,,,3,1,"Ramirez, Ruben D",,,,,,rdr092000,ruben ramirez
BIOL,3520,3U1,4,5,8,4,1,1,1,,,,,,,0,"Mehta, Iti",,,,,,ixm121430,iti mehta
CHEM,2123,1U2,17,4,3,,,,,,,,,,,0,"Abeykoon, Nimali C","Tajik Asl, Masoumeh","Villones, Rhiza Lyne",,,,nxa124430,nimali abeykoon
MATH,1325,5U1,6,,1,3,2,1,1,1,1,1,2,2,2,1,"Dahal, Rabin","Iudaev, Sergei",,,,,rxd153030,rabin dahal
ARHM,3342,091,,9,2,,4,3,,1,2,,1,,2,1,"Goode, Dianne H",,,,,,dgoode,dianne goode
ATCM,3350,0U1,8,7,4,,3,1,,1,,,,,1,0,"Hewitt, Sharon",,,,,,sxh090220,sharon hewitt
COMD,7V68,0U1,,25,,,,,,,,,,,,0,"Sale, Felicity F",,,,,,ffs013000,felicity sale
CS,4347,0U1,4,7,3,2,2,1,1,4,,,,,1,0,"Cankaya, Ebru C","Zi, Yuxin",,,,,exc067000,ebru cankaya
CS,6301,0U3,,22,3,,,,,,,,,,,0,"Thuraisingham, Bhavani","Chen, Simin",,,,,bxt043000,bhavani thuraisingham
CS,6360,5U1,,6,5,8,2,3,,,,,,,1,0,"Davis, Chris I","Dakshit, Sagnik",,,,,cid021000,chris davis
ECS,3361,0U2,,12,4,5,,2,,,,,,,1,1,"Harrington, James","Johnson, Sara K",,,,,jxh134630,james harrington
EE,3310,5U1,,6,3,3,2,6,1,2,1,,1,,,0,"Pourkamali, Siavash","Palit, Prithviraj","Sheikhlari, Sepehr",,,,sxp124631,siavash pourkamali
PA,6369,5U1,,25,,,,,,,,,,,,0,"McCaskill, John R",,,,,,jrm094020,john mccaskill
BCOM,4350,5E1,,14,6,1,1,,1,,,,1,,1,0,"Watson, John M","Shirvin, Mahdi",,,,,,john watson
FIN,6301,XS1,,19,2,2,2,,,,,,,,,0,"Reichert, Carolyn A",,,,,,carolyn,carolyn reichert
HMGT,6320,CH1,,16,2,3,4,,,,,,,,,0,"Fleming, Forney F",,,,,,fwf081000,forney fleming
IMS,6204,XS1,,15,7,1,1,1,,,,,,,,0,"Kiser, Stephen L",,,,,,slk012100,stephen kiser
MKT,6301,XS1,,24,,,1,,,,,,,,,0,"Albrecht, Maria",,,,,,mxa180037,maria albrecht
BIOL,3102,0U1,3,3,2,4,,2,1,1,1,1,4,2,1,0,"Srikanth, Uma",,,,,,ukrish,uma srikanth
CHEM,2123,1U1,19,5,,,,,,,,,,,,1,"Abeykoon, Nimali C","Wang, Hanghang","Tian, Yafen",,,,nxa124430,nimali abeykoon
ECON,2301,0U1,1,8,3,5,3,3,,,,,,,1,1,"Chen, Zhengyang",,,,,,zxc151030,zhengyang chen
ACCT,2302,5U1,1,2,2,1,2,5,3,1,2,2,1,2,1,1,"Hes, Christopher A",,,,,,cah041000,christopher hes
ACCT,6301,CH1,,24,2,,,,,,,,,,,0,"Barden, John P",,,,,,jpb063000,john barden
IMS,6204,AW1,,12,,,12,,,,,,,,1,1,"Petrik, Peter","McCracken, John",,,,,,peter petrik
ITSS,4360,5U1,,2,8,3,6,4,2,1,,,,,,0,"Thirumalai, Nambi","Luo, Ning",,,,,ndt180001,nambi thirumalai
MECO,6303,5U1,,3,4,5,6,2,3,1,,,,,2,0,"Kiser, Stephen L",,,,,,slk012100,stephen kiser
MECO,6303,AW1,,17,3,3,,1,,,,,,,1,1,"Kiser, Stephen L",,,,,,slk012100,stephen kiser
MIS,6320,0W1,,6,7,7,2,1,3,,,,,,,0,"Cavusoglu, Huseyin","Tunc, Murat M",,,,,huseyin,huseyin cavusoglu
PHYS,2125,1U1,2,15,4,1,,,1,1,,1,,,1,0,"Sun, Kuei","Ferguson, Sarah W","Dhawan, Ruchika",,,,kxs147030,kuei sun
CRIM,3320,0U1,7,7,4,1,,4,,,,,,,1,2,"Huskey, Michael",,,,,,mxh160630,michael huskey
ATCM,3338,0U1,,4,8,2,3,2,1,1,3,1,,,1,1,"Chandler, Adam W",,,,,,awc051000,adam chandler
COMD,5340,0U1,,27,,,,,,,,,,,,0,"Aldridge, Michelle A",,,,,,aldridge,michelle aldridge
COMD,6320,0U1,,25,,,2,,,,,,,,,0,"Carter, Jessica A","Smith, Irma E",,,,,jar032000,jessica carter
CS,2336,0U1,2,3,7,7,7,1,,,,,,,,0,"Khan, Ziaullah","Dong, Zheng",,,,,kkhan,ziaullah khan
CS,6375,5U1,,15,4,3,2,1,,1,,,,,1,0,"Schweitzer, Haim","Wan, Guihong",,,,,haim,haim schweitzer
MECH,4381,0U1,,9,5,6,6,1,,,,,,,,0,"Hart, Robert A","Upasham, Sayali S",,,,,rxh124630,robert hart
BIS,3320,091,3,5,8,3,2,1,1,2,1,,,1,,0,"Hudson, Jennifer M",,,,,,jxh100220,jennifer hudson
FIN,6301,PU1,,15,9,,1,1,1,,,,,,,0,"Reichert, Carolyn A",,,,,,carolyn,carolyn reichert
MKT,4330,0W1,4,6,4,,3,5,2,1,1,,,,,1,"Edsel, Alexander D","Subramanian, Thyagarajan",,,,,ade012000,alexander edsel
OPRE,6390,0W1,,19,,,7,,,,,,,,,1,"Thompson, Luell O",,,,,,lot013000,luell thompson
BIOL,2111,0U2,,6,7,4,2,2,,1,1,1,1,2,,0,"Candas, Mehmet",,,,,,candas,mehmet candas
PHYS,2126,1U1,12,14,1,,,,,,,,,,,0,"Macalevey, Paul J","Stoikos, Evangelos","Fernando, Bharana A",,,,paulmac,paul macalevey
STAT,4351,0U1,3,3,4,3,6,1,,2,,,,,4,1,"Koshevnik, Yuly","Patwary, Mohammad S","Wu, Jiaju",,,,yxk055000,yuly koshevnik
CS,4348,0U1,2,5,4,4,3,1,2,,1,1,1,2,1,1,"Christiansen, Michael G","Shahbazi, Nima",,,,,mgc013000,michael christiansen
CS,6363,0U1,,17,2,2,4,2,1,,,,,,,0,"Chandrasekaran, Ramaswamy","Gour, Riti",,,,,chandra,ramaswamy chandrasekaran
SOC,1301,0W1,2,10,5,1,,2,2,,,,,1,4,1,"Simoni, Zachary",,,,,,zrs160030,zachary simoni
AMS,2341,0H2,,4,7,5,7,2,1,,2,,,,,0,"Naqvi, Syed K",,,,,,skn180000,syed naqvi
ACCT,2301,5U1,1,2,4,1,4,1,6,3,3,,,,2,1,"Swaim, Stephanie R",,,,,,srp065000,stephanie swaim
ACCT,6353,SW1,,8,18,,2,,,,,,,,,0,"Solcher, Steven J",,,,,,sjs107020,steven solcher
BIOL,2112,0U1,1,4,3,6,4,1,3,2,1,1,,2,,0,"Candas, Mehmet",,,,,,candas,mehmet candas
BIOL,3455,1U2,2,1,2,1,9,2,1,2,4,1,1,,2,0,"Ramirez, Ruben D",,,,,,rdr092000,ruben ramirez
CHEM,2125,1U2,8,17,1,1,,,,,,1,,,,0,"Tran, Daniel N","Tague, Daniel W","Wunch, Melissa A",,,,dnt019000,daniel tran
MATH,2414,0U1,3,2,1,5,2,5,2,1,4,1,,1,1,0,"Aman, Kelly",,,,,,kxa143530,kelly aman
ATCM,3301,5U1,1,10,5,2,1,3,,1,2,1,,1,2,0,"Rheams, David C",,,,,,dcr093020,david rheams
PSY,4343,0U1,,2,11,4,4,4,1,,,,,,3,0,"Kinney, Robert S","Adelson, Megan J",,,,,,robert kinney
CS,2305,5U1,6,7,4,1,3,1,1,,,,1,2,2,1,"Farage, Timothy P","Yu, Shimeng",,,,,tfarage,timothy farage
AMS,3316,0W1,11,5,6,2,1,,,1,1,,,,2,0,"Winstead, Elizabeth L",,,,,,lwm061000,elizabeth winstead
BIS,3190,0W1,10,8,2,,2,4,,1,,,1,,1,0,"Robinson, Katie L","Edwards, Christopher W",,,,,klr180002,katie robinson
ACCT,4334,5U1,,,5,4,4,3,3,3,2,2,1,,,2,"Hes, Christopher A",,,,,,cah041000,christopher hes
BUAN,6312,0W1,,2,8,9,5,1,3,1,,,,,,0,"Blueshtein, Moran","Lee, Pil-Seng",,,,,mxb135230,moran blueshtein
HMGT,6332,5U1,,18,5,1,3,2,,,,,,,,0,"Ramanathan, Kannan",,,,,,kxr087000,kannan ramanathan
MIS,6380,0W1,,5,3,9,6,3,,1,,,,,1,1,"Bradbury, Judd D","Singh, Ayush K",,,,,jdb101000,judd bradbury
OB,6352,CW1,,18,6,2,2,1,,,,,,,,0,"Plaisance Bryan, Suzette T",,,,,,,suzette plaisance bryan
OPRE,6302,CW1,,15,14,,,,,,,,,,,0,"Hassanzadeh, Nozar",,,,,,nozarh,nozar hassanzadeh
DANC,1310,0H1,,11,4,1,2,1,,1,4,1,,,2,3,"Saba, Monica",,,,,,msaba,monica saba
ATCM,2335,5U1,,21,,2,1,,1,1,,,,,3,1,"Stewart, Michael C",,,,,,mxs128231,michael stewart
ATCM,3301,0U1,,4,3,11,8,3,,,,,,,1,0,"Imaoka, Laura",,,,,,lxi170030,laura imaoka
NSC,4352,0U2,2,4,9,1,4,3,2,1,1,,,,2,1,"Raboune, Siham",,,,,,sxr180071,siham raboune
EE,3201,0U1,,9,10,4,3,1,1,,,1,,,,1,"Kiasaleh, Kamran",,,,,,kamran,kamran kiasaleh
ACCT,6301,0W1,,6,9,5,4,4,,1,,,,,,1,"Ali, Ashiq","Sandhu, Gurvinder",,,,,axa042200,ashiq ali
BCOM,3200,5U1,2,9,1,4,5,3,,4,,,1,,1,0,"Newcomb, Rebecca G",,,,,,rgn100020,rebecca newcomb
BCOM,3310,0U3,2,11,6,3,5,,1,,1,,,,1,0,"Walton, Michaella",,,,,,mrw170730,michaella walton
BPS,6310,0W1,,23,4,1,1,,,,,,,,,1,"Kaplan, Marilyn R",,,,,,mkaplan,marilyn kaplan
BUAN,6337,0W1,,3,6,6,5,4,4,2,,,,,,0,"Subramanian, Upender","Saremi, Ehsan",,,,,uxs092000,upender subramanian
IMS,3310,5U1,1,10,1,1,5,1,4,3,,,2,,2,0,"Henderson, Tom",,,,,,txh093000,tom henderson
MIS,6204,501,,24,5,,1,,,,,,,,,0,"Fuller, Tony F","Xie, Si",,,,,tff170130,tony fuller
OB,6331,CW1,,29,,1,,,,,,,,,,0,"Ferrante, Anne M",,,,,,,anne ferrante
OB,6344,CW1,,21,2,4,,,,,,,,,2,1,"Norton, Larry",,,,,,,larry norton
ATCM,2303,0U1,12,8,6,4,,1,,,,,,,,0,"Camacho, Christopher J",,,,,,cjc043000,christopher camacho
CS,1325,0U1,3,,5,3,5,8,2,1,2,,,,2,0,"Paulk, Mark C","Li, Changbin",,,,,mcp130030,mark paulk
CS,3360,5U1,6,1,3,4,3,2,4,,2,2,,1,2,1,"Arnold, Gordon L","Zhang, Chenxu",,,,,gxa120930,gordon arnold
CS,3377,0W1,4,3,,1,8,2,4,4,2,1,,,1,1,"Min, Richard K","Zeng, Wenxi",,,,,rkm010300,richard min
ENGR,3341,0U1,1,5,3,4,1,1,3,2,5,,,4,1,1,"Fonseka, John",,,,,,kjp,john fonseka
SE,4381,0U1,1,5,6,6,8,2,,2,1,,,,,0,"Paulk, Mark C","Sarwat, Maliha",,,,,mcp130030,mark paulk
PSCI,4341,0U1,4,7,5,4,7,2,,1,1,,,,,0,"Kingsolver, Austin W",,,,,,,austin kingsolver
ISIS,3335,091,6,7,6,3,5,2,1,,1,,,,,0,"Rosa, Jonathan",,,,,,jxr172530,jonathan rosa
ACCT,6338,0W1,,17,,3,9,,,2,,,,,,0,"Goodrich, Mary Beth W",,,,,,goodrich,mary beth goodrich
HUMA,1301,051,9,11,3,3,3,,,,,2,,,,1,"Amato, Lawrence A",,,,,,laa062000,lawrence amato
NSC,3361,0U2,7,1,3,1,3,2,5,2,2,,3,,3,0,"Taylor, Anna M","Zuppichini, Mark D",,,,,amt180004,anna taylor
CS,4332,0U1,16,9,1,2,,2,1,,,,,,1,0,"McMahan, Timothy","Wang, Yeqi",,,,,txm173230,timothy mcmahan
PA,8330,HN1,,21,7,,1,,,2,,,,,,1,"Shute, William H","Chin, Michelle L",,,,,whs170030,william shute
ACCT,6353,5U1,,17,2,4,2,3,2,,,,,,2,0,"Gamino, John P",,,,,,jpg140630,john gamino
BCOM,3310,5U1,4,13,4,3,4,2,1,,,,,,,1,"Walton, Michaella",,,,,,mrw170730,michaella walton
BUAN,6356,5U2,,16,6,2,5,1,,,,,,,,2,"Parker, Jason A","Zhu, Wangsheng",,,,,jap090020,jason parker
BUAN,6398,5U2,,20,2,4,6,,,,,,,,,0,"Alimirzaei, Athena","Ho, Yi-Ju",,,,,axa134231,athena alimirzaei
ENTP,3301,0U1,2,2,8,9,4,4,2,1,,,,,,0,"Nichols, Paul M",,,,,,pxn120030,paul nichols
ITSS,4351,5U1,,9,3,2,4,3,2,4,4,1,,,,0,"Shekhar, Gaurav","Singh, Ayush K",,,,,gxs150130,gaurav shekhar
BIOL,2112,0U2,4,9,3,2,6,3,1,1,,,1,1,1,0,"Candas, Mehmet",,,,,,candas,mehmet candas
BIOL,4353,5U1,1,1,3,1,6,5,1,5,5,1,3,,,0,"Burr, John G",,,,,,burr,john burr
PSY,3361,0U1,,2,5,4,4,6,3,4,,1,,1,2,1,"Meltzer, Mitchell A","Sudheesh, Athul",,,,,mam089100,mitchell meltzer
CS,4336,0U1,1,3,9,7,1,1,6,1,,,1,1,1,1,"Ozbirn, Greg A","Chappidi, Sruthi",,,,,ozbirn,greg ozbirn
CS,4384,0U1,1,4,1,5,2,3,1,3,3,,1,4,5,0,"Shields, Charles O","Gu, Shuyang",,,,,cshields,charles shields
MECH,4340,0U1,,6,6,5,7,,6,1,2,,,,,0,"Park, Wooram","Yu, Haoliang",,,,,wxp103020,wooram park
ACCT,4336,5U1,1,,3,3,2,2,2,1,4,7,,3,4,1,"Patino, Daniel I",,,,,,dip101020,daniel patino
BPS,4305,5U1,15,7,5,1,2,1,,,,,2,,,0,"Carraher, Shawn M",,,,,,smc130730,shawn carraher
ENTP,6370,0W1,,9,3,5,12,1,,2,,,,,,1,"Kimzey, Jackie","Wang, Congying",,,,,jxk092000,jackie kimzey
MKT,6309,0W1,,7,14,10,2,,,,,,,,,0,"Li, Xiaolin","Kasaian, Keyvan",,,,,xxl157230,xiaolin li
OB,6249,CW1,,25,,,7,,,,,,,,,1,"Hicks, Robert",,,,,,,robert hicks
OB,6351,CW1,,21,7,3,,,,1,,,,,,1,"Hicks, Robert",,,,,,,robert hicks
BIOL,3302,0U1,3,3,2,8,,2,2,2,2,1,4,3,1,0,"Srikanth, Uma","Bhat, Vandita D","Tandon, Neha Ramesh","Smith, Patrick R",,,ukrish,uma srikanth
MATH,2413,0U1,3,3,3,8,1,,2,4,,,1,,6,2,"Akbar, Mohammad M",,,,,,mma110020,mohammad akbar
CS,3305,0U1,10,6,1,3,4,,,6,,,,3,,1,"Farage, Timothy P","Mousavi, Pooneh",,,,,tfarage,timothy farage
CS,6366,0U1,,16,12,4,1,1,,,,,,,,0,"Zhang, Kang","Fan, Zhenbao",,,,,kzhang,kang zhang
BUAN,6341,0U1,,8,21,3,2,,,,,,,,,0,"Sohaee, Nassim","Mehta, Sameer",,,,,nxs045000,nassim sohaee
FIN,3320,0U2,1,5,4,2,8,2,3,6,,,,,3,0,"Peabody, Stephen D",,,,,,sdp093020,stephen peabody
IMS,3310,0U1,,7,2,4,10,1,2,5,2,,,,1,0,"Henderson, Tom",,,,,,txh093000,tom henderson
OBHR,4352,5U1,3,9,4,8,3,3,1,,2,,1,,,0,"Ritchey, Kemberly A",,,,,,kar014400,kemberly ritchey
OPRE,3310,0U1,10,6,2,7,5,2,,1,,,,,,1,"Zhang, Wen",,,,,,,wen zhang
BIOL,2111,0U1,3,10,8,6,4,,1,1,,,,,,1,"Candas, Mehmet",,,,,,candas,mehmet candas
CS,6385,0W2,,14,9,6,4,,,2,,,,,,0,"Gupta, Neeraj K","Li, Yi",,,,,nkg140130,neeraj gupta
EE,3301,0U1,4,8,2,2,6,1,2,2,,2,2,,4,0,"Tacca, Marco","Mitra, Arkadeep","Zhang, Tianliang","Gandluru, Veerabharathchandrareddy","Gharajeh, Abouzar",,mtacca,marco tacca
ENGR,3300,0U2,,9,1,5,8,1,3,7,,,1,,,0,"Ali, Mohammed Z","Upadhyay, Bhaskar R",,,,,mohammed,mohammed ali
BLAW,2301,5U1,,4,4,6,3,7,2,3,3,,1,,2,0,"Betanzos, Christina L",,,,,,clb120030,christina betanzos
FIN,6350,0W1,,9,7,4,12,2,,,,,,,1,0,"Reichert, Carolyn A",,,,,,carolyn,carolyn reichert
HMGT,6405,AH6,,30,2,,1,,,,,,,,2,0,"Kaiser, Robert C",,,,,,,robert kaiser
MKT,4334,5U1,4,12,4,5,3,2,,4,,1,,,,0,"Pacyna, Sandra",,,,,,sxp158130,sandra pacyna
MKT,6301,0W2,,8,3,4,14,6,,,,,,,,0,"Pahwa, Parneet","Roshangarzadeh, Reza",,,,,pxp030100,parneet pahwa
OB,6331,CW2,,34,,,,,,,,,,,,1,"Ferrante, Anne M",,,,,,,anne ferrante
OPRE,6301,5U1,,10,3,5,8,5,3,1,,,,,,0,"Brussolo, Monica E","Takasi, Venkanna Dora Goutham",,,,,meb049000,monica brussolo
CS,4349,0U1,3,4,2,2,11,3,1,5,2,1,1,1,,0,"Cankaya, Ebru C","Shah, Trusit Sandipbhai","Zi, Yuxin",,,,exc067000,ebru cankaya
CS,6385,0W1,,19,9,5,3,,,,,,,,,0,"Farago, Andras","Moeini, Hessam",,,,,farago,andras farago
BPS,6310,MBP,,19,,10,7,,,,,,,,,0,"Chasteen, Larry H","Bai, Xiaoou","Balaji, Pavithra",,,,chasteen,larry chasteen
FIN,6301,CW1,,18,4,6,6,1,,1,,,,,,0,"Reichert, Carolyn A",,,,,,carolyn,carolyn reichert
IMS,6204,CW1,,20,8,5,2,1,,,,,,,,0,"Woldu, Habte G","Pradeep, Poojitha",,,,,wolduh,habte woldu
OPRE,6302,MBP,,23,8,4,1,,,,,,,,,0,"Subramoniam, Ramesh",,,,,,rxs179630,ramesh subramoniam
BIOL,3161,0U3,5,8,4,1,2,3,3,4,5,1,,,,0,"Candas, Mehmet","McDill, Parker M","Krishnamohan, Aishwarya","Ray, Ashvini","Dey, Sanchareeka","Song, Ming",candas,mehmet candas
MATH,2414,0U2,2,2,3,5,2,9,4,1,1,1,1,,5,0,"Ahsan, Mohammad K",,,,,,mka120030,mohammad ahsan
EE,4389,0U1,,21,,,9,6,1,,,,,,,0,"Bhatia, Dinesh","Nourmohamadi, Hesam","Goswami, Pingakshya",,,,dinesh,dinesh bhatia
ACCT,3332,5U1,,3,,,4,,,12,,,4,,7,7,"Karnuta, Daniel","Tatiparti, Venu Madhav",,,,,dxk173030,daniel karnuta
ACCT,6335,5U1,,5,5,6,7,6,3,2,,,,,2,1,"Swaim, Stephanie R",,,,,,srp065000,stephanie swaim
BCOM,3310,0U1,8,11,5,7,4,,2,,,,,,,0,"Fry, Jennifer L",,,,,,jlf130030,jennifer fry
BIOL,3301,0U2,6,6,7,6,1,2,1,2,3,,2,,1,0,"Srikanth, Uma","Sankaranarayanan, Ishwarya","Nawas, Afshan Fathima","Shukla, Tarjani","Zhang, Bo","Jiang, Xianli",ukrish,uma srikanth
CS,6364,0U1,,24,7,3,2,1,1,,,,,,,0,"Schweitzer, Haim","Zhang, Shuai",,,,,haim,haim schweitzer
BCOM,3310,0U2,,9,17,1,7,2,,2,,,,,,0,"Smallwood, Margaret G","Shirvin, Mahdi",,,,,meg012400,margaret smallwood
OBHR,3330,0U1,5,7,8,2,4,7,4,,,,1,,,0,"Ritchey, David B",,,,,,davidr,david ritchey
OPRE,6301,5U3,,18,,7,12,,,,,,,,,1,"Ahadi, Khatereh","Chen, Yuhang",,,,,kxa180010,khatereh ahadi
COMD,7V89,0U1,,31,,2,4,,,,,,,,,0,"Walsh, Diane G","Scheppele, Meredith A",,,,,dxg022000,diane walsh
CS,6350,0U1,,20,14,5,,,,,,,,,,0,"Nagar, Anurag","Chung, Yu-Yen",,,,,axn112530,anurag nagar
AMS,3350,0W1,15,9,4,1,1,2,,,2,,,,4,1,"Winstead, Elizabeth L",,,,,,lwm061000,elizabeth winstead
ACCT,6333,5U1,,20,,,10,,,8,,,,,1,0,"Zolton, Kathy","Chu, Yu Fang",,,,,kxz121730,kathy zolton
FIN,3320,5U1,6,3,,5,6,7,3,3,3,1,1,,1,0,"Han, Munhee",,,,,,mxh142730,munhee han
ITSS,3311,5U1,2,14,6,13,3,,1,,,,,,,0,"Hosseini, Leila",,,,,,lxh132430,leila hosseini
ITSS,4300,5U1,,5,2,8,5,4,4,3,3,,3,,2,0,"Owens, Dawn M","Bhansali, Akanksha",,,,,dmo130130,dawn owens
OPRE,6302,0W1,,11,12,12,2,,,,,,,,,2,"Dawande, Milind","Takasi, Venkanna Dora Goutham",,,,,milind,milind dawande
STAT,2332,0U1,8,5,4,5,3,1,4,2,3,2,,2,,0,"Whalen, Tristan G","Langford, John","Roy, Akash",,,,tgw100020,tristan whalen
EE,3311,5U1,,5,3,7,8,6,7,2,,,,,1,1,"Sechen, Carl","Hu, Bo","Xu, Xiangyu",,,,cms057000,carl sechen
ENGR,3300,0U1,4,10,3,2,10,3,,6,1,,,,1,0,"Ali, Mohammed Z","Marzban, Mohamed F",,,,,mohammed,mohammed ali
GOVT,2305,0U2,,9,5,6,3,7,4,,,1,,1,2,2,"Lux, Ryan J",,,,,,rjl140330,ryan lux
FIN,3330,0U1,3,13,4,6,11,,,1,,,,,,2,"Peabody, Stephen D",,,,,,sdp093020,stephen peabody
ITSS,3312,5U1,5,8,7,6,4,5,4,,1,,,,,0,"Sun, Geng",,,,,,gxs122530,geng sun
OBHR,3310,0U1,4,13,5,,8,3,1,4,,,1,,1,0,"Ritchey, David B",,,,,,davidr,david ritchey
OPRE,3360,0U2,5,5,6,4,6,,4,8,,,,,,2,"Ahadi, Khatereh","Chen, Yuhang",,,,,kxa180010,khatereh ahadi
BCOM,4350,0U1,11,11,8,4,,3,,1,2,,1,,,0,"de los Santos, Veronica",,,,,,vxd171930,veronica de los santos
BCOM,4350,0U2,,21,15,2,2,1,,,,,,,,0,"Smallwood, Margaret G","Shirvin, Mahdi",,,,,meg012400,margaret smallwood
FIN,3390,5U1,3,10,,3,6,5,4,,4,,,4,1,1,"El-Ashmawi, Amal H",,,,,,ahe013000,amal el ashmawi
IMS,3310,0U2,,5,6,5,6,5,3,6,,1,1,,2,1,"Henderson, Tom",,,,,,txh093000,tom henderson
OBHR,3310,5U1,1,7,19,6,4,,1,1,,,,,1,1,"Meda, Edward","Boncoeur, Olivier D",,,,,exm150330,edward meda
ECS,3361,5U1,,3,16,7,5,3,5,3,,,,,,0,"Ibrahim, Yaser M",,,,,,ymi140030,yaser ibrahim
MECH,4380,0U1,1,8,6,5,10,3,6,2,1,,,,,0,"Fadda, Dani Z","Azarnoosh, Jamasp",,,,,dzf091000,dani fadda
GOVT,2305,0U1,13,8,6,5,2,4,,,3,1,,,,0,"Hoffman, Blake M",,,,,,,blake hoffman
BCOM,4350,5U1,25,5,5,1,4,,2,,,,,,,0,"de los Santos, Veronica",,,,,,vxd171930,veronica de los santos
MKT,6301,0W1,,13,5,6,10,8,,,,,,,,0,"Pahwa, Parneet","Roshangarzadeh, Reza",,,,,pxp030100,parneet pahwa
NSC,3361,0U1,6,6,10,,1,4,4,1,3,1,,2,5,0,"McWilliams, Steven P","Abdelkarim, Dema H",,,,,sxm127330,steven mcwilliams
GOVT,2306,0U1,2,7,7,5,3,9,2,4,1,1,,,2,0,"Carr, Cory K",,,,,,,cory carr
ACCT,6373,5U1,,16,,5,21,,,1,,,,,,0,"Karnuta, Daniel","Tatiparti, Venu Madhav",,,,,dxk173030,daniel karnuta
IMS,6204,0W1,,13,14,12,1,2,,,,,,,,1,"Woldu, Habte G","Pradeep, Poojitha",,,,,wolduh,habte woldu
BIOL,3161,0U2,3,14,6,3,4,3,5,3,1,,,,,1,"Candas, Mehmet","Krishnamohan, Aishwarya","Ray, Ashvini","McDill, Parker M","Dey, Sanchareeka","Song, Ming",candas,mehmet candas
HLTH,3300,0U1,,9,11,7,3,7,,1,3,,3,,,0,"Byrnes, Kathleen A",,,,,,kab019000,kathleen byrnes
BCOM,3200,0U1,,35,1,5,1,,2,,,,,,,0,"Berardi, Caryn S",,,,,,cds110030,caryn berardi
BUAN,6337,5U1,,7,11,10,13,3,,,,,,,,0,"Chatterjee, Sourav","Kamatham, Sriharsha",,,,,sxc180075,sourav chatterjee
BUAN,6340,5U1,,40,,,2,,,1,,,,,,1,"Parker, Jason A","Zhu, Wangsheng",,,,,jap090020,jason parker
BUAN,6346,5U1,,31,9,3,,,,,,,,,,1,"Perez, Jerry","Tang, Ping",,,,,jxp180019,jerry perez
MKT,6332,0W1,,12,11,13,6,2,,,,,,,,0,"Biswas, Abhijit","Kasaian, Keyvan",,,,,axb019100,abhijit biswas
MATH,2420,0U1,16,5,4,1,4,2,1,2,,1,3,,4,1,"Ramakrishna, Viswanath","Thompson, Patrick A","Adabrah, Anani Komla",,,,vish,viswanath ramakrishna
HIST,2301,591,,12,,,12,,,10,,1,6,2,2,0,"Volanto, Keith J","Varghese, Shawn",,,,,kjv062000,keith volanto
PSY,3331,0U1,,12,2,2,6,4,2,5,2,,4,,6,0,"Huxtable-Jester, Karen J","Knoch, Desiree'",,,,,kxh014900,karen huxtable jester
PSY,3360,5U1,4,2,2,5,6,3,6,3,,6,,,6,2,"Assmann, Peter","Gryder, Kieth",,,,,assmann,peter assmann
ACCT,6344,0W1,,15,12,8,5,3,1,,,,,,,1,"Gurun, Umit","Gencer, Nur Pinar",,,,,ugg041000,umit gurun
HMGT,6403,AS1,,43,,2,,,,,,,,,,0,"McCracken, John","Barden, John P",,,,,,john mccracken
MECO,6303,0W2,,8,1,5,13,,6,12,,,,,,0,"Lewin, Peter","Zhao, Yabo",,,,,plewin,peter lewin
OPRE,6332,5U1,,23,9,8,1,2,2,,,,,,,0,"Ramanathan, Kannan","Li, Yining",,,,,kxr087000,kannan ramanathan
HMGT,6404,AS1,,46,,,,,,,,,,,,0,"McCracken, John","Convery, Paul",,,,,,john mccracken
BIOL,3161,0U1,1,11,5,5,7,6,3,4,,1,2,,1,0,"Candas, Mehmet","Dey, Sanchareeka","McDill, Parker M","Krishnamohan, Aishwarya","Ray, Ashvini","Song, Ming",candas,mehmet candas
CS,3341,0U1,12,4,1,2,6,2,3,5,2,2,,3,5,0,"Whalen, Tristan G","Chen, Ying","Dey, Asim K",,,,tgw100020,tristan whalen
ECS,3361,0U1,3,18,10,6,6,4,,,,,,,,0,"McCaskill, John R","Johnson, Sara K",,,,,jrm094020,john mccaskill
OB,6307,0W1,,38,1,,7,,,1,,,,,,0,"Richard, Orlando","Boncoeur, Olivier D",,,,,pretty,orlando richard
ACCT,6202,0W2,,6,11,15,10,3,,1,,,,,,1,"Janakiraman, Surya","Kale, Devendra",,,,,suryaj,surya janakiraman
AMS,4385,0W1,18,11,8,1,3,,1,2,,,,,2,2,"Winstead, Elizabeth L",,,,,,lwm061000,elizabeth winstead
MKT,3300,0W1,,22,6,2,4,6,,7,1,,,,,0,"Pahwa, Parneet","Roshangarzadeh, Reza",,,,,pxp030100,parneet pahwa
OPRE,3360,5U1,5,7,5,7,2,4,4,3,4,,,1,3,3,"Naseri Taheri, Mohammad","Li, Yining",,,,,mxn121930,mohammad naseri taheri
ISNS,2367,0W2,2,12,3,6,8,4,2,1,1,1,,1,5,2,"Pujana, Ignacio",,,,,,pujana,ignacio pujana
PHYS,2325,0U1,11,9,3,2,4,3,1,2,4,,4,1,2,2,"Ishak-Boushaki, Mustapha","Agashe, Anish N","Chinthak Murali, .",,,,mxi054000,mustapha ishak boushaki
CRIM,3301,0W1,17,21,4,1,4,,,1,,,1,,,0,"Shih, Meng Ru",,,,,,,meng ru shih
BPS,4305,0U1,17,7,10,3,5,1,1,1,4,,,,,0,"Carraher, Shawn M",,,,,,smc130730,shawn carraher
MKT,6352,0W1,,23,5,7,9,4,,1,,,,,,0,"Tirone, Guido",,,,,,gxt170001,guido tirone
MATH,2415,0U1,7,2,8,11,5,1,4,7,1,,,,2,1,"Eydelzon, Anatoly","Shen, Sijie","Soliman, Marwah M",,,,axe031000,anatoly eydelzon
PHYS,1301,0U1,7,15,3,2,4,4,,4,2,1,2,,5,0,"Slinker, Jason D","Wettasinghe, Ashan P","Asaadzade, Asiye",,,,jds107020,jason slinker
MIS,6360,0W1,,14,18,7,7,3,1,,,,,,,0,"Thouin, Mark",,,,,,mxt083000,mark thouin
PSY,3310,5U1,,10,8,9,11,4,3,1,2,,2,,1,0,"Bonner, Deborah L","Zhu, Yiyi",,,,,dbonner,deborah bonner
ACCT,6373,0W1,,25,,,25,,,1,,,,,,0,"Barden, John P","Tatiparti, Venu Madhav",,,,,jpb063000,john barden
CHEM,1311,0U1,,7,4,4,7,4,2,4,5,2,2,6,3,1,"Sra, Amandeep K","Mills, Kira R","Pope, Mitchell A",,,,aks057000,amandeep sra
BUAN,6398,5U1,,29,2,4,14,1,2,,,,,,,0,"Alimirzaei, Athena","Ho, Yi-Ju",,,,,axa134231,athena alimirzaei
FIN,3320,0U3,2,8,6,7,9,2,7,4,2,1,1,2,1,0,"Peabody, Stephen D",,,,,,sdp093020,stephen peabody
BIOL,3101,0U1,5,2,7,2,5,4,4,4,2,2,3,7,3,2,"Borovkov, Irina G","Zhou, Qin","Cao, Lian",,,,ixb053000,irina borovkov
MIS,6308,0W1,,14,13,7,13,2,,3,,,,,,1,"Raghunathan, Srinivasan","Srivastava, Smriti","Xie, Si",,,,sraghu,srinivasan raghunathan
MECH,3320,0U1,5,7,11,11,11,3,4,,1,1,,,,0,"Fadda, Dani Z","Mahmoudi, Mohammadreza",,,,,dzf091000,dani fadda
ACCT,6384,0W1,,37,9,6,,,,,,,,,1,1,"Kromer, Jeffrey",,,,,,jrk013000,jeffrey kromer
MATH,2418,0U1,5,6,4,4,9,1,6,7,1,,4,2,6,0,"Dahal, Rabin","Kravetc, Pavel","Yu, Shi",,,,rxd153030,rabin dahal
ACCT,6365,5U1,,12,11,15,10,4,4,,,,,,,0,"Cheng, Samuel","Chu, Yu Fang",,,,,sxc109021,samuel cheng
OB,6301,0W1,,48,,,7,,,1,,,,,,0,"Hasenhuttl, Maria","Kim, Dong Shin",,,,,h1562,maria hasenhuttl
OB,6301,0W2,,48,,,7,,,1,,,,,,0,"Hasenhuttl, Maria","Kim, Dong Shin",,,,,h1562,maria hasenhuttl
CHEM,2323,0U1,7,20,4,3,4,2,6,1,6,,,,1,2,"Cortes, Sergio J","Siddiki, A K M Nur Alam","Bhadran, Abhi",,,,scortes,sergio cortes
MECO,6303,0W1,,12,10,7,9,3,5,11,,,,,,0,"Lewin, Peter","Zhao, Yabo",,,,,plewin,peter lewin
ITSS,3300,5U1,,38,10,1,3,3,2,1,,,,,,0,"Owens, Sean M","Luo, Ning",,,,,smo150330,sean owens
OPRE,3310,5U1,8,15,4,20,4,3,2,,,,,,,2,"Kucukgul, Can",,,,,,cxk151030,can kucukgul
FIN,6301,0W1,,49,,,7,,,2,,,,,,1,"El-Ashmawi, Amal H",,,,,,ahe013000,amal el ashmawi
IMS,6360,0W1,,53,5,,1,,,,,,,,,0,"Siklar, Kurt",,,,,,kxs014600,kurt siklar
CRIM,3324,0W1,4,11,5,18,8,3,1,2,3,1,,1,2,0,"Hayslip, Melissa P",,,,,,mpb150030,melissa hayslip
BIOL,2312,0U1,5,13,6,8,10,4,4,3,1,2,1,2,1,0,"Candas, Mehmet","Soladogun, Adedamola S","Daescu, Kelly J",,,,candas,mehmet candas
COMD,7345,0U1,,45,,,5,,,,,,,,,0,"Cook, Lori G","Berglund, Amy",,,,,lgc011100,lori cook
OPRE,3310,0U2,9,20,11,9,8,3,1,,,,,,,0,"Chen, Jiayu",,,,,,jxc144030,jiayu chen
BIOL,2311,0U1,3,16,15,10,6,2,1,2,1,1,1,2,,1,"Candas, Mehmet","Yetkin, Celal E","Ratna, Tahira Amdid",,,,candas,mehmet candas
BIOL,3101,0U2,6,11,7,6,4,10,3,6,1,2,,2,2,3,"Borovkov, Irina G","Chen, Xingyu","Upreti, Chahat",,,,ixb053000,irina borovkov
PHYS,2326,0U1,2,19,23,11,7,2,1,,,1,,,3,0,"Gartstein, Yuri","Fox, Logan K","Zhou, Xiaohe",,,,yxg037000,yuri gartstein
CRIM,4396,0W1,27,21,8,4,4,6,,,,,1,,2,1,"Polk, Elmer O",,,,,,peo091000,elmer polk
CHEM,1312,0U1,3,4,6,6,9,10,7,6,10,,10,3,4,1,"Sibert, John W",,,,,,sibertj,john sibert
CHEM,2325,0U1,12,19,4,17,8,7,2,5,7,,3,,4,0,"Cortes, Sergio J","Siddiki, A K M Nur Alam","Bhadran, Abhi",,,,scortes,sergio cortes
ISNS,2359,0W1,27,24,11,7,11,2,,4,2,2,,1,4,1,"Pujana, Ignacio",,,,,,pujana,ignacio pujana
ISNS,2367,0W1,10,17,13,13,13,3,3,8,6,,2,,6,4,"Pujana, Ignacio",,,,,,pujana,ignacio pujana
BIOL,3361,0U1,6,29,11,8,11,11,7,11,3,2,1,,1,1,"Candas, Mehmet","McDill, Parker M","Krishnamohan, Aishwarya","Song, Ming","Ray, Ashvini","Dey, Sanchareeka",candas,mehmet candas
BIOL,3301,0U1,11,14,13,8,9,14,6,11,3,4,3,9,5,5,"Borovkov, Irina G","Zhou, Qin","Upreti, Chahat","Chen, Xingyu","Cao, Lian",,ixb053000,irina borovkov
COMD,7303,0U1,,94,,,27,,,1,,,,,,0,"Dean, Lucinda L","Kenedi, Helen","Boone, Melissa N",,,,lxl018300,lucinda dean
