Subject,Catalog Nbr,Section,A+,A,A-,B+,B,B-,C+,C,C-,D+,D,D-,F,P,CR,W,Instructor 1,Instructor 2,Instructor 3,Instructor 4,Instructor 5,Instructor 6,instructor_id,instructor_name_normalized
ACCT,2301,5U1,,6,1,2,1,2,3,1,,,,,,,,1,"Files, Rebecca L","Gu, Dongdi",,,,,yxh124430,ying huang
ACCT,2302,5U1,6,4,3,,3,1,3,4,2,4,3,1,,,,4,"Zolton, Kathy","He, Jiapeng",,,,,cah041000,christopher hess
ACCT,3331,5U1,2,1,4,2,,1,3,1,3,,1,,,,,4,"Zhou, Yibin","Gu, Dongdi",,,,,yxz066000,yibin zhou
ACCT,3341,5U1,1,2,2,2,2,1,2,,1,1,2,,,,,0,"Johnson, Jennifer","Zhang, Yang",,,,,jrk013000,jeffrey kromer
ACCT,3350,5U1,,2,2,,6,2,3,1,,,1,,,,,0,"Gamino, John P",,,,,,jpg140630,john gamino
ACCT,4334,5U1,,1,1,3,5,1,,2,1,2,,,,,,0,"Hes, Christopher A","Gu, Dongdi",,,,,cah041000,christopher hess
ACCT,4340,5U1,4,7,1,1,4,4,,1,1,,1,,,,,1,"Johnson, Jennifer",,,,,,jxj091000,jennifer johnson
ACCT,6194,SW1,,6,,,2,,,,,,,,,,,2,"Johnson, Jennifer",,,,,,jxj091000,jennifer johnson
ACCT,6202,0W1,,9,13,12,11,5,3,2,,,,,,,,1,"Janakiraman, Surya","Zhang, Yang",,,,,suryaj,surya janakiraman
ACCT,6301,5U1,,3,4,7,5,3,,1,,,,,1,,,1,"Ballew, Gregory E","Holstead, Cameron",,,,,srp065000,stephanie poindexter swaim
ACCT,6305,0W1,,15,11,12,2,,,,,,,,,,,1,"Janakiraman, Surya","Zhang, Yang",,,,,suryaj,surya janakiraman
ACCT,6330,0W1,,1,,1,3,,,3,,,,,1,,,2,"Cready, William M","Holstead, Cameron",,,,,wmc041000,william cready
ACCT,6331,0W1,,1,,,8,,,1,,,,,,,,1,"Cready, William M","Holstead, Cameron",,,,,wmc041000,william cready
ACCT,6331,SW1,,4,8,4,1,,,,,,,,,,,0,"Janakiraman, Surya","Zhang, Yang",,,,,suryaj,surya janakiraman
ACCT,6333,5U1,,7,,,6,,,1,,,,,,,,1,"Zolton, Kathy","He, Jiapeng",,,,,kxz121730,kathy zolton
ACCT,6338,5D1,,16,3,,4,,,,,,,,,,,0,"Goodrich, Mary Beth W",,,,,,goodrich,mary beth goodrich
ACCT,6344,0W1,,25,16,14,4,2,,,,,,,,,,0,"Gurun, Umit","Gu, Dongdi","Holstead, Cameron",,,,ugg041000,umit gurun
ACCT,6344,SW1,,9,4,3,,,,,,,,,,,,0,"Solcher, Steven J","Zolton, Kathy",,,,,sjs107020,steven solcher
ACCT,6353,PPA,,12,12,3,4,,,,,,,,,,,0,"Solcher, Steven J",,,,,,sjs107020,steven solcher
ACCT,6365,5U1,,17,19,21,9,8,1,,,,,,,,,0,"Cheng, Samuel",,,,,,sxc109021,samuel cheng
ACCT,6367,5U1,,38,5,1,4,1,,1,,,,,,,,0,"Gamino, John P","Frost, Sandra M",,,,,jpg140630,john gamino
ACCT,6384,0W1,,56,5,2,,,,,,,,,1,,,1,"Kromer, Jeffrey","He, Jiapeng",,,,,jrk013000,jeffrey kromer
ACCT,6392,5U1,,4,20,20,14,3,,,,,,,,,,0,"Hes, Christopher A","Gu, Dongdi",,,,,cah041000,christopher hess
ACN,6338,0U1,,5,,,4,,,,,,,,,,,1,"Sultana, Rukhsana",,,,,,rxs170431,rukhsana sultana
ACN,6344,0W1,,12,,,,,,,,,,,,,,0,"Orrick, Erika D",,,,,,edo042000,erika orrick
ACN,6395,0W1,,10,1,1,,,,1,,,,,,,,0,"Hooge, Kimberley O",,,,,,koh170030,kimberley orsten hooge
ACN,6V81,0U1,,17,1,,1,,,,,,,,,,,0,"McWilliams, Steven P",,,,,,sxm127330,steven mcwilliams
AMS,2300,0U1,,6,2,1,3,,,1,,,,,,,,0,"Werhnyak, Larissa",,,,,,lxw163630,larissa werhnyak
AMS,3316,0W1,14,7,6,1,,,1,,,,,,1,,,0,"Winstead, Elizabeth L",,,,,,lwm061000,elizabeth winstead
AMS,4385,0W1,8,9,4,1,1,4,1,,,,,,3,,,1,"Winstead, Elizabeth L",,,,,,lwm061000,elizabeth winstead
ARTS,1301,0W1,13,6,1,3,2,,,2,2,,1,,,,,0,"Wilder, James E","Bennett, Rodger",,,,,kxg190019,kelly grandjean
ARTS,1316,0U1,8,5,2,,1,,,,,,,,,,,1,"Miranda, Jeffrey",,,,,,glmetz,greg metz
ARTS,3367,0U1,10,3,3,,,,,,,,,,,,,0,"Miranda, Jeffrey",,,,,,jxm069000,jeffrey miranda
ARTS,3379,591,9,4,,,1,1,,,,,,,1,,,1,"Loving, Emily",,,,,,exl097120,emily loving
ATCM,2300,051,4,6,1,2,2,1,,,,,,,,,,0,"Ferreira de Souza, Leticia",,,,,,lxf161030,leticia ferreira de souza
ATCM,2301,551,,7,2,1,,1,2,,1,,,,,,,0,"Nguyen, Tuoc K",,,,,,tkn180000,tuoc nguyen
ATCM,2302,051,5,1,2,,3,1,,1,,,,,1,,,0,"Minnish, Roxanne W",,,,,,daa170730,donna aldridge
ATCM,2303,5U1,16,,,,,,,,,,,,,,,0,"Stewart, Michael C",,,,,,mxs128231,michael stewart
ATCM,2350,0U1,8,3,2,,,,,,,,,,,,,0,"Hoggatt, Zane C",,,,,,zch150030,zoey hoggatt
ATCM,3301,0U1,,1,3,1,,4,,1,1,,,,1,,,0,"Heaslip, Audra",,,,,,lxi170030,laura imaoka
ATCM,3301,0W1,,3,5,3,,,,,,,,,3,,,1,"Ramakrishnan, Sharathchandra",,,,,,lxi170030,laura imaoka
ATCM,3301,0W2,10,4,4,,,,,,,,,,,,,1,"Fraley, James M",,,,,,srm140030,stephen mallory
ATCM,3305,0U1,,1,2,2,7,3,,,1,,,2,1,,,0,"McComber, Sean",,,,,,cjc043000,christopher camacho
ATCM,3306,0U1,,5,3,3,3,2,,1,1,1,1,1,4,,,2,"McCord, Peter A",,,,,,cjc043000,christopher camacho
ATCM,3307,0U1,,1,2,4,2,5,1,,2,,,,2,,,0,"McCord, Peter A",,,,,,pam062000,peter mccord
ATCM,3337,0U1,5,2,7,,1,,,,,,1,,2,,,0,"Wood, Harold G",,,,,,hgw021000,harold wood
ATCM,3338,051,7,4,4,1,4,3,2,,,,1,,1,,,1,"Camacho, Christopher J",,,,,,cjc043000,christopher camacho
ATCM,3350,0W1,7,8,6,2,1,1,,1,,,,1,3,,,0,"Hewitt, Sharon",,,,,,sxh090220,sharon hewitt
ATCM,3367,0U1,4,4,3,,3,,,,,,,1,4,,,0,"Lewis, Timothy M",,,,,,awc051000,adam chandler
ATCM,3388,0U1,13,3,5,1,2,2,,,,1,,1,1,,,0,"Fraley, James M",,,,,,lxb032000,james fraley
ATCM,4319,0U1,2,6,,,,,1,,1,,,,,,,1,"Fechter, Todd A","McComber, Sean",,,,,taf051000,todd fechter
ATCM,4320,591,5,5,8,2,,1,,,1,,,,1,,,0,"Rheams, David C",,,,,,dcr093020,david rheams
ATCM,4330,051,5,1,2,,,2,,,1,,,,,,,0,"Nielsen, Christina R",,,,,,crn022000,christina nielsen
ATCM,4350,0W1,8,4,2,1,1,1,,1,1,,,,3,,,0,"Hewitt, Sharon",,,,,,sxh090220,sharon hewitt
ATCM,4364,051,25,2,,,3,,,,,,,,,,,0,"Trosper, Elizabeth M",,,,,,emt130130,elizabeth trosper
ATCM,4384,551,12,4,5,3,2,,,1,1,,,,2,,,0,"Rheams, David C",,,,,,dcr093020,david rheams
AUD,6216,0U1,,11,2,,,,,,,,,,,,,0,"Cokely, Carol G","Woodford, Allison S",,,,,cgc016200,
AUD,6352,5U1,,24,,,,,,,,,,,,,,0,"Clark, Jackie L","Zang, Andie L",,,,,axg165431,
AUD,7325,0U1,,8,3,,1,,,1,,,,,,,,0,"Thibodeau, Linda K","Warner-Czyz, Andrea D","Jansen, Conner L","Vu, Katrina D",,,thib,linda thibodeau
BA,1320,5U1,,6,3,1,3,,,1,,,,,,,,0,"Lewin, Peter","Kelly, Matthew L",,,,,slk012100,stephen kiser
BCOM,3300,0U1,,1,5,1,2,7,4,2,4,1,,2,2,,,0,"Fry, Jennifer L",,,,,,jlf130030,jennifer fry
BCOM,3300,5U1,,,5,3,4,1,2,,3,,3,,3,,,0,"Fry, Jennifer L",,,,,,jlf130030,jennifer fry
BCOM,4300,091,,,1,3,4,5,2,3,3,3,,1,1,,,1,"Stewart, Julie",,,,,,jxs210043,julie stewart
BCOM,4300,0U1,,,2,3,5,5,2,1,1,1,,1,,,,0,"Said, Stacey",,,,,,kxl164330,kathryn lookadoo
BCOM,4300,0U2,,2,7,1,1,2,2,,,,1,,1,,,0,"Walton, Michaella",,,,,,meg012400,margaret smallwood
BCOM,4300,0U3,,3,4,2,4,1,,,,,1,,2,,,0,"Walton, Michaella",,,,,,meg012400,margaret smallwood
BCOM,4300,0U4,,1,3,3,,6,1,2,2,,,,1,,,0,"Harrison, Megan K",,,,,,kxl164330,kathryn lookadoo
BCOM,4300,0U5,,2,4,3,6,1,1,,3,,,,,,,1,"Blockley, Caylin",,,,,,jmw077000,caylin blockley
BCOM,4300,5E1,,2,1,2,1,1,1,1,1,,,,,,,0,"Moore, Sarah E",,,,,,jmw077000,sarah moore
BCOM,4300,5U1,,6,6,4,3,9,3,3,1,,,3,1,,,1,"Moore, Sarah E",,,,,,kxt200010,katrina tamez
BIOL,2111,0U1,6,1,4,2,2,4,2,,,,,,,,,0,"Sarcar, Subha N","Kwende, Sharon A","Xu, Linyi",,,,candas,mehmet candas
BIOL,2112,0U1,3,3,2,1,7,1,1,3,2,1,1,1,6,,,4,"Wu, Zhuoru","Tiwari, Suman","Alemi, Parinazsadat","Chase, Rebecca L",,,candas,mehmet candas
BIOL,2112,0U2,10,1,2,3,4,2,1,,,1,1,2,7,,,3,"Wu, Zhuoru","Tiwari, Suman","Chase, Rebecca L","Alemi, Parinazsadat",,,candas,mehmet candas
BIOL,2281,3U1,1,2,4,1,3,3,1,1,1,,,,1,,,1,"Lin, Wen J","Xia, Jing","Easterwood, Shayne","Basu, Ujjaini","Do, Hung P","Mittal, Shubham",wenju,wen ju lin
BIOL,2281,3U3,,3,4,1,1,1,,2,,,1,,1,,,1,"Lin, Wen J","Xia, Jing","Easterwood, Shayne","Basu, Ujjaini","Do, Hung P","Mittal, Shubham",wenju,wen ju lin
BIOL,2281,3U4,1,4,4,3,3,1,1,1,,,,1,,,,0,"Lin, Wen J","Ratevosyan, Richard","Mittal, Shubham","Do, Hung P","Basu, Ujjaini","Easterwood, Shayne",wenju,wen ju lin
BIOL,2311,0U1,6,1,4,2,2,4,2,,,,,,,,,0,"Sarcar, Subha N","Xu, Linyi","Kwende, Sharon A",,,,candas,mehmet candas
BIOL,2312,0U1,13,4,4,4,11,3,2,3,2,2,2,3,13,,,7,"Wu, Zhuoru","Tiwari, Suman","Chase, Rebecca L","Alemi, Parinazsadat",,,candas,mehmet candas
BIOL,3101,0U1,12,5,8,5,2,5,,1,,,,,,,,2,"Srikanth, Uma","Afolami, Olufemi Ifeoluwa",,,,,ixb053000,irina borovkov
BIOL,3101,0U2,5,13,6,1,3,2,2,2,1,2,2,,,,,1,"Srikanth, Uma","Salaudeen, Ibrahim O",,,,,ixb053000,irina borovkov
BIOL,3101,0U3,3,6,1,2,2,5,1,3,2,1,1,,,,,0,"Srikanth, Uma","Salamat, Narges",,,,,ukrish,uma srikanth
BIOL,3101,0U4,5,2,1,1,1,4,1,1,,4,,,1,,,0,"Srikanth, Uma","Bach, Thao Nguyen",,,,,ukrish,uma srikanth
BIOL,3101,0U5,5,10,3,1,4,5,3,2,,2,,,,,,0,"Srikanth, Uma","Akter, Zakia",,,,,ukrish,uma srikanth
BIOL,3101,0U6,,5,1,,1,4,2,,1,,,,,,,1,"Srikanth, Uma","Zaheen Khan, Fabiha",,,,,ukrish,uma srikanth
BIOL,3102,0U1,,,2,2,,,3,,1,,4,2,,,,1,"Srikanth, Uma","Yamauchi, Stephanie A",,,,,ukrish,uma srikanth
BIOL,3102,0U3,1,2,2,2,1,5,4,,,,,4,,,,2,"Srikanth, Uma","Patel, Umar J",,,,,ukrish,uma srikanth
BIOL,3161,0U1,,4,6,7,2,6,4,2,3,2,,,1,,,1,"Candas, Mehmet","Lakoduk, Ashley",,,,,candas,mehmet candas
BIOL,3161,0U2,,1,2,5,1,,1,1,,,,,,,,0,"Candas, Mehmet","Lakoduk, Ashley",,,,,candas,mehmet candas
BIOL,3162,0U2,,1,3,6,1,3,3,3,2,1,1,,,,,0,"Candas, Mehmet","Lakoduk, Ashley",,,,,candas,mehmet candas
BIOL,3301,0U1,30,41,20,10,13,25,9,9,4,9,3,,1,,,4,"Srikanth, Uma","Afolami, Olufemi Ifeoluwa","Akter, Zakia","Salamat, Narges","Salaudeen, Ibrahim O","Bach, Thao Nguyen",ixb053000,irina borovkov
BIOL,3302,0U1,1,2,4,4,1,5,7,,1,,4,6,,,,3,"Srikanth, Uma","Patel, Umar J","Ballew, Luke","Yamauchi, Stephanie A",,,ukrish,uma srikanth
BIOL,3318,0U1,4,24,25,14,6,6,1,2,3,1,1,,1,,,0,"Henson, Uyen N",,,,,,unh130030,uyen henson
BIOL,3361,0U1,,5,8,12,2,5,5,2,3,2,,,1,,,1,"Candas, Mehmet","Lakoduk, Ashley","Falah, Rafah M","Yaqub, Muneer O",,,candas,mehmet candas
BIOL,3362,0U1,,1,3,5,1,3,2,2,2,1,,,,,,0,"Candas, Mehmet","Lakoduk, Ashley","Petter, Andrew T","Soladogun, Adedamola S",,,candas,mehmet candas
BIOL,3380,3U1,1,3,1,3,3,4,1,2,1,,,,,,,1,"Rippel, Scott A","Pickett, Elizabeth A","Zhi, Jiahe","Zhabilov, Dannie",,,rippel,scott rippel
BIOL,3380,3U2,,,,,1,,4,1,2,,,2,,,,0,"Pickett, Elizabeth A","Rippel, Scott A","Zhi, Jiahe","Zhabilov, Dannie",,,eaw016100,elizabeth pickett
BIOL,3380,3U3,1,,1,2,1,2,3,1,2,2,2,1,2,,,1,"Rippel, Scott A","Pickett, Elizabeth A","Mazambani, Simbarashe","Berisha, Eranda",,,rippel,scott rippel
BIOL,3380,3U4,,,3,1,1,1,4,2,3,1,1,1,1,,,2,"Pickett, Elizabeth A","Rippel, Scott A","Mazambani, Simbarashe","Berisha, Eranda",,,eaw016100,elizabeth pickett
BIOL,3455,3U1,1,1,1,2,1,1,2,2,2,2,,3,4,,,1,"Ramirez, Ruben D","Veera, Kavya","Deese, Alexander R","Wickramasinghe, Piumi B",,,rdr092000,ruben ramirez
BIOL,3455,3U2,,2,1,2,3,4,1,3,3,1,4,4,2,,,2,"Ramirez, Ruben D","Veera, Kavya","Deese, Alexander R","Wickramasinghe, Piumi B",,,rdr092000,ruben ramirez
BIOL,3456,3U1,1,5,1,1,2,5,3,3,1,2,1,1,,,,2,"Yu, Wen H","Cornelius, Samuel A",,,,,why061000,wen ho yu
BIOL,3520,3U1,3,6,8,2,3,2,,,,,,,,,,0,"Mehta, Iti","Dahl, Haley C","Shashikanth Raj Urs, Karthik Urs Bangalore",,,,ixm121430,iti mehta
BIOL,3520,3U2,2,5,5,3,4,2,,2,1,,,,,,,0,"Mehta, Iti","Shipman, Braden M","Kunder, Nikesh Prakash",,,,ixm121430,iti mehta
BIOL,3V00,0U1,5,3,5,1,,1,,,,,,,,,,0,"Sarcar, Subha N",,,,,,sns064000,subha sarcar
BIOL,4380,3U1,2,8,3,2,,2,2,,,,,,1,,,0,"Maynard, Caitlin S","Zhang, Bei","Shryock, Douglas G","Joshi, Ketki","Dhar, Roopal",,cmb170830,
BIOL,5330,0W1,,11,4,,,,,,,,,,,,,0,"Hajeri, Vinita",,,,,,vxh151030,vinita hajeri
BIS,2190,0W1,9,1,1,,1,,,,1,,,,,,,0,"Edwards, Christopher W","Robinson, Katie L","Slattery, Ryan P",,,,cwe011000,christopher edwards
BIS,3320,091,1,2,2,1,2,1,,,2,,,,,,,2,"Wright, David A",,,,,,jxh100220,jennifer hudson
BIS,3320,0U1,1,2,3,4,2,,,,,,,,1,,,0,"Wright, David A",,,,,,wright,david wright
BLAW,2301,5U1,,4,5,4,6,5,1,5,4,,3,,,,,1,"Betanzos, Christina L",,,,,,clb120030,christina betanzos
BMEN,3150,1U1,5,2,1,3,1,,1,,1,,,,,,,0,"Ali, Tariq M","Chaudhary, Sugandha",,,,,tma051000,tariq ali
BMEN,3350,0U1,3,1,,1,1,2,1,2,1,,,,1,,,0,"Ali, Tariq M",,,,,,tma051000,tariq ali
BMEN,3402,0U1,1,2,,1,1,1,,2,1,,4,,1,,,0,"Ardestani Khoubrouy, Soudeh","Kian Pour, Bahareh",,,,,sxa074200,soudeh khoubrouy
BMEN,4388,0U1,,2,8,3,4,1,,,,,,,,,,0,"Polk, Todd W","Molaei Imenabadi, Rouzbeh","Kang, Taek",,,,twp017000,todd polk
BMEN,6V87,0U1,,12,,,,,,,,,,,,,,0,"Porter, Benjamin A",,,,,,bap061000,benjamin porter
BPS,4305,5U1,5,8,8,9,6,5,3,2,1,,1,1,,,,1,"Lee, Minjung",,,,,,smc130730,shawn carraher
BPS,4395,0U1,,44,,1,,,,1,,,,,,,,0,"Parks, David",,,,,,dxp153830,david parks
BPS,6310,0W1,,12,9,12,10,,,,,,,,,,,0,"Xia, Jun","Garg, Suyash",,,,,chasteen,larry chasteen
BPS,6310,GW1,,7,10,5,1,1,1,,,,,,,,,0,"Choi, Emily",,,,,,exc113230,emily choi
BPS,7303,0U1,,15,,,,,,,,,,,,,,0,"Watson, John M",,,,,,jmw077000,john watson
BUAN,6312,0W1,,12,13,6,5,3,3,2,,,,,,,,0,"Blueshtein, Moran","Nguyen, Nam H",,,,,mxb135230,moran blueshtein
BUAN,6320,5U1,,17,10,8,4,9,,,,,,,,,,0,"Srikanth, K.","Srivastava, Bhupesh K",,,,,kxs018700,
BUAN,6320,SW1,,9,,,2,,,,,,,,1,,,0,"Narayan, Ravishankar L",,,,,,rln130030,ravishankar narayan
BUAN,6337,0W1,,8,7,7,5,5,1,,,,,,,,,0,"Subramanian, Upender","Madan, Anmol","Roshangarzadeh, Reza",,,,uxs092000,upender subramanian
BUAN,6337,0W2,,11,10,9,13,11,3,,,,,,,,,0,"Subramanian, Upender","Madan, Anmol","Roshangarzadeh, Reza",,,,uxs092000,upender subramanian
BUAN,6340,5U1,,8,10,14,7,1,,,,,,,,,,0,"Pandian, Thiru","Zhu, Wangsheng",,,,,jap090020,jason parker
BUAN,6340,SW1,,6,6,2,2,2,,,,,,,,,,1,"Neouchi, Rabih",,,,,,rxn200012,rabih neouchi
BUAN,6341,5U1,,8,9,3,3,2,,,,,,,,,,0,"Sabir, Muhammad F","Joseph, Shailender",,,,,mfs170430,muhammad sabir
BUAN,6346,5D1,,11,3,5,1,,,,,,,,,,,0,"El-Youssef, Rami","Tang, Ping",,,,,rxe200001,rami el youssef
BUAN,6346,5U1,,25,4,8,3,,,,,,,,,,,1,"El-Youssef, Rami","Tang, Ping",,,,,jxp180019,jerry perez
BUAN,6346,SU1,,3,3,4,,,,,,,,,,,,0,"Perez, Jerry",,,,,,jxp180019,jerry perez
BUAN,6346,SW1,,13,7,2,3,1,,,,,,,,,,2,"Paes, Antonio P",,,,,,app210006,antonio paes
BUAN,6356,5U1,,5,5,,3,2,,1,,,,,,,,0,"Shrivastava, Prakash C","Kengalapura Shivamurthy, Sourabha",,,,,wlj031000,walter johnston
BUAN,6359,5U1,,7,3,,4,2,1,5,,,,,,,,0,"Ramezani, Rasoul","Ghosh, Pramit",,,,,rxr145930,rasoul ramezani
BUAN,6398,0W2,,52,4,1,2,,,,,,,,,,,0,"Alimirzaei, Athena","Qu, Zihao",,,,,axa134231,athena alimirzaei
BUAN,6398,5U1,,13,,4,3,1,1,,,,,,,,,0,"Sethi, Awanti",,,,,,axa134231,athena alimirzaei
BUAN,6398,SW1,,30,2,2,2,,1,2,,,,,2,,,1,"Alimirzaei, Athena","Qu, Zihao",,,,,axa134231,athena alimirzaei
CE,2310,0U1,2,,2,1,2,,,1,,,1,,,,,1,"Nikoubin, Tooraj","Datta, Rajesh K","Parchamdar, Baharealsadat",,,,txn190011,tooraj nikoubin
CE,3161,051,1,6,1,2,,,,,,,,,,,,0,"Mezenner, Rabah",,,,,,rxm129730,rabah mezenner
CE,3301,0U1,2,2,,1,2,,1,2,2,,1,,1,,,1,"Tacca, Marco","Luo, Ziyang",,,,,kamran,kamran kiasaleh
CE,3303,0U1,1,,2,3,,2,3,3,,,,1,1,,,1,"Kehtarnavaz, Nasser","Uddin, Mohammed Belal",,,,,nxk019000,nasser kehtarnavaz
CE,4203,0H1,4,4,1,4,,1,1,1,,,,,,,,0,"Kehtarnavaz, Nasser","Ni, Aoxin","Gogineni, Susmitha",,,,nxk019000,nasser kehtarnavaz
CE,4388,0U1,,5,2,1,2,1,,,,,,,,,,0,"Tacca, Marco",,,,,,dinesh,dinesh bhatia
CGS,3361,0W1,5,3,,2,,,,,,,,,,,,1,"Hooge, Kimberley O",,,,,,kls190004,kendra seaman
CGS,4352,0W1,,8,1,3,1,,,1,,,,,,,,1,"Kumar, Pushpa S","Tran, Trung Hieu",,,,,edo042000,erika orrick
CHEM,1111,1U1,5,5,,1,1,,,,,,,,1,,,1,"Qin, Yanping","Montalvillo, Fernando","Yan, Qing",,,,sgavva,sandhya gavva
CHEM,1112,1U2,1,8,1,1,1,,,1,1,,,,2,,,1,"Huang, Yu","Umer, Arslan","Hasna Begam, Mohammed Nazar",,,,sgavva,sandhya gavva
CHEM,1311,0U1,1,4,4,3,,3,,1,2,,,1,1,,,2,"Sra, Amandeep K","Gull, Humera",,,,,aks057000,amandeep sra
CHEM,1312,0U1,7,8,4,4,10,5,1,1,10,4,2,3,8,,,4,"Huang, Yu","Parsamian, Perouza","Gamage, Madujika A",,,,dieckgr,gregg dieckmann
CHEM,2125,1U2,24,,,2,,,,,,,,,,,,1,"Wijenayake, Sumudu N","Ben David, Ayala","Giri, Sachin",,,,scortes,sergio cortes
CHEM,2323,0U1,2,10,2,3,3,,7,2,4,1,,,6,,,3,"Tran, Daniel N",,,,,,sibertj,john sibert
CHEM,2325,0U1,8,2,5,5,4,2,4,5,4,1,4,,11,,,4,"Sibert, John W",,,,,,scortes,sergio cortes
COMD,5340,0U1,,24,,1,1,,,,,,,,,,,0,"Aldridge, Michelle A","Vu, Katrina D",,,,,aldridge,michelle aldridge
COMD,6320,0U1,,12,,,1,,,,,,,,,,,0,"Carter, Jessica A","Smith, Irma E",,,,,jar032000,
COMD,7303,0U1,,93,,,8,,,,,,,,,,,0,"Dean, Lucinda L","Kenedi, Helen",,,,,lxl018300,
COMD,7323,0U1,,14,,,1,,,,,,,,,,,0,"Sweeney, Melissa",,,,,,msweeney,
COMD,7V68,0U1,,29,,,,,,,,,,,,,,0,"Sale, Felicity F",,,,,,ffs013000,
COMD,7V86,0U1,,41,,,,,,,,,,,,,,0,"Rich, Judith B","Denicola-Prechtl, Kathleen M",,,,,jbm014600,
COMD,7V86,0U2,,18,,,,,,,,,,,,,,0,"Gollis, Christina R",,,,,,crm053000,christina gollis
COMD,7V89,0U1,,12,,,,,,,,,,,,,,0,"Walsh, Diane G",,,,,,dxg022000,diane walsh
COMM,1311,0S1,6,5,,,,,,,,,,1,,,,0,"Tanner, Lari J",,,,,,ljt130130,lari tanner
COMM,1311,0S2,4,6,2,,1,,,,,,,,,,,0,"Tanner, Lari J",,,,,,ljt130130,lari tanner
COMM,1311,0W1,8,9,2,,1,,,,,,,,1,,,2,"Vazzi, Lisa",,,,,,contemp,karen baynham
COMM,1311,0W2,3,2,2,1,,,1,1,,,,,,,,2,"Vazzi, Lisa",,,,,,aam141730,allison templeton
COMM,1315,0W1,7,4,3,,,1,1,,,,,,1,,,2,"Skiles, Bradley W",,,,,,jxw174630,jason warren
COMM,3342,0S1,,15,4,1,,,,,,,,,,,,0,"Gooch, John C",,,,,,jcg053000,john gooch
CRIM,1301,0U1,2,5,3,1,2,,,,,,,,,,,0,"Geibler, Robert",,,,,,jxr122330,
CRIM,1307,0U1,1,4,4,,1,,,,1,,,,,,,0,"Van Blarcum, Lauren N",,,,,,dxd171830,dragana derlic
CRIM,3301,0W1,15,9,9,2,4,4,1,1,3,,2,,2,,,3,"Manuel, Samantha A",,,,,,mxs158030,samantha manuel
CRIM,3302,0W2,2,5,2,2,4,2,,,,,,,,,,0,"Rodriguez, Diana C",,,,,,dcr200002,
CRIM,3310,0U1,3,8,1,2,2,,,,,,1,,,,,0,"Wilds, Katherine M",,,,,,spg160530,sarah gammell
CRIM,4311,0W1,5,1,6,2,1,2,3,1,,,,,3,,,0,"Gordon, Quinn T",,,,,,kds106020,kelli martin
CRIM,4396,5W1,4,17,5,8,14,6,3,3,,,,1,1,,,1,"Worrall, John L",,,,,,jlw064000,john worrall
CS,1134,1U1,12,2,2,2,,,,,1,,1,1,,,,0,"Min, Richard K","Hsu, Chih-Wei",,,,,gxa120930,gordon arnold
CS,1136,1U1,5,2,3,3,1,,,,1,,,,2,,,1,"Min, Richard K","Alshomar, Ahmad",,,,,gxa120930,gordon arnold
CS,1136,1U2,7,1,1,,,1,1,,,2,,,1,,,0,"Min, Richard K","Li, Dongcheng",,,,,gxa120930,gordon arnold
CS,1325,0U1,1,5,2,3,5,2,1,,,,,,,,,0,"Feng, Ranran","Li, Ruosen",,,,,mcp130030,mark paulk
CS,1334,0U1,4,3,4,5,2,1,,,3,,,,,,,0,"Nagar, Anurag","Ocampo Diaz, Gerardo",,,,,axn112530,anurag nagar
CS,1335,5U1,2,2,9,3,,,,,,,,,1,,,1,"Erbatur, Serdar","Li, Xiao",,,,,sxe190003,serdar erbatur
CS,1336,0U1,2,1,1,3,4,2,3,2,,,1,,3,,,1,"Gupta, Neeraj K","Birashk, Amin","Deniz, Omer Faruk",,,,gxa120930,gordon arnold
CS,1336,0U2,5,3,2,1,2,,1,2,,1,1,,1,,,0,"Arnold, Gordon L",,,,,,gxa120930,gordon arnold
CS,1337,0U1,3,6,5,3,9,1,3,2,,1,,,2,,,1,"Dollinger, Scott M","Delaram, Zeinab","Chen, Zizhao",,,,cshields,charles shields
CS,1337,5U1,1,5,3,2,7,4,6,,,,,,,,,0,"Davis, Chris I","Zeng, Yankai",,,,,cid021000,chris davis
CS,2305,0U1,3,11,7,4,3,1,2,2,,,,,,,,1,"Feng, Ranran","Guo, Jinghui",,,,,rxf090020,ranran feng
CS,2336,0U1,3,5,1,,1,,2,,,,,,4,,,1,"Arnold, Gordon L",,,,,,kkhan,ziaullah khan
CS,2336,5U1,2,3,5,5,7,10,,,,,,,,,,1,"Khan, Ziaullah","Tian, Zijing","Chen, Simin",,,,kkhan,ziaullah khan
CS,2340,0U1,1,5,6,4,3,,2,2,2,1,,1,2,,,0,"Mazidi, Karen J","Mi, Feng",,,,,kjm160430,karen mazidi
CS,2340,0U2,,3,,2,3,1,,,2,,,,1,,,0,"Zhao, Yi","Mi, Feng",,,,,zhao,yi zhao
CS,3305,0U2,,6,5,3,3,,,,,,,,,,,0,"Davis, Chris I","Shams, Shahab",,,,,gxi160230,genya ishigaki
CS,3305,0W1,1,19,4,4,2,,,,,,,,,,,0,"Farage, Timothy P","Tian, Zijing",,,,,mns086000,meghana satpute
CS,3341,0U1,6,1,3,3,1,1,2,1,5,3,,,1,,,0,"Whalen, Tristan G",,,,,,tgw100020,tristan whalen
CS,3345,0U1,2,1,4,3,2,2,3,,1,3,1,1,1,,,1,"Ozbirn, Greg A","Malouf, Brian D",,,,,ozbirn,greg ozbirn
CS,3345,0U2,,,1,1,,1,2,3,,,,,2,,,0,"Zhao, Yi","Malouf, Brian D",,,,,ozbirn,greg ozbirn
CS,3354,0U1,,2,2,1,3,3,1,1,,,,,,,,0,"Paulk, Mark C","Chen, Zizhao",,,,,mxn143230,mehra borazjany
CS,3377,0W1,8,23,11,1,3,,3,2,,,1,,3,,,0,"Dollinger, Scott M","Jiang, Kai",,,,,rkm010300,richard min
CS,4141,6U1,14,3,2,,,,,,,,,,,,,0,"Nguyen, Nhut","Li, Xiao",,,,,nhutnn,nhut nguyen
CS,4141,6U2,4,2,3,1,,,2,,2,,,,,,,0,"Nguyen, Nhut","Chen, Tiantian","Li, Xiao",,,,nhutnn,nhut nguyen
CS,4301,0U1,7,11,7,5,4,,,2,2,,1,,,,,0,"Karami, Gity","Delaram, Zeinab",,,,,gxk180009,gity karami
CS,4336,0U1,3,17,12,6,4,4,1,3,3,2,,,2,,,1,"Ozbirn, Greg A","Wang, Wenting","Nguyen, Son V",,,,ozbirn,greg ozbirn
CS,4337,0U1,11,,2,1,1,1,1,,,,2,,1,,,1,"Karami, Gity","Liu, Ximeng",,,,,cid021000,chris davis
CS,4337,0U2,7,2,5,2,3,1,,2,,,,,1,,,2,"Karami, Gity","Li, Ruosen",,,,,gxk180009,gity karami
CS,4341,0U1,1,13,3,1,3,,3,4,3,2,2,,3,,,0,"Nguyen, Nhut","Chen, Tiantian",,,,,nhutnn,nhut nguyen
CS,4347,0U1,5,4,,1,4,,,2,,,,,1,,,0,"Omer, Jalal S","Liu, Ximeng",,,,,exc067000,ebru cankaya
CS,4347,5U1,,3,5,10,4,2,4,2,1,,,,1,,,0,"Khan, Ziaullah","Li, Shengjie",,,,,kkhan,ziaullah khan
CS,4348,0U1,1,3,,3,3,2,,2,3,,,,3,,,0,"Mittal, Neeraj","Wang, Wenting",,,,,sxb155530,
CS,4348,0U2,,3,4,7,8,2,2,2,,,2,,5,,,2,"Prakash, Ravi","Rathnasuriya, Ravishka S",,,,,axg173030,ravi prakash
CS,4349,0U1,2,6,2,,2,2,,,,,,,1,,,0,"Chitturi, Bhadrachalam","Aggarwal, Alakh",,,,,exc067000,ebru cankaya
CS,4352,0W1,2,15,5,,6,,,2,,,,,,,,0,"Kumar, Pushpa S","Tran, Trung Hieu",,,,,edo042000,erika orrick
CS,4365,0U1,2,2,3,5,1,3,,2,2,1,,,,,,0,"Min, Richard K","Zeng, Yankai",,,,,rkm010300,richard min
CS,4375,0U1,1,2,2,5,3,5,2,1,1,1,,,3,,,1,"Mazidi, Karen J","Shams, Shahab",,,,,kjm160430,karen mazidi
CS,4375,0U2,1,1,1,,2,1,1,,1,,,,3,,,3,"Ng, Yu Chung V","Li, Shengjie",,,,,kjm160430,karen mazidi
CS,4376,0U1,1,1,2,2,2,3,2,2,,1,,,,,,1,"Chung, Lawrence","Alshomar, Ahmad",,,,,mcp130030,mark paulk
CS,4384,0U1,,2,7,2,3,2,1,2,5,,,,,,,0,"Erbatur, Serdar","Deniz, Omer Faruk",,,,,cshields,charles shields
CS,4384,0U2,1,5,2,5,2,3,2,,,,,,1,,,1,"Davis, Chris I","Birashk, Amin",,,,,cid021000,chris davis
CS,4390,0U1,1,4,3,2,2,2,1,2,,,3,,,,,0,"Nguyen, Nhut","Li, Congzhou",,,,,kvl140030,khiem le
CS,4393,0U1,,4,,1,2,1,,1,2,,,,,,,0,"Nguyen, Nhut","Chen, Simin",,,,,nhutnn,nhut nguyen
CS,5343,0U1,,6,4,5,7,2,1,3,,,,,1,,,0,"Gupta, Neeraj K","Deniz, Omer Faruk",,,,,nkg140130,neeraj gupta
CS,6314,5U1,,11,6,10,,,,,,,,,,,,0,"Min, Richard K","Hsu, Chih-Wei",,,,,rkm010300,richard min
CS,6350,0U1,,46,18,4,1,,,,,,,,,,,0,"Nagar, Anurag","Su, Ke","Miao, Miao",,,,axn112530,anurag nagar
CS,6359,0U1,,10,20,11,8,,,,,,,,,,,0,"Chung, Lawrence","Kolluri, Kirthy",,,,,mxn143230,mehra borazjany
CS,6360,5U1,,9,2,4,4,,1,,,,,,,,,0,"Omer, Jalal S","Garg, Priyanshi",,,,,cid021000,chris davis
CS,6363,0U1,,16,3,10,4,3,,,,,,,,,,1,"Chitturi, Bhadrachalam","Aggarwal, Alakh",,,,,chandra,ramaswamy chandrasekaran
CS,6364,0U1,,17,7,3,14,,2,9,,,,,5,,,0,"Schweitzer, Haim","Dasgupta, Sopam","Song, Zihe",,,,haim,haim schweitzer
CS,6364,0U2,,17,6,2,4,2,,2,,,,,1,,,0,"Schweitzer, Haim","Dasgupta, Sopam","Song, Zihe",,,,haim,haim schweitzer
CS,6367,0U1,,13,5,4,1,1,,,,,,,,,,0,"Wong, Weichen E","Li, Dongcheng","Chen, Zizhao",,,,wew021000,weichen wong
CS,6375,5U1,,25,12,4,1,,,,,,,,,,,0,"Nagar, Anurag","Zhang, Qifan",,,,,haim,haim schweitzer
CS,6378,0U1,,8,2,2,6,2,,2,,,,,,,,0,"Prakash, Ravi","Miao, Miao",,,,,nxm020100,neeraj mittal
CS,6385,0W1,,43,15,5,7,,,,,,,,,,,0,"Farago, Andras","Hatfield, Cody R","Garg, Priyanshi",,,,farago,andras farago
ECON,2301,0U1,2,3,3,,1,2,1,,1,,,,1,,,0,"Bing, Yuanchen",,,,,,zxc151030,zhengyang chen
ECON,2301,5U1,3,6,4,5,1,1,,1,,,,,,,,1,"Li, Ji",,,,,,jxl190007,ji li
ECON,2302,5U1,,2,1,2,3,1,1,,,,,,,,,0,"Lu, Yundi",,,,,,zxz110530,zeyu zhang
ECS,3390,051,14,3,1,,,,1,,,,,,,,,0,"Montgomery, Christina",,,,,,lem150330,lindsay moore
ECS,3390,053,2,5,1,1,3,1,1,,,,,,1,,,0,"Johnson, Janet L",,,,,,wac010100,wade crowder
ECS,3390,091,1,5,,2,2,,,1,,,,,1,,,0,"Johnson, Janet L",,,,,,das,deborah scally
ECS,3390,092,,10,,,,,,,1,,,,3,,,0,"Scally, Deborah A",,,,,,olive,laura mohsene
ED,4358,0W1,,2,,,1,,2,2,,,,,2,,1,0,"Root, Alexey",,,,,,aroot,alexey root
EE,3161,051,1,7,2,5,,,,,,,,,,,,0,"Mezenner, Rabah",,,,,,rxm129730,rabah mezenner
EE,3202,0U1,,1,1,1,,6,2,1,4,,,,,,,0,"Kiasaleh, Kamran","Apalak, Merve",,,,,kamran,kamran kiasaleh
EE,3301,0U1,4,2,,1,,,1,,1,,,,1,,,0,"Tacca, Marco","Luo, Ziyang",,,,,kamran,kamran kiasaleh
EE,3311,5U1,,5,3,5,2,4,1,,1,,,,,,,0,"Sechen, Carl","Salimath, Vibhav Kumarswami",,,,,cms057000,carl sechen
EE,4203,0H1,2,5,5,2,2,3,,1,,,,,1,,,0,"Kehtarnavaz, Nasser","Ni, Aoxin","Gogineni, Susmitha",,,,nxk019000,nasser kehtarnavaz
EEMF,6372,5U1,,4,1,1,2,,,2,,,,,,,,1,"Tinker, Mark T",,,,,,mtinker,mark tinker
EEOP,6314,0H1,,10,1,,,,,,,,,,,,,0,"Tamil, Lakshman",,,,,,laxman,lakshman tamil
EERF,7V89,0W1,,4,4,4,,,,,,,,,,,,1,"Henderson, Rashaunda M","Datta, Rajesh K",,,,,rmh072000,rashaunda henderson
ENGR,2300,0W1,3,8,2,2,3,3,1,1,4,,,,,,,1,"Akin, Bilal","Li, Chen","Kumar, Saurabh",,,,bxa123330,bilal akin
ENGR,3300,0U1,4,7,,6,8,2,5,9,1,,1,,2,,,0,"Ali, Mohammed Z","Peng, Genchang","Ahmed, Sabrina",,,,mohammed,ali mohammed
ENGR,3341,0U1,1,1,1,1,,2,,2,2,,,1,,,,2,"Fonseka, John","Helwa, Sherief M",,,,,kjp,john fonseka
ENTP,3301,0U1,5,5,6,,3,1,2,,,,,,,,,0,"Nichols, Paul M",,,,,,sxg172931,steven guengerich
ENTP,4340,0U1,4,10,4,1,3,1,,,1,,,,1,,,1,"Goodrich, Mary Beth W",,,,,,goodrich,mary beth goodrich
ENTP,6370,0W1,,11,10,7,13,3,1,2,,,,,,,,0,"Kimzey, Jackie","Deng, Shu",,,,,jxk092000,jackie kimzey
EPPS,2302,0W1,,9,4,,1,1,,1,3,,,,,,,0,"Yoon, Youngseok",,,,,,pva150330,prajakti akarte
EPPS,6317,051,,18,,,,,,,,,,,,,,1,"Qiu, Fang","Lyu, Haitao",,,,,ffqiu,fang qiu
FILM,1303,051,9,,,,1,,,,,,,,1,,,0,"Shafek, Amal S",,,,,,ass106020,amal shafek
FILM,2332,091,1,2,5,1,,1,3,1,,,2,,2,,,2,"Baker, Emily-Rose",,,,,,exb210012,emily baker
FIN,3300,0W1,,19,,,11,,,6,,,7,,6,,,1,"Lynch, Julie","Huang, Zhuowei",,,,,jxl180030,julie lynch
FIN,3320,0U1,1,2,2,1,2,2,,2,,,,,1,,,0,"Harit, Tuhin",,,,,,jxm158130,jeffrey manzi
FIN,3320,0U2,2,4,4,,4,,,2,,,,,,,,1,"Wen, Yaxin",,,,,,jxm158130,jeffrey manzi
FIN,3320,0W1,,8,1,1,11,2,1,9,3,,1,,1,,,3,"Manzi, Jeff",,,,,,jxm158130,jeffrey manzi
FIN,3320,0W2,1,5,1,1,8,1,3,9,2,1,1,,2,,,0,"Manzi, Jeff",,,,,,jxm158130,jeffrey manzi
FIN,3320,0W3,1,9,,2,4,,1,6,1,,,,2,,,1,"Manzi, Jeff",,,,,,sdp093020,
FIN,3360,0W1,,2,10,7,13,4,3,1,,,,,,,,1,"Pedigo, Madison F",,,,,,mfp013000,madison pedigo
FIN,3365,0W1,2,4,1,9,10,4,2,2,,,,,,,,0,"DeCourcy, George A",,,,,,gad075000,george decourcy
FIN,3390,0U1,5,2,5,3,5,4,4,1,1,1,2,2,,,,0,"El-Ashmawi, Amal H",,,,,,ahe013000,amal el ashmawi
FIN,4300,0U1,3,1,1,2,2,1,,,1,,1,,,,,0,"Oyima-Antseleve, Ndackyssa",,,,,,swx170030,
FIN,4310,5U1,,3,,1,1,,,1,2,1,,1,,,,0,"Smith, Jake A",,,,,,jas171530,
FIN,4380,0U1,1,2,7,,2,,3,,,1,,,,,,0,"Ballew, Gregory E",,,,,,geb011100,gregory ballew
FIN,6301,0W1,,21,4,1,8,2,2,9,,,,,6,,,0,"Nishi, Hirofumi","Guo, Shujian",,,,,tday,theodore day
FIN,6301,5U1,,8,1,,3,,,4,,,,,,,,0,"Nishi, Hirofumi","Guo, Shujian",,,,,rbk160130,revansiddha khanapure
FIN,6301,XU1,,12,3,,3,,1,,,,,,,,,0,"El-Ashmawi, Amal H",,,,,,ahe013000,amal el ashmawi
FIN,6307,0W1,,3,2,,4,4,1,1,,,,,,,,1,"Ma, Liping","Kurucak, Abdurrahman",,,,,lxm133730,liping ma
FIN,6308,0W1,,10,3,7,1,1,1,1,,,,,,,,0,"Lewin, Peter","Kelly, Matthew L",,,,,plewin,peter lewin
FIN,6310,5U1,,4,3,3,5,3,,1,,,,,,,,1,"Kaur, Dupinderjeet","Kurucak, Abdurrahman",,,,,dxk110730,dupinderjeet kaur
FIN,6318,5U1,,3,2,3,2,3,,,,,,,1,,,0,"Baranchuk, Nina","Guo, Shujian",,,,,lxm133730,liping ma
FIN,6321,5H1,,4,2,,7,,,7,,,,,,,,0,"Guttery, Randall",,,,,,rxg112530,randall guttery
FIN,6322,0W1,,16,6,11,7,3,,1,,,,,,,,0,"DeCourcy, George A",,,,,,gad075000,george decourcy
FIN,6360,5U1,,4,1,2,1,1,,1,,,,,,,,0,"Kaur, Dupinderjeet","Kurucak, Abdurrahman",,,,,rxg170730,rajesh ghai
FTEC,6312,FH1,,12,6,2,3,,,,,,,,,,,0,"Scott, James A",,,,,,jas076100,james scott
FTEC,6334,FH1,,19,,,,,,,,,,,,,,0,"Zemoodeh, Amir",,,,,,axz120930,amir zemoodeh
GEOS,1303,051,2,12,5,,,1,,,,,,,,,,0,"Griffin, William R","Wang, Ning",,,,,griffin,william griffin
GEOS,3300,0S1,4,1,3,,,2,,,,,,,,,,0,"Pirouz, Mortaza","Moulding, Ann E",,,,,jwg102020,john geissman
GEOS,4300,0S1,1,,,4,3,2,3,1,,1,,,,,,0,"Pirouz, Mortaza","Moulding, Ann E",,,,,mxp180004,mortaza pirouz
GOVT,2305,0U1,3,2,2,,2,,,,1,,,,1,,,1,"Sanchez De La Rosa, Andres Ricardo",,,,,,jgc130130,
GOVT,2305,0U2,1,6,2,4,5,2,2,3,,,1,,,,,0,"Widner, Katie",,,,,,rjl140330,ryan lux
GOVT,2306,0U1,4,6,1,6,,1,1,1,1,,,,,,,0,"Noe, Ricardo",,,,,,ckc150230,ricardo noe
GOVT,2306,0U2,,11,7,5,7,6,2,3,2,,,,1,,,2,"Eaton, John M",,,,,,cxg172030,carlos gutierrez mannix
HDCD,6351,5W1,,11,1,,1,1,,,,,,,,,,0,"Ewing, Donna M",,,,,,dme061000,donna ewing
HDCD,6370,0H1,,15,,,1,1,,,,,,,,,,0,"Ewing, Donna M",,,,,,dme061000,donna ewing
HIST,1302,0W1,1,6,13,23,19,31,11,12,7,6,2,3,10,,,2,"Schulze, Jeffrey","Ivey, Tinamarie","Li, Ang",,,,sdk200001,shulamith kang
HIST,3328,0W1,,,3,6,2,,1,,,,,,1,,,1,"Dennis, Patrick W",,,,,,pdennis,patrick dennis
HIST,4344,0W1,,3,9,5,3,4,2,,,,,,1,,,0,"Pfister, Debra H",,,,,,dhpf,debra pfister
HIST,4378,0W1,12,11,,1,2,,1,,,,,,3,,,0,"Pettengill, Ryan S",,,,,,rsp120030,ryan pettengill
HIST,6325,0W1,,3,5,,,2,,,,,,,,,,0,"Schulze, Jeffrey",,,,,,jxs072200,jeffrey schulze
HIST,6340,551,,6,3,1,,,,,,,,,,,,0,"Wilson, Michael",,,,,,mwilson,michael wilson
HLTH,1301,0W1,,4,6,3,2,3,4,,,,,,,,,0,"Baetge, Claire",,,,,,cxb170330,claire baetge
HLTH,3300,0U1,,2,6,6,3,5,4,7,8,1,4,,,,,3,"Byrnes, Kathleen A",,,,,,kab019000,kathleen byrnes
HMGT,6320,CH1,,22,3,4,,,,,,,,,,,,0,"Jacob, Stephen",,,,,,,stephen jacob
HMGT,6324,0W1,,11,,1,3,,,,,,,,,,,0,"Ziegler, Laurie","Garg, Suyash",,,,,ziegler,laurie ziegler
HMGT,6324,0W2,,7,,,2,,,,,,,,,,,1,"Ziegler, Laurie","Garg, Suyash",,,,,ziegler,laurie ziegler
HMGT,6331,5U1,1,20,9,4,3,1,,,,,,,,,,1,"Malaise, Michael",,,,,,mhm130430,michael malaise
HMGT,6332,5U1,,10,3,9,5,5,4,4,,,,,7,,,0,"Ramanathan, Kannan",,,,,,kxr087000,kannan ramanathan
HMGT,6401,AS1,,42,2,,,,,,,,,,,,,1,"Taylor, Donald E","Kaiser, Robert C",,,,,det190000,donald taylor
HMGT,6408,AS1,,45,1,,,,,,,,,,,,,0,"Taylor, Donald E","Convery, Paul",,,,,det190000,donald taylor
IMS,3310,0U1,,3,2,5,3,,1,,,,,,,,,0,"Wang, Jiyu",,,,,,xxl133730,
IMS,3310,5U1,,9,10,6,9,3,1,1,,,,,1,,,2,"Liu, Yu",,,,,,txh093000,tom henderson
IMS,4335,0U1,6,4,2,2,,2,,,,,,,1,,,0,"Goodrich, Mary Beth W",,,,,,goodrich,mary beth goodrich
IMS,4V94,091,,11,1,1,,,,,,,,,,,,0,"Zydorek, Hubert",,,,,,hxz120930,hubert zydorek
IMS,6304,AW1,,11,,,8,,,2,,,,,,,,3,"Petrik, Peter",,,,,,,peter petrik
IMS,6314,0W1,,5,18,3,,,,,,,,,,,,0,"Dalgic, Tevfik",,,,,,tdalgic,tevfik dalgic
IMS,6316,GW1,,6,8,4,6,2,,,,,,,,,,0,"Peinhardt, Clint W",,,,,,cwp052000,clint peinhardt
IMS,6354,GW1,,6,10,2,2,3,1,,,,,,,,,1,"Albrecht, Maria",,,,,,mxa180037,maria albrecht
IMS,6360,0W1,,30,22,14,4,5,1,1,,,,,1,,,0,"Olsztynska, Agnieszka","Deng, Shu",,,,,kxs014600,kurt siklar
IMS,6365,0W1,,14,11,10,6,5,3,,,,,,,,,0,"Woldu, Habte G","Alborz, Ethan",,,,,wolduh,habte woldu
ISIS,3335,0W1,,4,10,6,5,3,1,1,,1,,,,,,0,"Rosa, Jonathan",,,,,,jxr172530,jonathan rosa
ISIS,4304,0H1,,4,4,3,1,1,1,,,,,,,,,0,"Werhnyak, Larissa",,,,,,lxw163630,larissa werhnyak
ISNS,2359,0W1,62,14,7,5,1,2,2,2,1,,2,1,4,,,0,"Pujana, Ignacio","Sink, Katharine O",,,,,pxs077000,prabin shilpakar
ISNS,2367,0W1,14,22,7,1,4,3,,1,,1,,,4,,,0,"Pujana, Ignacio","Akatakpo, Solomon O",,,,,pujana,ignacio pujana
ISNS,2367,0W2,3,16,7,4,3,,1,2,2,,,,1,,,0,"Pujana, Ignacio","Akatakpo, Solomon O",,,,,pujana,ignacio pujana
ITSS,3300,5U1,,27,13,5,7,1,2,3,1,,,,,,,0,"Owens, Sean M",,,,,,jxs124931,
ITSS,3311,5U1,5,5,2,3,4,3,2,1,2,,,,,,,0,"Ozdemir, Dicle Yagmur",,,,,,yxk130930,yeongin kim
ITSS,3312,5U1,,3,7,3,3,6,1,2,,,,,2,,,8,"Short, Kevin P","Harikrishna Reddy, Chillakuru",,,,,mxy131030,
ITSS,3390,5U1,2,5,4,3,1,,,,,,,,,,,1,"Neal, Angela A",,,,,,vxa081000,vivek arora
ITSS,4300,5U1,3,4,2,3,5,5,1,1,1,,1,,2,,,5,"Perry, Christopher M","Srivastava, Bhupesh K",,,,,dmo130130,dawn owens
ITSS,4330,5U1,1,3,3,9,7,5,5,2,4,,,2,,,,1,"Khan, Taimur A","Harikrishna Reddy, Chillakuru",,,,,nxi110630,naser islam
ITSS,4351,5U1,,7,11,8,6,3,1,1,1,,,,,,,1,"Pandian, Thiru","Luo, Ning",,,,,gxs150130,gaurav shekhar
ITSS,4352,5U1,2,8,15,5,1,1,1,1,3,,,,1,,,1,"Neal, Angela A","Kengalapura Shivamurthy, Sourabha",,,,,aan052000,angela neal
ITSS,4360,5U1,,4,2,4,3,1,1,,,1,,,1,,,1,"Thirumalai, Nambi","Tang, Ping",,,,,ndt180001,nambi thirumalai
ITSS,4370,5U1,,3,6,2,9,2,2,2,,,1,,1,,,0,"Young, John G",,,,,,jgy190000,john young
LIT,1301,0W1,9,3,1,3,2,,,,,,,,,,,0,"Ingrao, Peter J",,,,,,jingrao,peter ingrao
LIT,2331,0W2,,10,,1,,,,,,,,,1,,,0,"Arrabai, Mustafa M",,,,,,bxm180023,bahareh momeniabdolabadi
LIT,3337,0W1,1,3,2,3,,1,,,,,,,,,,0,"Riley, Kristin N",,,,,,knr091000,kristin riley
MAS,6102,0U1,,,,,,,,,,,,,2,50,,1,"Cirilo, Jason M",,,,,,jmc180002,jason cirilo
MATH,1314,0S1,,1,1,2,,3,,1,,2,,,,,,0,"Alvarado, Iris",,,,,,ila180000,iris alvarado
MATH,1314,0U1,1,2,,,,2,,1,2,,,,5,,,0,"Aman, Kelly","Murad, Mohammad Hassan",,,,,mln018200,mylinh nguyen
MATH,1325,0U1,,,,4,,,,2,3,,2,,4,,,0,"Guo, Huizhen","Nuwagira, Brighton",,,,,hxg190020,huizhen guo
MATH,1325,5U1,,,1,,2,,1,2,1,1,1,,8,,,4,"Liu, Runzhou","Ghanem, Ziad G",,,,,cxl109120,changsong li
MATH,1326,0U2,3,3,1,2,1,1,,3,,,1,,4,,,1,"Duruoha, Adannah","Crane, Casey M",,,,,bcm052000,brady mccary
MATH,2312,0U1,,2,1,,1,,1,1,4,,,,4,,,1,"Martynova, Irina","Chen, Huiyi",,,,,kxa143530,kelly aman
MATH,2413,0U1,,1,1,1,1,5,1,4,4,,,2,2,,,1,"Nguyen, Mylinh T","Gallo, Erika S","Cao, Jianpeng","Zhao, Kun",,,mma110020,mohammad akbar
MATH,2413,0U2,1,1,1,,1,3,2,3,2,,,2,5,,,1,"Patel, Jigarkumar S","Gallo, Erika S","Cao, Jianpeng","Zhao, Kun",,,ila180000,iris alvarado
MATH,2414,0U1,2,,3,1,,2,1,4,1,2,,1,13,,,3,"Ahsan, Mohammad K",,,,,,kxa143530,kelly aman
MATH,2414,0U2,3,,5,2,3,2,1,,1,3,2,,8,,,2,"Ahsan, Mohammad K",,,,,,kxa143530,kelly aman
MATH,2415,0U1,2,1,1,,2,,2,4,2,,,1,1,,,0,"Dahal, Rabin","Chen, Ying",,,,,rxd153030,rabin dahal
MATH,2415,0U2,4,3,,2,5,2,,1,1,1,,,2,,,2,"Dahal, Rabin","Zagvozdkin, Andrei",,,,,mma110020,mohammad akbar
MATH,2417,0U1,6,1,2,3,2,,4,1,1,1,1,1,2,,,2,"Sultana, Nasrin","Jahan, Mahmuda",,,,,mka120030,mohammad ahsan
MATH,2418,0U1,3,2,2,1,1,1,3,5,1,,1,1,3,,,4,"Paudel, Ajaya B",,,,,,rxd153030,rabin dahal
MATH,2418,0U2,6,1,2,1,3,1,2,3,2,3,1,,2,,,0,"Adabrah, Anani Komla",,,,,,rxd153030,rabin dahal
MATH,2419,0U1,1,3,1,2,4,3,2,2,2,,,,1,,,0,"Eydelzon, Anatoly","Palit, Priyojit","Li, Jiacheng",,,,axe031000,anatoly eydelzon
MATH,2420,0U1,2,3,1,1,2,1,1,1,1,,1,1,1,,,0,"Dabkowski, Mieczyslaw K",,,,,,vish,viswanath ramakrishna
MATH,3351,0U1,2,2,,2,2,1,4,1,2,,,,,,,0,"Ramakrishna, Viswanath","Seiffert, Lucas",,,,,axe031000,anatoly eydelzon
MATH,4301,0U1,2,1,1,2,1,2,2,3,2,,,,1,,,1,"Dabkowski, Mieczyslaw K","Ahmed, Faisal",,,,,mkd034000,mieczyslaw dabkowski
MECH,2330,051,,2,1,1,,,,3,1,,,1,,,,2,"Thamban, P.L.Stephan",,,,,,stephan,p l stephan thamban
MECH,3105,1W1,6,3,3,2,1,1,,2,,,,,,,,0,"Rios, Oziel",,,,,,oxr106020,oziel rios
MECH,3150,1W1,1,5,4,1,2,1,,,,,,,,,,0,"Park, Wooram",,,,,,wxp103020,wooram park
MECH,3305,0W1,4,1,2,6,3,2,2,1,,,,,1,,,1,"Rios, Oziel",,,,,,dzf091000,dani fadda
MECH,3320,0S1,2,2,7,2,2,2,3,3,4,,1,,,,,1,"You, Seung M",,,,,,smy130030,seung you
MECH,3370,0U1,1,3,3,2,4,1,,1,,,,,1,,,0,"Fadda, Dani Z",,,,,,dzf091000,dani fadda
MECH,3380,0W1,2,2,1,1,,2,1,5,1,1,3,,2,,,1,"Malik, Arif",,,,,,axm154531,arif malik
MECH,4340,0W1,,1,3,4,3,1,1,2,,,,,,,,0,"Park, Wooram",,,,,,wxp103020,wooram park
MECH,4381,0U1,,7,20,16,27,6,2,3,,,,,,,,0,"Hart, Robert A",,,,,,rxh124630,robert hart
MECH,4V95,0W1,,4,2,,7,,,9,1,,2,,3,,,1,"Summers, Joshua",,,,,,jxz156730,jie zhang
MECO,6303,0W1,,13,11,11,3,5,3,8,,,,,,,,0,"Lewin, Peter","Kelly, Matthew L",,,,,plewin,peter lewin
MECO,6303,AW1,,15,1,,,1,,,,,,,,,,1,"Kiser, Stephen L",,,,,,slk012100,stephen kiser
MIS,6308,0W1,,27,9,13,4,2,,1,,,,,,,,0,"Raghunathan, Srinivasan","Joseph, Shailender",,,,,sraghu,srinivasan raghunathan
MIS,6308,0W2,,9,12,9,3,1,,1,,,,,,,,2,"Raghunathan, Srinivasan","Joseph, Shailender",,,,,sraghu,srinivasan raghunathan
MIS,6313,5U1,,6,12,9,9,6,3,,,,,,,,,1,"Shroff, Tejas N","Zhu, Yan",,,,,tff170130,tony fuller
MIS,6313,CW1,,3,3,7,,,,,,,,,,,,0,"Rhoades, Mike",,,,,,,mike rhoades
MIS,6313,GW1,,6,1,6,3,,1,1,,,,,,,,0,"Wiant, Russell B",,,,,,,russell wiant
MIS,6313,GW2,,11,5,2,3,,,1,,,,,,,,0,"Wiant, Russell B",,,,,,,russell wiant
MIS,6319,0W1,,18,,,4,,,,,,,,,,,0,"Thompson, Luell O",,,,,,lot013000,luell thompson
MIS,6324,0W1,,4,1,4,3,2,1,,,,,,,,,0,"Menon, Syam","Luo, Ning",,,,,sxm021300,syam menon
MIS,6326,0W1,,8,5,5,8,,,,,,,,,,,0,"Ryu, Young","Zhu, Wangsheng",,,,,ryoung,young ryu
MIS,6330,5U1,,4,4,5,1,,,1,,,,,,,,0,"Shroff, Tejas N","Zhu, Yan",,,,,nxh141030,nate howe
MIS,6346,5U1,,13,2,4,3,,,,,,,,,,,0,"El-Youssef, Rami","Tang, Ping",,,,,jxp180019,jerry perez
MIS,6363,0U1,,16,14,3,3,1,1,,,,,,1,,,0,"Calisir, Engin","Xie, Si",,,,,exc030100,engin calisir
MIS,6363,5U1,,17,10,3,1,1,,,,,,,,,,0,"Calisir, Engin","Xie, Si",,,,,exc030100,engin calisir
MIS,6380,0U1,,13,1,10,1,1,1,2,,,,,,,,0,"Islam, Naser","Srivastava, Bhupesh K",,,,,nxi110630,naser islam
MIS,6380,5D1,,18,4,13,5,1,,3,,,,,,,,0,"Islam, Naser","Srivastava, Bhupesh K",,,,,nxi110630,naser islam
MIS,6382,5U1,,10,12,12,6,4,2,2,,,,,,,,0,"Neouchi, Rabih","Xie, Si",,,,,rxn200012,rabih neouchi
MKT,3300,0U1,6,3,2,6,2,1,1,,,,,,,,,2,"Jameei Osgouei, Ata",,,,,,jmg171130,jerome gafford
MKT,3300,0W1,,7,11,12,8,7,2,1,,1,1,,,,,0,"Pahwa, Parneet","Kim, Seung Mok",,,,,pxp030100,parneet pahwa
MKT,3330,0U1,1,5,2,1,3,3,,,,,,,2,,,1,"Amirpour, Semiramis","Rai, Rahul",,,,,sxa130731,semiramis amirpour
MKT,4330,0W1,1,8,7,5,3,2,2,,2,1,,2,2,,,0,"Edsel, Alexander D",,,,,,ade012000,alexander edsel
MKT,4334,5U1,,6,2,1,10,,1,,,,,,,,,0,"Pacyna, Sandra",,,,,,sxp158130,sandra pacyna
MKT,4360,5U1,5,8,10,14,4,1,,,,,,,,,,0,"Farquharson, Neil",,,,,,nxf051000,neil farquharson
MKT,4395,5U1,2,11,,,,,,,,,,,,,,0,"Farquharson, Neil",,,,,,nxf051000,neil farquharson
MKT,6301,0W1,,13,9,8,15,9,5,2,,,,,3,,,0,"Pahwa, Parneet","Kim, Seung Mok",,,,,axb019100,abhijit biswas
MKT,6301,CW1,,24,,,,,,,,,,,,,,0,"Munch, James",,,,,,,james munch
MKT,6301,MBP,,5,3,11,5,2,,,,,,,1,,,0,"Rajaratnam, Daniel",,,,,,dxr143430,daniel rajaratnam
MKT,6301,XU1,,10,8,1,,,,,,,,,,,,0,"Albrecht, Maria",,,,,,mxa180037,maria albrecht
MKT,6309,0W1,,2,4,7,6,5,,,,,,,,,,0,"Rajaratnam, Daniel",,,,,,murthi,b p murthi
MKT,6310,0W1,,4,3,5,5,3,4,,,,,,,,,0,"Biswas, Abhijit","Brahmbhatt, Kruti Nitin",,,,,axb019100,abhijit biswas
MKT,6321,0W1,,16,1,6,12,2,,,,,,,,,,1,"Edsel, Alexander D",,,,,,ade012000,alexander edsel
MKT,6332,0W1,,6,4,7,6,5,5,2,,,,,1,,,0,"Biswas, Abhijit",,,,,,axb019100,abhijit biswas
MKT,6336,0W1,,3,4,3,1,1,,,,,,,,,,0,"Rao, Ram C","Choi, Eunsung",,,,,rrao,ram rao
MKT,6337,0W1,,4,2,3,3,3,1,2,,,,,,,,0,"Subramanian, Upender","Madan, Anmol","Roshangarzadeh, Reza",,,,uxs092000,upender subramanian
MKT,6339,0W1,,7,5,4,7,1,,,,,,,,,,0,"Rajaratnam, Daniel",,,,,,dxr143430,daniel rajaratnam
MKT,6352,0W1,,19,6,4,8,4,3,4,,,,,1,,,0,"Tirone, Guido",,,,,,gxt170001,guido tirone
MUSI,1306,051,15,12,,,,,,,,,,,,,,1,"Jones, Eric",,,,,,exj180003,eric jones
NSC,3361,0U1,1,3,2,1,3,1,4,1,3,1,,,2,,,0,"McWilliams, Steven P","Bryan, Caeley L",,,,,sxm127330,steven mcwilliams
NSC,3361,0U2,2,2,2,,1,1,5,2,3,,,,,,,4,"Taylor, Anna M","Garner, Katherine M","Szabo-Pardi, Thomas A",,,,amt180004,anna taylor
NSC,4351,0W1,4,20,5,,,,,,,,,,,,,0,"Shareef, Safiullah M",,,,,,sms170009,safiullah shareef
NSC,4352,0U1,1,4,3,,1,4,,,,,,,,,,0,"Raboune, Siham","Rodriguez, Sierra R",,,,,rxs170431,rukhsana sultana
NSC,4353,1U3,3,6,2,,1,1,,1,,,,,,,,0,"Raboune, Siham","Driskill, Christopher M",,,,,sxr180071,siham raboune
NSC,4366,0U1,3,3,2,3,1,2,2,,,,3,,3,,,2,"Taylor, Anna M","Hu, Ya-Yu",,,,,amt180004,anna taylor
NSC,4V90,0W1,5,11,5,3,7,3,,,1,,,,2,,,0,"Maqbool, Mohsin",,,,,,amoller,aage moller
OB,6249,CW1,,26,,,2,,,,,,,,,,,0,"Latham, Van M",,,,,,,van latham
OB,6301,0W1,,35,9,6,9,3,2,2,,,,,2,,,0,"Hasenhuttl, Maria","Teschner, Ryan S",,,,,ziegler,laurie ziegler
OB,6301,CH1,,24,,,,,,,,,,,,,,0,"Ferrante, Anne M",,,,,,,anne ferrante
OB,6331,CW1,,10,,1,,,,,,,,,,,,0,"Hasenhuttl, Maria",,,,,,h1562,maria hasenhuttl
OB,6332,0W1,,17,1,2,2,,,2,,,,,,,,1,"Ziegler, Laurie","Garg, Suyash",,,,,ziegler,laurie ziegler
OB,6332,0W2,,28,,,3,1,,,,,,,,,,2,"Ziegler, Laurie","Garg, Suyash",,,,,ziegler,laurie ziegler
OB,6334,CW1,,6,6,5,,,,,,,,,,,,0,"Latham, Van M",,,,,,,van latham
OB,6344,CW1,,28,5,,,,,1,,,,,,,,0,"Norton, Larry",,,,,,,larry norton
OB,6348,CW1,,28,1,1,1,,,2,,,,,,,,0,"Plaisance Bryan, Suzette T",,,,,,,suzette plaisance bryan
OB,6351,CW1,,20,3,3,2,,,,,,,,,,,0,"Norton, Larry",,,,,,,larry norton
OB,6352,CW1,,19,3,,2,,,,,,,,,,,0,"Norton, Larry",,,,,,,larry norton
OB,6358,GW1,,11,,,1,,,,,,,,,,,0,"Thurgood, Keith L",,,,,,klt160130,keith thurgood
OB,6367,GW1,,11,,1,,,,,,,,,,,,0,"Thurgood, Keith L",,,,,,klt160130,keith thurgood
OB,6382,CW1,,35,,,,,,,,,,,,,,0,"Plaisance Bryan, Suzette T",,,,,,,suzette plaisance bryan
OB,6384,CW1,,17,2,1,1,,,1,,,,,,,,0,"Honeycutt, James",,,,,,,james honeycutt
OBHR,3310,0U1,4,3,3,3,1,2,,,,,,,,,,0,"Guo, Nan",,,,,,davidr,david ritchey
OBHR,3330,0U1,,6,7,5,6,3,,,3,,,,1,,,0,"Meda, Edward","Teschner, Ryan S",,,,,davidr,david ritchey
OBHR,4300,0W1,38,12,,,,,,,,,,,,,,0,"Edgington, Kyle D",,,,,,kde081000,kyle edgington
OPRE,3310,0U1,,5,,3,4,,3,4,,,,,,,,1,"Subramoniam, Ramesh","Wei, Jiarui",,,,,xxs130630,xi shan
OPRE,3310,0U2,5,7,3,3,3,2,,1,,,,,1,,,0,"Armaghan, Milad",,,,,,dxp153830,david parks
OPRE,3310,5U1,6,5,3,4,1,2,6,2,,1,1,,3,,,1,"Rout, Arun Kumar",,,,,,yxc121130,ying cao
OPRE,3333,0W1,6,16,10,3,7,2,,2,,1,2,,1,,,0,"Alimirzaei, Athena","Qu, Zihao",,,,,axa134231,athena alimirzaei
OPRE,3333,5U1,14,3,2,2,2,,1,2,1,,3,,4,,,2,"Ahadi, Khatereh","Chen, Qiuxia",,,,,mxn121930,mohammad naseri
OPRE,3360,0W1,14,11,7,4,8,2,4,2,2,,1,,1,,,2,"Ahadi, Khatereh","Chen, Qiuxia",,,,,flannery,carol flannery
OPRE,3360,5U1,1,6,3,3,1,5,1,1,1,,,,,,,0,"Manchiraju, Chandrasekhar Seetharama",,,,,,mxn121930,mohammad naseri
OPRE,6301,0W1,,18,7,3,17,3,3,3,,,,,3,,,0,"Leach, Sonia E","Takasi, Venkanna Dora Goutham",,,,,flannery,carol flannery
OPRE,6301,CH1,,21,3,3,1,1,,,,,,,,,,0,"Kim, Dohyeong",,,,,,dxk132530,dohyeong kim
OPRE,6302,0W1,,16,13,17,9,1,,,,,,,,,,1,"Dawande, Milind","Takasi, Venkanna Dora Goutham",,,,,milind,milind dawande
OPRE,6302,AW6,,13,6,,2,1,,,,,,,,,,2,"Leach, Sonia E",,,,,,sel120030,sonia leach
OPRE,6302,MBP,,10,7,7,2,,,,,,,,1,,,0,"Subramoniam, Ramesh","Wei, Jiarui",,,,,rxs179630,ramesh subramoniam
OPRE,6332,5U1,,18,8,10,4,3,1,4,,,,,2,,,0,"Ramanathan, Kannan","Wei, Jiarui",,,,,kxr087000,kannan ramanathan
OPRE,6364,PW1,,5,5,1,,,,,,,,,,,,0,"Rajamani, Divakar",,,,,,dxr020100,divakar rajamani
OPRE,6379,PW1,,5,4,1,,,,,,,,,,,,0,"Rajamani, Divakar","Raschke, Curt",,,,,dxr020100,divakar rajamani
OPRE,6390,0W1,,22,,,7,,,3,,,,,,,,0,"Thompson, Luell O",,,,,,lot013000,luell thompson
OPRE,6398,0W2,,9,,,1,,1,,,,,,,,,0,"Alimirzaei, Athena","Qu, Zihao",,,,,axa134231,athena alimirzaei
OPRE,6398,5U1,,3,1,6,,,,,,,,,,,,0,"Sethi, Awanti",,,,,,axa134231,athena alimirzaei
OPRE,6399,0W1,,9,2,1,,,,,,,,,,,,0,"Menon, Syam","Luo, Ning",,,,,sxm021300,syam menon
PA,3333,0W1,11,12,13,2,,1,,,,,,,1,,,0,"Rafi, Ahmed",,,,,,tth130030,
PA,4355,0U1,7,2,,,1,1,,,,,,,,,,0,"Hoang, Thanh T",,,,,,mzn170030,thanh hoang
PA,6321,0E1,,13,,,,,,,,,,,,,,0,"Benavides, Teodoro J",,,,,,tjb051000,teodoro benavides
PA,6321,0U1,,17,,,,,,,,,,,,,,1,"Benavides, Teodoro J",,,,,,tjb051000,teodoro benavides
PA,6369,0W1,,11,5,,1,2,,,,,,,,,,3,"Stocks, Dhriti P",,,,,,dpp130130,
PA,8330,HN1,,33,,1,2,,,,,,,,1,,,0,"Shute, William H","Chin, Michelle L",,,,,whs170030,
PHIL,1301,0W1,,47,,5,53,,2,11,,,7,,4,,,1,"Amato, Lawrence A","Meyer, Zachary M","Tijani, Kehinde O",,,,laa062000,lawrence amato
PHIL,3328,0W1,,,3,,,,2,1,1,,1,1,,,,1,"Dennis, Patrick W",,,,,,pdennis,patrick dennis
PHYS,1301,0U1,5,2,3,1,4,,,,,,,,,,,4,"Khan, Amena","Jafarzadeh, Seyed Javad","Ruwali, Shisir",,,,jds107020,jason slinker
PHYS,1302,0W1,2,8,2,3,4,1,3,,1,1,,,,,,1,"Sun, Kuei","Bhattacharjee, Koustubh",,,,,kxs147030,kuei sun
PHYS,2125,1U1,3,10,1,1,1,1,,,,,,1,1,,,0,"Sun, Kuei","Ali, Akbar",,,,,kxs147030,kuei sun
PHYS,2125,1U2,1,10,,1,,,,,,,,,,,,2,"Sun, Kuei","Bera, Avijit",,,,,kxs147030,kuei sun
PHYS,2125,1U3,1,11,2,,,,,,,,,,,,,0,"Sun, Kuei","Gogoi, Antareep","Bhandari, Bishal","Gibbons, Stasio M",,,kxs147030,kuei sun
PHYS,2126,1U1,9,1,1,,,,,,,,,,,,,1,"Macalevey, Paul J","Patra, Rittik",,,,,paulmac,paul macalevey
PHYS,2126,1U4,22,1,,1,,1,,,,,,,,,,0,"Macalevey, Paul J","Shrestha, Samyak",,,,,paulmac,paul macalevey
PHYS,2126,1U5,9,,1,,,,1,,,,,,,,,0,"Macalevey, Paul J","Khan, Junaid Saif",,,,,paulmac,paul macalevey
PHYS,2325,0U1,6,6,3,2,1,2,1,1,1,1,1,,1,,,0,"Ishak-Boushaki, Mustapha","Sooriyaarachchi, Vinu K","Mitchell, George A",,,,avm074000,anton malko
PHYS,2325,0U2,1,6,,1,1,1,,1,1,,,,2,,,1,"Slinker, Jason D","Seifi, Melodee O","Ameh, Emmanuel O",,,,jds107020,jason slinker
PHYS,2326,0U1,,6,7,9,7,2,4,,2,,1,,1,,,0,"Gartstein, Yuri","Aker, Adam","Dowarah, Sasanka",,,,yxg037000,yuri gartstein
PPOL,4312,0S1,3,9,,,,,,,,,,,,,,0,"Boots, Denise P",,,,,,dpb062000,denise boots
PPPE,7V26,0U1,,15,1,,,,,,,,,,,,,0,"Elliott, Euel W",,,,,,eelliott,euel elliott
PSY,2301,0W1,,16,16,14,8,10,4,3,4,1,1,5,5,,,1,"Brody, Salena M","Li, Yue",,,,,smb051000,salena brody
PSY,2317,0U1,,1,,,2,2,2,,,,,,2,,,4,"Batchalli Maruthy, Gayathri","Zhang, Ziwei",,,,,pdaniel,daniel pacheco
PSY,3310,0U1,1,5,5,2,2,7,2,4,,,,,,,,2,"Heinrich, Melissa D","Hafiz, Mariam",,,,,krs150330,
PSY,3331,0U1,,17,9,,4,4,1,3,1,,,,3,,,8,"Huxtable-Jester, Karen J","Lilly, Lauren H",,,,,jab140230,julie parsons
PSY,3342,5U1,2,4,4,1,1,2,,3,,,,,1,,,0,"Bonner, Deborah L","Padilla Cardoso, Mayra A",,,,,dbonner,deborah bonner
PSY,3361,0W1,40,11,11,6,8,4,4,,1,,1,,1,,,1,"Hooge, Kimberley O",,,,,,kls190004,kendra seaman
PSY,3392,0U1,2,5,1,4,,2,,,,,1,,2,,,0,"Holmes, Melanie C","Nguyen, Linh Thi D",,,,,rxr076000,rachna raman
PSY,3393,0U1,,7,6,2,1,1,,1,,,,,,,,0,"Jones, Desiree","Monroe, Anthony J",,,,,ach103020,amanda hahn
PSY,3393,0W1,2,4,8,3,2,1,,1,1,,1,,,,,0,"Shirvani, Forouz","Sudheesh, Athul",,,,,fxk024000,forouz shirvani
PSY,4331,0U1,6,9,7,2,11,5,5,4,,,1,1,,,,0,"Poucher, Jesse W","Heard, Matthew J",,,,,jwp082000,jesse poucher
PSY,4343,0W1,19,36,14,8,7,3,1,4,,,,,2,,,0,"Ybarra, Regina K","Hsieh, Uan-Luen",,,,,rky190000,regina ybarra
PSY,4343,0W2,5,10,9,6,8,2,1,2,,1,3,,1,,,2,"Ybarra, Regina K","Hsieh, Uan-Luen",,,,,aep140430,amy pinkham
PSY,4346,0U1,7,9,7,4,,1,1,3,3,,,,2,,,3,"Wilder, Siri","Platt, Kristen N",,,,,jgentsch,joanna gentsch
PSY,4V90,0U1,,15,,,,,,,,,,,,,,0,"De Froy, Adrienne M",,,,,,sxh161130,
PSY,4V90,0W1,,23,1,1,,,3,,1,,1,1,,,,1,"Brody, Salena M","De La Cerda, Callie B",,,,,smb051000,salena brody
REAL,3365,0W1,,1,2,2,3,3,,,1,,,,,,,0,"DeCourcy, George A",,,,,,gad075000,george decourcy
REAL,6321,5H1,,1,1,,2,,,3,,,,,2,,,2,"Guttery, Randall",,,,,,rxg112530,randall guttery
REAL,6322,0W1,,4,2,2,6,2,,,,,,,,,,0,"DeCourcy, George A",,,,,,gad075000,george decourcy
RHET,1302,051,1,7,3,,,,1,1,,1,,1,,,,0,"Cook, Brandy S",,,,,,axs084500,addison shierry
RHET,1302,052,7,4,4,,,1,,,1,,,,1,,,0,"Walker, Jason A",,,,,,klb140030,kent boyer
RHET,1302,091,,1,4,1,3,2,,1,,1,,,1,,,0,"Cox, Gavin L",,,,,,pjs140230,
RHET,1302,0S1,3,4,3,1,1,,,,,,,,,,,0,"Hill, Justin T",,,,,,txb112130,tracey berry
SE,3306,0W1,3,3,,2,,2,,,,,,,,,,0,"Farage, Timothy P","Song, Zihe",,,,,tfarage,timothy farage
SE,4381,0U1,,3,4,3,3,7,3,3,2,,,,,,,0,"Paulk, Mark C","Nguyen, Son V",,,,,mcp130030,mark paulk
SOC,1301,0W1,33,10,1,,1,2,,1,,,,,,,,0,"Dickey-Laprocido, Galen L",,,,,,zrs160030,zachary simoni
SOC,2320,0S1,13,4,,,,,,,,,,,,,,0,"Lanham, Carol C","Scotch, Richard","Dore, Gaetan",,,,scotch,richard scotch
SPAU,3340,0U1,1,7,,,2,,,1,,,,,,,,0,"Aldridge, Michelle A","Vu, Katrina D",,,,,aldridge,michelle aldridge
SPAU,3343,0U1,3,4,2,1,,,,2,,1,,,1,,,0,"Mehta, Sonya","Thomas, Abbey L",,,,,wkatz,william katz
STAT,1342,0U1,1,1,1,,1,2,1,1,1,,,,1,,,1,"Koshevnik, Yuly","Shuvo, Farabi R",,,,,yxk055000,yuly koshevnik
STAT,2332,0U1,10,2,1,1,2,,2,1,1,,,,1,,,0,"Whalen, Tristan G",,,,,,tgw100020,tristan whalen
STAT,4351,0U1,4,5,2,,3,1,,,,,,3,1,,,0,"Koshevnik, Yuly","Rahman, Nusma","Nguyen, Mylinh T",,,,yxk055000,yuly koshevnik
SYSM,6325,SU1,,12,1,2,,,,,,,,,,,,0,"Koganti, Ramakrishna",,,,,,rxk190037,ramakrishna koganti
