Subject,Catalog Nbr,Section,A+,A,A-,B+,B,B-,C+,C,C-,D+,D,D-,F,CR,NC,P,W,Instructor 1,Instructor 2,Instructor 3,Instructor 4,Instructor 5,Instructor 6,instructor_id,instructor_name_normalized
ACCT,2301,5U1,9,3,3,,1,2,,1,,1,,5,1,,,,1,"Gencer, Nur Pinar",,,,,,yxh124430,ying huang
ACCT,2302,5U1,4,7,6,6,10,,8,3,,,,,5,,,,2,"Zolton, Kathy","He, Jiapeng",,,,,cah041000,christopher hess
ACCT,3331,5U1,1,2,2,3,2,1,4,3,2,,1,1,,,,,0,"Zhou, Yibin",,,,,,yxz066000,yibin zhou
ACCT,3341,5U1,1,4,6,1,2,1,1,1,,,,,,,,,0,"Sandhu, Gurvinder",,,,,,jrk013000,jeffrey kromer
ACCT,3350,5U1,4,2,3,1,1,,3,1,,3,,1,2,,,,0,"Gamino, John P",,,,,,jpg140630,john gamino
ACCT,4334,5U1,,3,2,2,8,,4,4,,1,,1,,,,,0,"Hes, Christopher A","Holstead, Cameron",,,,,cah041000,christopher hess
ACCT,4340,0U1,7,4,3,1,1,,1,4,,1,,1,,,,,2,"Johnson, Jennifer",,,,,,jxj091000,jennifer johnson
ACCT,6194,SW1,,8,,,3,,,1,,,,,,,,,0,"Johnson, Jennifer",,,,,,jxj091000,jennifer johnson
ACCT,6202,5U1,,7,15,13,8,8,2,3,,,,,2,,,,2,"Janakiraman, Surya","He, Jiapeng",,,,,suryaj,surya janakiraman
ACCT,6287,XS1,,30,,,,,,,,,,,,,,,0,"McNulty, Diane S",,,,,,dmcnulty,diane mcnulty
ACCT,6292,SW1,,7,,,5,,,,,,,,,,,,0,"Linsteadt, Chris C",,,,,,ccl019000,chris linsteadt
ACCT,6301,5U1,,11,8,9,13,5,3,3,,,,,4,,,,4,"Ballew, Gregory E","Nathan, Brad",,,,,srp065000,stephanie poindexter swaim
ACCT,6305,5U1,,5,6,6,,,,2,,,,,,,,,0,"Janakiraman, Surya","He, Jiapeng",,,,,yxh124430,ying huang
ACCT,6313,5U1,,4,1,4,3,3,1,1,,,,,,,,,0,"Shroff, Tejas N","Chen, Luoying",,,,,nxh141030,nate howe
ACCT,6333,5U1,,12,,,11,,,7,,,,,1,,,,2,"Zolton, Kathy","He, Jiapeng",,,,,kxz121730,kathy zolton
ACCT,6338,5U1,,17,2,4,20,2,,2,,,,,2,,,,2,"Goodrich, Mary Beth W","Nathan, Brad",,,,,goodrich,mary beth goodrich
ACCT,6344,0W1,,10,18,26,9,2,2,,,,,,,,,,0,"Gurun, Umit","Song, Dongye",,,,,ugg041000,umit gurun
ACCT,6365,5U1,,18,9,25,5,9,9,,,,,,,,,,0,"Cheng, Samuel",,,,,,sxc109021,samuel cheng
ACCT,6367,5U1,,18,12,7,2,2,,2,,,,,,,,,0,"Gamino, John P","Frost, Sandra M",,,,,jpg140630,john gamino
ACCT,6373,5U1,,9,19,21,11,5,2,,,,,,1,,,,0,"Hes, Christopher A","Holstead, Cameron",,,,,axp180036,abraham paul
ACCT,6384,5U1,,54,5,3,1,,,,,,,,1,,,,5,"Kromer, Jeffrey","Nathan, Brad",,,,,jrk013000,jeffrey kromer
ACN,6338,0U1,,13,,,7,,,,,,,,,,,,1,"Sultana, Rukhsana",,,,,,rxs170431,rukhsana sultana
ACN,6340,0U1,,7,5,1,3,1,3,1,,,,,1,,,,2,"Kroener, Sven",,,,,,sxk101000,sven kroener
ACN,6V81,0W1,,18,1,,,,,,,,,,,,,,0,"McWilliams, Steven P",,,,,,sxm127330,steven mcwilliams
AHST,3319,091,,1,1,1,,1,,1,2,,,,4,,,,1,"Terranova, Charissa",,,,,,cxt074100,charissa terranova
AMS,2300,0W1,,11,2,3,10,1,1,,,,,,1,,,,1,"Werhnyak, Larissa",,,,,,nxp174730,neall pogue
AMS,2300,0W2,,4,3,5,6,,2,2,,1,,,4,,,,0,"Pogue, Neall W",,,,,,nxp174730,neall pogue
AMS,2341,0W1,,2,6,5,10,,,,,,,,3,,,,2,"Naqvi, Syed K",,,,,,skn180000,syed naqvi
AMS,3316,0W1,21,5,1,,2,,,,,,,,,1,,,0,"Winstead, Elizabeth L",,,,,,lwm061000,elizabeth winstead
AMS,4385,0W1,11,10,3,,2,,1,2,,,,,2,,,,0,"Winstead, Elizabeth L",,,,,,lwm061000,elizabeth winstead
ARTS,1301,0W1,11,27,9,6,5,4,5,3,,2,2,,3,,,,2,"Grandjean, Kelly","Prakash, Arya",,,,,kxg190019,kelly grandjean
ARTS,3372,551,,9,4,3,,,,,,,,,2,,,,0,"Loving, Emily",,,,,,exl097120,emily loving
ARTS,3379,591,,5,4,2,1,,1,,,,,,1,,,,1,"Loving, Emily",,,,,,exl097120,emily loving
ATCM,2302,051,8,10,,1,2,1,,,,,1,1,2,,,,0,"Minnish, Roxanne W",,,,,,daa170730,donna aldridge
ATCM,2310,0U1,9,2,1,6,3,,,1,,,,1,3,,,,1,"Salter, Monika M",,,,,,mxs176131,monika salter
ATCM,2321,0U1,,13,7,3,1,2,,,,,,1,1,,,,0,"Mulla, Ayesha",,,,,,axm190114,ayesha mulla
ATCM,2330,051,1,3,6,3,,1,1,1,,,,,,,,,1,"Nielsen, Christina R",,,,,,crn022000,christina nielsen
ATCM,2335,0W1,,5,,,3,1,,1,,,1,1,4,,,,3,"Stewart, Michael C",,,,,,yxc161331,yu kwong chiu
ATCM,3301,0W1,4,2,4,3,,2,,2,,1,,,,,,,0,"Landers, Sean M",,,,,,lxi170030,laura imaoka
ATCM,3301,0W2,2,3,4,,,,,1,2,,,,,,,,1,"Rheams, David C",,,,,,srm140030,stephen mallory
ATCM,3301,0W3,,6,2,1,2,,2,,,,,,5,,,,1,"Field, Jamie M",,,,,,sxr178530,sharathchandra ramakrishnan
ATCM,3301,0W4,,1,6,2,1,1,,,,,,,,,,,1,"Ramakrishnan, Sharathchandra",,,,,,dcr093020,david rheams
ATCM,3306,0U1,4,1,4,3,3,4,1,,1,,2,,1,,,,2,"Lewis, Timothy M",,,,,,cjc043000,christopher camacho
ATCM,3307,0U1,1,3,10,4,,1,1,,3,1,,,5,,,,0,"McCord, Peter A",,,,,,pam062000,peter mccord
ATCM,3315,0W1,,7,13,4,3,1,1,1,,,,,,,,,0,"Veras de Souza, Christine",,,,,,cxv180000,christine veras de souza
ATCM,3336,0U1,,8,7,5,5,2,2,,,,,,1,,,,0,"McKinney, Mark",,,,,,mxm190029,mark mckinney
ATCM,3337,0U1,8,10,2,6,1,,,2,,,,,,,,,0,"Wood, Harold G",,,,,,hgw021000,harold wood
ATCM,3338,0U1,9,1,3,2,5,1,1,2,,,1,,3,,,,1,"Camacho, Christopher J",,,,,,awc051000,adam chandler
ATCM,3338,0U2,5,2,2,4,1,1,2,4,,,2,,3,,,,1,"Camacho, Christopher J",,,,,,cjc043000,christopher camacho
ATCM,3350,051,16,2,4,1,1,,,,,,,,2,,,,2,"Trosper, Elizabeth M",,,,,,crn022000,christina nielsen
ATCM,3367,0U1,1,1,4,2,1,2,,,,,,,2,,,,1,"Chandler, Adam W",,,,,,awc051000,adam chandler
ATCM,4330,051,4,8,4,,1,,,,2,,,1,2,,,,0,"Nielsen, Christina R",,,,,,crn022000,christina nielsen
ATCM,4350,0W1,8,5,6,3,1,1,1,,2,,,,3,,,,0,"Hewitt, Sharon",,,,,,sxh090220,sharon hewitt
ATCM,4384,0W1,1,8,12,7,1,,,,1,,,,,,,,0,"Rheams, David C",,,,,,dcr093020,david rheams
AUD,6216,0U1,,7,3,,,,,,,,,,,,,,0,"Cokely, Carol G",,,,,,cgc016200,
AUD,7240,5U1,,13,,,,,,,,,,,,,,,0,"Griffiths, Scott K",,,,,,skg180000,
AUD,7310,5U1,,23,,,,,,,,,,,,,,,0,"Clark, Jackie L",,,,,,jclark,jackie clark
AUD,7325,0W1,,8,,,2,,,,,,,,,,,,0,"Thibodeau, Linda K","Warner-Czyz, Andrea D","Havens, Rebekah",,,,thib,linda thibodeau
BA,1320,5U1,,2,1,2,3,1,,4,,,,,,,,,0,"Lewin, Peter","Kelly, Matthew L",,,,,slk012100,stephen kiser
BCOM,3300,0U1,,4,4,4,4,6,3,,4,1,3,2,9,,,,1,"Fry, Jennifer L",,,,,,jlf130030,jennifer fry
BCOM,3300,0U2,,1,7,3,2,1,4,4,1,1,,1,3,,,,2,"Fry, Jennifer L",,,,,,jlf130030,jennifer fry
BCOM,3310,0U2,1,2,3,3,4,2,7,5,,3,,,3,,,,0,"Walton, Michaella",,,,,,meg012400,margaret smallwood
BCOM,4300,0U1,,,1,1,7,7,5,3,2,2,4,3,2,,,,1,"Lookadoo, Kathryn","Ward, Hannah",,,,,kxl164330,kathryn lookadoo
BCOM,4300,0U2,,5,8,5,6,12,3,4,3,1,1,1,1,,,,0,"Smallwood, Margaret G","Ward, Hannah",,,,,meg012400,margaret smallwood
BCOM,4300,0U3,,4,11,6,5,6,2,7,4,1,2,,1,,,,1,"Smallwood, Margaret G","Ward, Hannah",,,,,meg012400,margaret smallwood
BCOM,4300,0U4,,1,,1,1,4,2,4,3,,1,1,1,,,,1,"Lookadoo, Kathryn","Ward, Hannah",,,,,kxl164330,kathryn lookadoo
BCOM,4300,0U5,,,3,3,7,5,4,3,2,,1,,,,,,0,"Watson, John M","Ward, Hannah",,,,,jmw077000,john watson
BCOM,4300,5E1,,2,4,9,8,8,5,3,,2,,1,1,,,,1,"Watson, John M","Ward, Hannah",,,,,jmw077000,john watson
BCOM,4300,5U1,1,2,6,7,6,5,9,3,2,1,1,,1,,,,0,"Tamez, Katrina",,,,,,kxt200010,katrina tamez
BIOL,2111,0U1,,11,,,14,,,5,,,,,2,,,,1,"Maitra, Meenakshi","Ashrafi, Adnin","Salamat, Narges",,,,candas,mehmet candas
BIOL,2111,0U2,,11,,,10,,,4,,,2,,,,,,4,"Maitra, Meenakshi","Salamat, Narges","Ashrafi, Adnin",,,,candas,mehmet candas
BIOL,2112,0U1,6,5,2,3,6,1,1,,2,,2,1,4,,,,2,"Wu, Zhuoru","Tiwari, Suman",,,,,candas,mehmet candas
BIOL,2112,0U2,5,7,4,1,4,4,1,5,,2,,1,1,,,,0,"Wu, Zhuoru","Tiwari, Suman",,,,,candas,mehmet candas
BIOL,2281,3W1,5,3,4,2,2,1,,1,1,2,,1,1,,,,0,"Lin, Wen J",,,,,,wenju,wen ju lin
BIOL,2281,3W2,1,4,1,4,1,5,3,,,,,,2,,,,3,"Lin, Wen J",,,,,,eaw016100,elizabeth pickett
BIOL,2281,3W3,,6,6,1,3,1,3,1,1,1,,,1,,,,0,"Lin, Wen J",,,,,,eaw016100,elizabeth pickett
BIOL,2281,3W4,4,8,3,2,1,,,2,1,1,,,1,,,,0,"Lin, Wen J",,,,,,ixk190014,ida klang
BIOL,2311,0U1,,22,,,24,,,9,,,2,,2,,,,5,"Maitra, Meenakshi","Salamat, Narges","Ashrafi, Adnin",,,,candas,mehmet candas
BIOL,2312,0U1,11,12,6,4,10,5,2,5,2,2,2,2,5,,,,2,"Wu, Zhuoru","Tiwari, Suman",,,,,candas,mehmet candas
BIOL,3101,0U1,13,4,3,5,3,3,1,1,4,,1,1,,,,,0,"Srikanth, Uma",,,,,,ixb053000,irina borovkov
BIOL,3101,0U2,18,6,3,4,4,,2,,,1,1,,,,,,0,"Srikanth, Uma","Gadhvi, Jashkaran G","Ratevosyan, Richard",,,,ixb053000,irina borovkov
BIOL,3101,0U3,15,3,4,4,5,1,,1,1,,,,,,,,0,"Srikanth, Uma","Afolami, Olufemi Ifeoluwa",,,,,ukrish,uma srikanth
BIOL,3101,0U4,7,3,7,4,4,2,3,,,,,2,,,,,0,"Srikanth, Uma","Yaqub, Muneer O",,,,,ukrish,uma srikanth
BIOL,3101,0U5,9,4,10,4,1,2,1,,1,,1,,1,,,,0,"Srikanth, Uma","Joshi, Ketki",,,,,ukrish,uma srikanth
BIOL,3101,0U6,4,,1,4,1,,1,,,,,,,,,,0,"Srikanth, Uma","Alemi, Parinazsadat",,,,,ukrish,uma srikanth
BIOL,3102,0U1,3,5,3,2,4,1,4,3,,,,,,,,,0,"Srikanth, Uma",,,,,,ukrish,uma srikanth
BIOL,3102,0U3,4,5,3,4,4,,1,1,1,1,,,,,,,0,"Srikanth, Uma",,,,,,ukrish,uma srikanth
BIOL,3161,0W1,,14,9,6,4,8,3,3,2,2,1,1,1,,,,1,"Candas, Mehmet",,,,,,candas,mehmet candas
BIOL,3161,0W2,,3,,5,4,7,4,2,1,,,,,,,,0,"Candas, Mehmet",,,,,,candas,mehmet candas
BIOL,3161,0W3,,2,7,4,1,4,4,1,1,1,1,,1,,,,0,"Candas, Mehmet",,,,,,candas,mehmet candas
BIOL,3162,0W1,,1,2,4,4,1,3,,2,1,2,,2,,,,0,"Candas, Mehmet",,,,,,candas,mehmet candas
BIOL,3162,0W3,,1,4,1,1,1,2,,2,,1,,,,,,0,"Candas, Mehmet",,,,,,candas,mehmet candas
BIOL,3301,0U1,66,20,28,25,18,8,8,2,6,1,3,3,1,,,,0,"Srikanth, Uma","Afolami, Olufemi Ifeoluwa","Alemi, Parinazsadat","Yaqub, Muneer O","Joshi, Ketki","Gadhvi, Jashkaran G",ixb053000,irina borovkov
BIOL,3302,0U1,9,10,6,7,8,2,8,4,1,1,,,,,,,0,"Srikanth, Uma","Ballew, Luke","Akter, Zakia","Shipman, Braden M",,,ukrish,uma srikanth
BIOL,3318,0U1,6,23,25,7,5,6,,,2,,,,,,,,1,"Henson, Uyen N",,,,,,unh130030,uyen henson
BIOL,3361,0W1,,18,15,12,9,17,10,5,4,2,2,1,2,,,,1,"Candas, Mehmet","Wickramasinghe, Piumi B","Song, Ming","Wang, Tianyuan",,,lxj200008,lin jia
BIOL,3362,0W1,,2,6,6,5,2,5,1,3,1,3,,2,,,,0,"Candas, Mehmet","Petter, Andrew T","Soladogun, Adedamola S",,,,candas,mehmet candas
BIOL,3380,3W1,,3,2,1,1,,3,2,4,,1,,3,,,,2,"Rippel, Scott A","Mazambani, Simbarashe",,,,,jxp134330,jing pan
BIOL,3380,3W2,2,1,5,,1,3,,,3,,1,1,2,,,,5,"Pickett, Elizabeth A","Zhi, Jiahe",,,,,rippel,scott rippel
BIOL,3380,3W3,,3,,2,,,,,3,2,,,3,,,,0,"Rippel, Scott A","Dhar, Roopal",,,,,rippel,scott rippel
BIOL,3380,3W4,,4,2,2,1,1,3,1,2,,1,2,1,,,,3,"Pickett, Elizabeth A","Zhang, Bo",,,,,jxp134330,jing pan
BIOL,3455,3W1,,3,6,5,3,1,1,,3,1,1,1,3,,,,4,"Ramirez, Ruben D",,,,,,rdr092000,ruben ramirez
BIOL,3455,3W2,,,6,,2,8,3,3,4,2,,1,2,,,,1,"Ramirez, Ruben D",,,,,,zxw190014,
BIOL,3455,3W4,1,5,,2,2,1,5,1,5,1,,,2,,,,2,"Ramirez, Ruben D",,,,,,rdr092000,ruben ramirez
BIOL,3456,3U1,1,1,4,5,,2,2,1,,,,,,,,,0,"Yu, Wen H","Li, Yibo","Venkitapathi, Sundharamani",,,,why061000,wen ho yu
BIOL,3456,3U2,,2,8,2,3,3,1,,,,,,,,,,1,"Yu, Wen H","Li, Yibo","Venkitapathi, Sundharamani",,,,why061000,wen ho yu
BIOL,3520,3W1,,4,13,8,1,1,1,,2,,,,,,,,0,"Mehta, Iti","Dahl, Haley C","Chacon Castro, Maria Del Carmen","Sawant, Namrata V",,,ixm121430,iti mehta
BIOL,3520,3W2,,4,12,3,3,7,,,,,,,,,,,1,"Mehta, Iti","Dahl, Haley C","Chacon Castro, Maria Del Carmen","Sawant, Namrata V",,,ixm121430,iti mehta
BIOL,3520,3W3,,3,14,1,2,7,1,,,,1,,,,,,0,"Lakoduk, Ashley","Dahl, Haley C","Chacon Castro, Maria Del Carmen","Sawant, Namrata V",,,axl200032,ashley lakoduk
BIOL,4353,5U1,5,14,6,1,6,2,2,3,1,,,,,,,,0,"Burr, John G","Lewis, Anthony J",,,,,burr,john burr
BIOL,4366,5U1,7,11,2,2,,,1,2,,,,,,,,,0,"Burr, John G","Bautista, Monica A",,,,,burr,john burr
BIOL,4380,3W1,3,5,2,2,3,1,1,2,,,,,3,,,,0,"Maynard, Caitlin S","Zhang, Bei","Shashikanth Raj Urs, Karthik Urs Bangalore","Wei, Hong",,,exs190014,eva sadat
BIOL,4380,3W2,2,7,2,2,3,1,2,2,,,,,1,,,,0,"Maynard, Caitlin S","Shashikanth Raj Urs, Karthik Urs Bangalore","Zhang, Bei","Wei, Hong",,,exs190014,eva sadat
BIOL,6341,5U1,,18,,,,,,,,,,,,,,,0,"Burr, John G","Bautista, Monica A",,,,,burr,john burr
BIOL,6345,5U1,,16,1,,,,,,,,,,,,,,0,"Burr, John G","Lewis, Anthony J",,,,,burr,john burr
BIS,2190,0W1,1,6,4,3,1,,,,,,,,1,,,,0,"Edwards, Christopher W","Robinson, Katie L","Slattery, Ryan P",,,,cwe011000,christopher edwards
BIS,3320,091,3,8,5,2,2,,1,2,3,,,,3,,,,0,"Wright, David A",,,,,,jxh100220,jennifer hudson
BIS,3320,0U1,4,3,2,2,4,2,2,1,1,1,,,3,,,,0,"Wright, David A",,,,,,wright,david wright
BIS,4306,0W1,3,1,1,,1,,2,,,,,,3,,,,1,"Simpson, Carrie M",,,,,,cms131030,carrie simpson
BLAW,2301,5U1,,5,,7,2,3,3,2,2,,3,,2,,,,2,"Betanzos, Christina L",,,,,,clb120030,christina betanzos
BMEN,3150,1W1,1,3,2,3,4,1,1,,,,,,,,,,2,"Ali, Tariq M","Kian Pour, Bahareh",,,,,tma051000,tariq ali
BMEN,3320,0W1,2,5,,2,6,1,1,,,,,,1,,,,0,"Ali, Tariq M",,,,,,tma051000,tariq ali
BMEN,3350,0W1,,1,4,3,4,1,1,,,,,,1,,,,1,"Ali, Tariq M","Kian Pour, Bahareh",,,,,tma051000,tariq ali
BMEN,4301,5U1,4,8,1,2,1,,,,,,,,,,,,0,"Porter, Benjamin A","Gonzales, Phillip A",,,,,bap061000,benjamin porter
BMEN,4388,0U1,1,3,12,5,1,,,,,,,,,,,,0,"Polk, Todd W","Subramanian, Divya",,,,,twp017000,todd polk
BPS,4305,5E1,11,5,4,2,4,2,1,2,,4,,,3,,,,0,"Carraher, Shawn M",,,,,,smc130730,shawn carraher
BPS,4305,5U1,3,9,9,7,7,3,2,,1,,,,1,,,,0,"Kim, Dong Shin",,,,,,smc130730,shawn carraher
BPS,4395,0U1,,35,,,14,,,,,,,,,,,,0,"Parks, David",,,,,,dxp153830,david parks
BPS,6310,0W1,,34,5,1,3,2,,1,,,,,1,,,,1,"Kaplan, Marilyn R",,,,,,chasteen,larry chasteen
BPS,7303,0U1,,19,,,,,,,,,,,,,,,0,"Watson, John M",,,,,,jmw077000,john watson
BUAN,6311,SS1,,9,6,7,1,1,1,,,,,,,,,,0,"Scott, James A",,,,,,jas076100,james scott
BUAN,6312,0W1,,4,6,7,4,,3,4,,,,,,,,,1,"Blueshtein, Moran","Oyima-Antseleve, Ndackyssa",,,,,mxb135230,moran blueshtein
BUAN,6337,5U1,,7,4,9,4,2,1,,,,,,,,,,1,"Chatterjee, Sourav","Qian, Kun",,,,,mxg153330,mike grigsby
BUAN,6340,5U1,,22,4,3,3,3,1,2,,,,,2,,,,5,"Parker, Jason A",,,,,,jap090020,jason parker
BUAN,6340,SH1,,10,6,,4,1,,3,,,,,,,,,3,"Parker, Jason A",,,,,,jap090020,jason parker
BUAN,6341,0W1,,7,6,2,5,4,,,,,,,,,,,0,"Sohaee, Nassim",,,,,,nxs045000,nassim sohaee
BUAN,6346,5U1,,29,6,2,,,,,,,,,,,,,0,"Perez, Jerry",,,,,,jxp180019,jerry perez
BUAN,6356,5U1,,2,7,9,7,2,2,,,,,,,,,,2,"Chatterjee, Sourav","Banu, Arshiya",,,,,wlj031000,walter johnston
BUAN,6359,5U1,,4,1,,4,3,4,2,,,,,1,,,,3,"Ramezani, Rasoul","Farzaneh, Mohammad Amin",,,,,rxr145930,rasoul ramezani
BUAN,6398,5U1,,27,1,2,3,,1,2,,,,,2,,,,0,"Alimirzaei, Athena",,,,,,axa134231,athena alimirzaei
BUAN,6398,SW1,,22,,2,9,,2,2,,,,,,,,,0,"Alimirzaei, Athena",,,,,,axa134231,athena alimirzaei
CE,3201,0U1,,2,3,2,1,1,,1,1,,,,2,,,,0,"Kiasaleh, Kamran","Meng, Xingyu","Steele, Alec M",,,,kamran,kamran kiasaleh
CE,3202,0U1,,3,4,,2,1,,4,,,,,4,,,,2,"Kiasaleh, Kamran","Apalak, Merve","Liu, Jinbo",,,,kamran,kamran kiasaleh
CE,3301,0U1,2,2,,1,2,,,,2,,,,3,,,,1,"Tacca, Marco","Khoshlessan, Mahshid",,,,,kamran,kamran kiasaleh
CE,3310,0U1,1,,3,,1,2,1,4,1,,,,,,,,1,"Lee, Jeong-Bong","Parvez, Mohammad Salman","Abousaba, Mohammad F",,,,jblee,jeong bong lee
CE,3311,0U1,4,2,2,1,,,1,,,,1,,2,,,,0,"Pourkamali, Siavash","Hossain Bhuiyan, Md Emran",,,,,sxp124631,siavash pourkamali
CE,3311,5U1,1,2,1,3,5,3,,,,,,,,,,,0,"Sechen, Carl","Salimath, Vibhav Kumarswami",,,,,cms057000,carl sechen
CE,4203,0U1,1,3,,2,1,1,,2,3,,,,1,,,,0,"Kehtarnavaz, Nasser","Azarang, Arian","Gogineni, Susmitha",,,,nxk019000,nasser kehtarnavaz
CE,4388,0U1,,10,1,4,1,,,,1,,,,,,,,0,"Bhatia, Dinesh","Noor Shoudha, Shamman",,,,,dinesh,dinesh bhatia
CE,4389,0U1,1,2,1,8,,,,,,,,,,,,,0,"Bhatia, Dinesh","Chandra Shekar, Ram Charan M",,,,,dinesh,dinesh bhatia
CGS,4353,0W1,6,2,2,1,,1,,,,,,,1,,,,0,"Orrick, Erika D",,,,,,edo042000,erika orrick
CHEM,1111,1U1,8,4,1,1,2,,1,1,1,,1,,4,,,,2,"Hashami, Zohreh","Polara, Himanshu S","Gamage, Madujika A",,,,sgavva,sandhya gavva
CHEM,1111,1U2,3,3,2,2,2,3,1,,,,,,2,,,,3,"Qin, Yanping","Cu Castillo, Cristina","Chen, Chia Yuan",,,,aks057000,amandeep sra
CHEM,1112,1U1,6,3,4,5,2,,3,2,2,1,,,2,,,,0,"Abeykoon, Nimali C","Kikumoto Dias, Juliana","Peng, Hao-Che",,,,sgavva,sandhya gavva
CHEM,1112,1U2,9,5,2,1,3,2,2,1,,1,,,5,,,,1,"Abeykoon, Nimali C","Igie, Nosakhare F","Gull, Humera",,,,sgavva,sandhya gavva
CHEM,1311,0U1,8,2,6,8,8,4,3,1,3,,1,,6,,,,6,"Sra, Amandeep K","Nguyen, Trang",,,,,aks057000,amandeep sra
CHEM,1312,0U1,2,4,3,4,9,17,8,15,9,4,11,,23,,,,3,"Huang, Yu","Rifat, Samia",,,,,dieckgr,gregg dieckmann
CHEM,2123,1U1,12,9,4,1,,,,,,,,,,,,,1,"Dissanayake, Dushanthi S","Brand, Emily J","Dias, Prabavi Shayana",,,,nxa124430,nimali abeykoon
CHEM,2123,1U2,7,6,1,2,1,1,,,,,,,2,,,,1,"Dissanayake, Dushanthi S","Dubrovina, Anastasiia","Ehrman, Ryanne N",,,,nxa124430,nimali abeykoon
CHEM,2125,1U1,7,11,5,3,,,1,,,,,,1,,,,0,"Cortes, Sergio J","Howlett, Thomas S","Li, Baowen",,,,dxd122030,dushanthi dissanayake
CHEM,2125,1U2,7,13,1,6,2,,,,,1,,,1,,,,1,"Shah, Shailesh N","Brown, Monet R","Koirala, Shailendra",,,,scortes,sergio cortes
CHEM,2323,0U1,8,15,4,6,1,4,6,3,2,4,6,,4,,,,5,"Tran, Daniel N","Abbas, Muhammad",,,,,sibertj,john sibert
CHEM,2325,0U1,11,11,8,5,8,2,4,9,7,3,7,,7,,,,4,"Sibert, John W",,,,,,scortes,sergio cortes
CHEM,3361,0W1,,1,1,3,,2,1,1,,1,,,,,,,0,"Candas, Mehmet","Wickramasinghe, Piumi B","Song, Ming","Wang, Tianyuan",,,lxj200008,lin jia
CLDP,3310,5U1,,7,1,1,6,,1,,,,,,,,,,0,"Bonner, Deborah L","Hafiz, Mariam",,,,,dbonner,deborah bonner
CLDP,3342,0W1,,7,3,6,3,1,1,,,,,,3,,,,0,"Smith, Olivia","Trehan, Aastha",,,,,dbonner,deborah bonner
COMD,6320,0W1,,32,,,,,,,,,,,,,,,0,"Carter, Jessica A","Smith, Irma E",,,,,jar032000,
COMD,6V09,0W1,,38,,,,,,,,,,,,,,,0,"Aldridge, Michelle A",,,,,,aldridge,michelle aldridge
COMD,7303,0W1,,94,1,,15,,,,,,,,,,,,0,"Dean, Lucinda L","Kenedi, Helen",,,,,lxl018300,
COMD,7323,0W1,,14,,,,,,,,,,,,,,,0,"Sweeney, Melissa",,,,,,msweeney,
COMD,7345,0W1,,23,,,,,,,,,,,,,,1,0,"Cook, Lori G",,,,,,lgc011100,lori cook
COMD,7V68,0W1,,27,,,,,,,,,,,,,,,0,"Sale, Felicity F",,,,,,ffs013000,
COMD,7V89,0W1,,20,,1,1,,,,,,,,,,,1,0,"Walsh, Diane G",,,,,,dxg022000,diane walsh
COMM,1311,0U1,,6,1,2,2,,2,,,1,,,,,,,0,"Arnold, Bob",,,,,,bxa161430,bob arnold
COMM,1311,0W1,3,9,1,2,2,,,2,,,,,3,,,,0,"Vazzi, Lisa",,,,,,contemp,karen baynham
COMM,1311,0W3,5,7,2,3,,1,,,1,,,,1,,,,1,"Tanner, Lari J",,,,,,aam141730,allison templeton
COMM,3342,091,3,4,1,1,2,3,1,,,,,,2,,,,0,"King, Carie S",,,,,,cxl085200,carie king
CRIM,1301,0W1,2,,6,1,1,1,,2,1,,,,2,,,,1,"Gordon, Quinn T",,,,,,gxc097120,galia cohen
CRIM,1307,0W1,3,15,,2,2,1,2,,,,,,,,,,0,"Wilds, Katherine M",,,,,,tvk071000,tomislav kovandzic
CRIM,3301,0W1,5,7,3,9,7,5,3,5,1,,2,2,3,,,,1,"Riddell, Jordan R",,,,,,mxs158030,jordan riddell
CRIM,3302,0W1,,6,,,7,,,3,,,2,,1,,,,0,"Lee, Yeungjeom",,,,,,peo091000,elmer polk
CRIM,3310,0W1,,28,,,13,,,4,,,2,,2,,,,0,"Park, Yeonjae",,,,,,spg160530,sarah gammell
CRIM,4311,0W1,3,2,2,1,,1,,,,,,,1,,,,0,"Corey, Jessica",,,,,,kds106020,kelli martin
CRIM,6381,0W1,,14,,,,,,,,,,,,,,,1,"Polk, Elmer O","Hamer, Karen",,,,,peo091000,elmer polk
CRWT,2301,051,1,3,4,,1,1,,2,,,,,,,,,0,"Ocasio-Russe, Lizbette",,,,,,lxo160130,lizbette ocasio russe
CRWT,3306,051,,15,,,,,,,,,,,,,,,0,"Watkins, Latoya S",,,,,,lws031000,latoya watkins
CRWT,3354,091,,9,2,1,2,,,,,,,,1,,,,0,"Goldberg, Paula",,,,,,pxg180023,paula goldberg
CS,1134,1W1,5,1,3,,,,,1,1,,,,,,,,1,"Min, Richard K","Aggarwal, Alakh",,,,,kld054000,karen doore
CS,1136,1W1,12,3,1,1,1,,,,,1,,,2,,,,0,"Min, Richard K","Zhao, Chen",,,,,kld054000,karen doore
CS,1136,1W2,6,3,1,1,2,,,,,1,,,2,,,,0,"Min, Richard K","Li, Changbin","Wang, Chengen",,,,kld054000,karen doore
CS,1325,0U1,2,4,3,5,9,4,3,1,,1,,,2,,,,0,"Paulk, Mark C","Li, Xiao",,,,,mcp130030,mark paulk
CS,1334,0U1,,2,1,,2,4,1,,,,,,4,,,,3,"Arnold, Gordon L","Cai, Yuchen",,,,,axn112530,anurag nagar
CS,1335,0U1,,2,1,3,4,2,3,2,,1,3,,1,,,,2,"Solanki, Nidhiben M","Cai, Yuchen",,,,,mgc013000,michael christiansen
CS,1336,0U1,4,9,2,3,4,,,1,,,,,,,,,1,"DeGroot, Doug",,,,,,gxa120930,gordon arnold
CS,1336,5U1,1,3,1,1,1,4,,1,,,,,3,,,,0,"Gupta, Neeraj K","Hu, Linghuan",,,,,nkg140130,neeraj gupta
CS,1337,0U1,,11,4,4,3,1,1,1,,,,,6,,,,0,"Dollinger, Scott M","Li, Changbin",,,,,cshields,charles shields
CS,1337,0U2,3,3,,5,9,1,3,,1,,,,3,,,,2,"DeGroot, Doug",,,,,,kvl140030,khiem le
CS,2305,0U1,5,7,2,2,1,,1,1,,,,,3,,,,1,"Feng, Ranran","Ocampo Diaz, Gerardo",,,,,rxf090020,ranran feng
CS,2305,5U1,1,10,5,4,4,5,1,2,1,,1,1,,,,,1,"Farage, Timothy P","Arya, Shivvrat","Ocampo Diaz, Gerardo",,,,tfarage,timothy farage
CS,2336,0W1,8,6,5,2,3,,1,2,,,,,,,,,2,"Khan, Ziaullah","Tian, Zijing",,,,,mxn143230,mehra borazjany
CS,2336,0W2,15,2,,1,2,1,,1,,,1,,6,,,,0,"Nouroz Borazjany, Mehra","Wang, Guanghua",,,,,mxn143230,mehra borazjany
CS,2336,0W3,3,6,,3,3,1,,,,,,,1,,,,0,"Khan, Ziaullah","Tian, Zijing",,,,,kkhan,ziaullah khan
CS,2340,0U1,,1,7,1,3,6,,,2,1,1,,4,,,,2,"Mazidi, Karen J","Patel, Dhruvkumar R",,,,,kjm160430,karen mazidi
CS,2340,0W1,15,6,3,2,4,,1,2,,,2,,2,,,,0,"Karami, Gity","Wu, Zhouxiang",,,,,kjm160430,karen mazidi
CS,3305,0U1,1,23,4,3,3,,,,,,,,,,,,1,"Farage, Timothy P","Arya, Shivvrat",,,,,tfarage,timothy farage
CS,3305,0W1,3,7,1,3,6,2,1,4,,,,,,,,,2,"Kumar, Pushpa S","Arya, Shivvrat",,,,,mns086000,meghana satpute
CS,3341,0U1,15,2,3,6,2,3,3,7,4,4,3,4,8,,,,5,"Whalen, Tristan G","Uddin, Mohammad Afser","Sajal, Ibrahim Hossain","Oh, Sungjin",,,tgw100020,tristan whalen
CS,3345,0U1,5,1,1,3,2,,4,1,2,1,,1,2,,,,2,"Ozbirn, Greg A","Singhal, Yatharth",,,,,ozbirn,greg ozbirn
CS,3345,0U2,2,2,,5,1,,3,1,3,,,,,,,,1,"Ozbirn, Greg A","Singhal, Yatharth",,,,,ozbirn,greg ozbirn
CS,3345,0W1,7,2,4,1,3,1,2,,,,,,,,,,0,"Khan, Ziaullah","Patel, Dhruvkumar R",,,,,rxf090020,ranran feng
CS,3354,0U1,3,1,3,1,1,1,1,,1,1,,,,,,,2,"Zalila-Wenkstern, Rym","Bansal, Rishita",,,,,mxn143230,mehra borazjany
CS,3354,5U1,4,4,1,2,1,1,,,,,,,,,,,1,"Yang, Wei","Ahn, Sung Soo",,,,,mcp130030,mark paulk
CS,3377,0W1,3,,6,2,6,3,5,1,,,1,,1,,,,1,"Min, Richard K","Bansal, Rishita",,,,,rkm010300,richard min
CS,3377,0W2,2,,3,3,4,2,3,,,,,,1,,,,3,"Min, Richard K","Wang, Wenting",,,,,bxk101000,bhanu kapoor
CS,4141,6U1,19,10,8,2,1,1,2,,,,1,,,,,,0,"Nguyen, Nhut","Chen, Tiantian",,,,,nhutnn,nhut nguyen
CS,4301,0W1,9,10,3,1,1,2,1,3,1,,2,,,,,,1,"Karami, Gity","Guo, Jinghui",,,,,ygd120030,yvo desmedt
CS,4336,0U1,13,15,6,2,,1,,,,,,,2,,,,0,"Ozbirn, Greg A","Wang, Wenting",,,,,ozbirn,greg ozbirn
CS,4337,0U1,,4,3,4,1,2,1,,1,,1,,1,,,,0,"Davis, Chris I","Li, Dongcheng",,,,,cid021000,chris davis
CS,4337,0W1,5,8,6,4,4,1,1,1,1,,1,,,,,,0,"Karami, Gity","Ghanbari, Ali",,,,,gxk180009,gity karami
CS,4341,0U1,,9,8,5,10,4,5,3,,,4,,,,,,0,"Nguyen, Nhut","Ghanbari, Ali","Chen, Tiantian",,,,nhutnn,nhut nguyen
CS,4347,0U1,8,6,7,2,3,3,1,,1,,1,2,,,,,0,"Christiansen, Michael G","Aggarwal, Alakh",,,,,exc067000,ebru cankaya
CS,4347,0W1,1,3,2,3,5,4,1,2,,,,,,,,,0,"Davis, Chris I","Wang, Guanghua",,,,,wxw020100,weili wu
CS,4348,0U1,4,3,4,3,6,5,3,5,4,1,2,,,,,,1,"Christiansen, Michael G","Padalkar, Parth",,,,,sxb155530,
CS,4348,5U1,3,1,4,5,7,3,,,2,,3,,4,,,,3,"Prakash, Ravi","Nguyen, Son V",,,,,ees101020,elmer salazar
CS,4349,0U3,5,6,7,3,6,8,5,1,1,1,1,,1,,,,0,"Erbatur, Serdar","Wang, Chengen",,,,,chalam,chitturi bhadrachalam
CS,4353,0W1,29,9,9,,2,,,1,,,,,,,,,0,"Orrick, Erika D",,,,,,edo042000,erika orrick
CS,4365,0U1,3,2,1,3,6,4,6,,2,,,,1,,,,0,"Min, Richard K","Zhao, Chen",,,,,rkm010300,richard min
CS,4375,0U1,1,2,5,6,4,4,2,1,1,,,2,2,,,,0,"Mazidi, Karen J","Kobayashi, Hideo",,,,,kjm160430,karen mazidi
CS,4375,0U2,1,4,4,1,2,1,3,4,1,,1,2,,,,,6,"Ng, Yu Chung V","Kobayashi, Hideo",,,,,kjm160430,karen mazidi
CS,4376,0U1,,4,6,8,3,3,1,1,1,,1,,,,,,1,"Paulk, Mark C","Li, Dongcheng",,,,,mcp130030,mark paulk
CS,4384,0U2,1,10,2,2,7,2,2,3,,2,,,5,,,,0,"Arnold, Gordon L","Akbar, Khandakar Ashrafi",,,,,cid021000,chris davis
CS,4390,0U1,3,2,,5,4,,2,2,1,1,,,,,,,0,"Le, Khiem V","Li, Shuo",,,,,kvl140030,khiem le
CS,4390,0U2,,1,1,1,4,3,2,3,,,1,,,,,,1,"Cobb, Jorge","Li, Shuo",,,,,jcobb,jorge cobb
CS,4393,0U1,,3,3,1,1,1,2,,1,,,,,,,,1,"Nguyen, Nhut","Wang, Chengen",,,,,nhutnn,nhut nguyen
CS,5343,0U1,,9,3,3,3,3,,1,,,,,,,,,0,"Gupta, Neeraj K","Nguyen, Son V",,,,,nkg140130,neeraj gupta
CS,6301,0U1,,15,4,1,,,,,,,,,,,,,0,"Nagar, Anurag","Wu, Zhouxiang",,,,,bxt043000,bhavani thuraisingham
CS,6301,0W1,,31,,,,,,,,,,,,,,,0,"Thuraisingham, Bhavani","Akbar, Khandakar Ashrafi",,,,,dxd056000,ding zhu du
CS,6314,0W1,,15,3,7,,1,,2,,,,,,,,,1,"Yuruk, Nurcan","Guo, Jinghui",,,,,nxy140530,nurcan yuruk
CS,6350,0U1,,15,7,2,,,,,,,,,,,,,0,"Nagar, Anurag","Padalkar, Parth",,,,,axn112530,anurag nagar
CS,6359,0U1,,3,5,2,,,,,,,,,,,,,0,"Chung, Lawrence","Ahn, Sung Soo",,,,,mxn143230,mehra borazjany
CS,6360,5U1,,8,10,1,,,,,,,,,,,,,0,"Davis, Chris I","Li, Changbin",,,,,cid021000,chris davis
CS,6363,0U1,,23,1,3,1,1,1,,,,,,,,,,0,"Chandrasekaran, Ramaswamy","Dhoked, Sahil",,,,,chandra,ramaswamy chandrasekaran
CS,6363,0U2,,5,2,2,,1,,1,,,,,,,,,0,"Erbatur, Serdar","Dhoked, Sahil",,,,,sxe190003,serdar erbatur
CS,6364,0U1,,17,6,2,2,1,1,,,,,,3,,,,1,"Schweitzer, Haim","Wan, Guihong",,,,,haim,haim schweitzer
CS,6366,0W1,,5,3,,,1,1,,,,,,,,,,0,"Kumar, Pushpa S","Aggarwal, Alakh",,,,,pkumar,pushpa kumar
CS,6375,5U1,,8,1,3,2,1,2,,,,,,1,,,,0,"Schweitzer, Haim","Wan, Guihong",,,,,haim,haim schweitzer
CS,6375,MU1,,12,5,4,2,,,,,,,,,,,,0,"Nagar, Anurag",,,,,,axn112530,anurag nagar
CS,6378,0U1,,4,6,3,1,,,,,,,,1,,,,0,"Mittal, Neeraj","Dhoked, Sahil",,,,,nxm020100,neeraj mittal
CS,6385,0W1,,14,2,2,2,,,,,,,,,,,,0,"Farago, Andras","Zhao, Chen",,,,,farago,andras farago
DANC,1310,0W1,1,13,1,2,2,3,,,,,,2,5,,,,0,"Saba, Monica",,,,,,msaba,monica saba
ECON,2301,0W1,,20,2,3,3,,,1,,,,,1,,,,0,"Nguyen, Hien T",,,,,,lxk010300,luba ketsler
ECON,2302,0W1,4,18,11,3,,1,,,,,,,,,,,1,"Zhang, Jinglun",,,,,,txw132630,timothy wunder
ECON,3330,0W1,5,20,1,2,2,1,,1,1,,1,1,1,1,,,3,"Zhang, Licheng","Ketsler, Luba",,,,,lxz172030,
ECON,4302,0U1,1,1,4,3,2,3,4,2,1,,,,,,,,0,"Choi, Soohyun",,,,,,rxr145930,rasoul ramezani
ECS,3390,051,10,4,1,,1,,1,,,,,,1,,,,0,"Montgomery, Christina",,,,,,lem150330,lindsay moore
ECS,3390,052,,,1,2,7,,1,,,,,,3,,,,0,"Crowder, Wade A",,,,,,cxl085200,carie king
ECS,3390,092,,14,,,1,1,,1,,,,,2,,,,0,"Johnson, Janet L",,,,,,olive,laura mohsene
ECS,3390,0W1,,9,4,1,2,,1,,,,,,,,,,2,"Glauser, Janece B",,,,,,cxl085200,carie king
ECS,3390,0W2,,12,1,1,1,2,,,,1,,,1,,,,0,"Glauser, Janece B",,,,,,das,deborah scally
ECS,3390,0W3,1,5,5,1,2,,,,,1,,,4,,,,0,"Scally, Deborah A",,,,,,mls077000,maribeth (betsy) schlobohm
EE,3161,051,1,2,3,2,,2,,,,1,,,,,,,0,"Mezenner, Rabah",,,,,,rxm129730,rabah mezenner
EE,3201,0U1,,2,3,1,2,,,2,,,,,2,,,,0,"Kiasaleh, Kamran","Meng, Xingyu","Steele, Alec M",,,,kamran,kamran kiasaleh
EE,3202,0U1,,8,3,4,,,,1,1,,,,4,,,,0,"Kiasaleh, Kamran","Apalak, Merve","Liu, Jinbo",,,,kamran,kamran kiasaleh
EE,3301,0U1,2,7,1,2,3,1,,1,1,1,1,,2,,,,0,"Tacca, Marco","Khoshlessan, Mahshid",,,,,kamran,kamran kiasaleh
EE,3302,5U1,,2,2,3,4,1,2,3,4,1,,2,3,,,,3,"Kehtarnavaz, Nasser","Mohamed, Ahmed M","Kucuk, Abdullah",,,,nxk019000,nasser kehtarnavaz
EE,3311,0U1,2,1,4,1,3,1,,,1,,,1,1,,,,0,"Pourkamali, Siavash","Hossain Bhuiyan, Md Emran",,,,,sxp124631,siavash pourkamali
EE,3311,5U1,,2,2,3,5,2,,,,,,,,,,,0,"Sechen, Carl","Salimath, Vibhav Kumarswami",,,,,cms057000,carl sechen
EE,3320,0U1,3,1,1,1,1,,,1,1,,1,,,,,,0,"Nikoubin, Tooraj","Gao, Tianning",,,,,txn190011,tooraj nikoubin
EE,4203,0U1,1,3,1,,1,2,3,1,1,,2,1,,,,,0,"Kehtarnavaz, Nasser","Azarang, Arian","Gogineni, Susmitha",,,,nxk019000,nasser kehtarnavaz
EE,4388,0U1,,14,1,2,2,,,,,,,,,,,,0,"Bhatia, Dinesh","Noor Shoudha, Shamman",,,,,dinesh,dinesh bhatia
EE,4389,0U1,1,6,,4,,,,,,,,,,,,,0,"Bhatia, Dinesh","Chandra Shekar, Ram Charan M",,,,,dinesh,dinesh bhatia
EEOP,6314,0H1,,26,6,,,,,,,,,,,,,,0,"Tamil, Lakshman",,,,,,laxman,lakshman tamil
EERF,7V89,0W1,,9,,1,,,,,,,,,,,,,0,"Henderson, Rashaunda M",,,,,,rmh072000,rashaunda henderson
ENGR,2300,0W1,3,4,,3,2,1,2,2,4,1,,,2,,,,1,"Akin, Bilal","Li, Chen",,,,,bxa123330,bilal akin
ENGR,3300,0U1,1,13,2,5,7,2,,7,,,1,,,,,,0,"Ali, Mohammed Z","Si, Qilin","Nourmohamadi, Hesam",,,,mohammed,ali mohammed
ENGR,3341,0U1,3,7,2,4,5,2,3,3,3,,,2,2,,,,5,"Fonseka, John","Hassan, Rana A","Olee, Shakil Mahmud",,,,kjp,john fonseka
ENTP,3301,0U1,3,8,9,5,3,,,1,,,,,2,,,,1,"Nichols, Paul M",,,,,,sxg172931,steven guengerich
ENTP,4335,0W1,1,3,2,5,,1,,,,,,1,1,,,,0,"Edsel, Alexander D",,,,,,ade012000,alexander edsel
ENTP,6321,5U1,,3,,,8,,,,,,,,1,,,,0,"Guttery, Randall","Wen, Yaxin",,,,,rxg112530,randall guttery
ENTP,6370,0W1,,14,13,7,9,7,,,,,,,,,,,0,"Kimzey, Jackie","Kwon, Jung Hyun",,,,,jxk092000,jackie kimzey
EPPS,2301,5U1,2,1,3,2,2,1,1,1,,1,,,,,,,0,"Maduforo, Kate E","Dzanie, Raphael K",,,,,dxz161530,kate maduforo
EPPS,2302,0W1,,5,6,2,1,2,,,,,,,,,,,0,"Akarte, Prajakti V",,,,,,pva150330,prajakti akarte
FILM,2332,0U1,1,7,11,6,5,4,5,1,1,,,,2,,,,3,"Oliver, Stephanie R",,,,,,sxo180009,stephanie oliver
FIN,3300,0U1,,11,,,1,,,5,,,1,,3,,,,0,"Lynch, Julie",,,,,,jxl180030,julie lynch
FIN,3305,5U1,,6,2,,10,1,,7,1,,,,1,,,,1,"Guttery, Randall","Wen, Yaxin",,,,,jxl180030,julie lynch
FIN,3320,0U1,,12,3,1,15,2,2,7,,,2,,1,,,,0,"Manzi, Jeff",,,,,,jxm158130,jeffrey manzi
FIN,3320,0U2,,9,1,3,3,2,4,3,1,,,,,,,,0,"Peabody, Stephen D",,,,,,jxm158130,jeffrey manzi
FIN,3320,0U3,,20,2,2,4,3,3,2,,,,,2,,,,0,"Peabody, Stephen D",,,,,,sdp093020,
FIN,3320,0W1,,11,1,3,16,,1,8,,,2,,1,,,,0,"Manzi, Jeff",,,,,,jxm158130,jeffrey manzi
FIN,3320,0W2,,13,2,4,9,,,7,,1,2,,1,,,,1,"Manzi, Jeff",,,,,,jxm158130,jeffrey manzi
FIN,3360,0W1,,6,11,11,14,3,4,3,1,1,2,,,,,,0,"Pedigo, Madison F",,,,,,mfp013000,madison pedigo
FIN,3370,0U1,1,2,12,2,5,,1,1,1,,,,,,,,1,"Haynes, Steven",,,,,,dlr150330,debra richardson
FIN,3390,0U1,4,5,10,3,1,12,3,3,8,,,1,1,,,,1,"El-Ashmawi, Amal H","Mistry, Khushee R",,,,,ahe013000,amal el ashmawi
FIN,4300,0U1,,18,,7,,1,,,,,,,,,,,0,"Zhu, Yifan",,,,,,swx170030,
FIN,4310,5U1,1,2,3,2,1,3,1,3,3,,2,1,1,,,,3,"Smith, Jake A",,,,,,jas171530,
FIN,6301,0W1,,46,,,9,,,1,,,,,1,,,,1,"El-Ashmawi, Amal H",,,,,,tday,theodore day
FIN,6301,5U1,,26,,,4,,,,,,,,,,,,0,"Peabody, Stephen D",,,,,,rbk160130,revansiddha khanapure
FIN,6301,CW1,,8,3,6,3,2,,,,,,,3,,,,1,"Reichert, Carolyn A",,,,,,carolyn,carolyn reichert
FIN,6301,XS1,,25,,1,1,,2,,,,,,,,,,0,"El-Ashmawi, Amal H","Mistry, Khushee R",,,,,ahe013000,amal el ashmawi
FIN,6307,5U1,,4,5,1,,5,1,1,,,,,,,,,3,"Ma, Liping","Oyima-Antseleve, Ndackyssa",,,,,lxm133730,liping ma
FIN,6310,5U1,,12,7,3,8,2,4,5,,,,,,,,,0,"Kaur, Dupinderjeet","Kelly, Matthew L",,,,,dxk110730,dupinderjeet kaur
FIN,6318,5U1,,9,7,5,4,4,2,,,,,,,,,,0,"Ma, Liping","Oyima-Antseleve, Ndackyssa",,,,,lxm133730,liping ma
FIN,6321,5U1,,9,1,,9,,,1,,,,,,,,,0,"Guttery, Randall","Wen, Yaxin",,,,,rxg112530,randall guttery
FIN,6360,5U1,,5,6,1,,3,,,,,,,,,,,0,"Kaur, Dupinderjeet","Kelly, Matthew L",,,,,rxg170730,rajesh ghai
FTEC,6312,FS1,,4,6,1,2,,,,,,,,,,,,0,"Scott, James A",,,,,,jas076100,james scott
GEOS,1303,051,2,13,14,1,1,,,,,,,,,,,,0,"Griffin, William R","Wang, Ning",,,,,griffin,william griffin
GEOS,3300,0S1,2,3,3,1,1,1,2,1,1,,,1,,,,,0,"Pirouz, Mortaza","Willis, Siloa B","Geissman, John W","Newman, Jordan W",,,jwg102020,john geissman
GOVT,2305,0U1,10,8,5,8,3,2,1,1,2,,,1,3,,,,1,"Gutierrez Mannix, Carlos Daniel",,,,,,jgc130130,
GOVT,2305,0U2,8,10,7,3,1,1,1,,,,,,4,,,,1,"Sanchez De La Rosa, Andres Ricardo",,,,,,rjl140330,ryan lux
GOVT,2306,0U1,,23,13,8,9,6,1,3,3,,,,3,,,,1,"Johnson, Sara K",,,,,,ckc150230,sara johnson
GOVT,2306,0U2,,21,12,7,11,2,,,1,,2,1,4,,,,2,"Eaton, John M",,,,,,cxg172030,carlos gutierrez mannix
HDCD,6351,5U1,,12,,,,,,,,,,,1,,,,0,"Ewing, Donna M",,,,,,dme061000,donna ewing
HDCD,6370,0U1,,10,,1,1,,,,,,,,1,,,,0,"Ewing, Donna M",,,,,,dme061000,donna ewing
HIST,1301,051,1,33,15,5,10,3,4,1,1,1,,1,9,,,,3,"Wright, Ben","Zawng, Ze",,,,,bxw151330,ben wright
HIST,1302,091,2,11,20,11,9,14,8,6,,1,1,,5,,,,1,"Schulze, Jeffrey","Hill, Justin T",,,,,jxs072200,jeffrey schulze
HIST,3328,091,,2,4,3,2,2,,1,,1,,,3,,,,0,"Dennis, Patrick W",,,,,,pdennis,patrick dennis
HIST,4344,0W1,6,3,11,7,2,1,1,,,1,1,,3,,,,1,"Pfister, Debra H",,,,,,dhpf,debra pfister
HIST,4358,051,2,,,1,4,2,,2,,,,,,,,,1,"Farmer, J Michael",,,,,,jmf073000,michael farmer
HLTH,1301,0W1,,,4,4,2,2,1,1,,,,,,,,,1,"Baetge, Claire",,,,,,cxb170330,claire baetge
HLTH,3300,0W1,,55,2,2,3,1,,2,,,,1,2,,,,1,"Byrnes, Kathleen A",,,,,,kab019000,kathleen byrnes
HMGT,3301,5U1,,6,,2,8,,2,7,,,,,,,,,1,"Karnuta, Daniel","Wang, Jiyu",,,,,brb051000,britt berret
HMGT,6329,5U1,,21,,,,,,,,,,,,,,,0,"Thurgood, Keith L","Liu, Yu",,,,,fwf081000,forney fleming
HMGT,6331,5U1,,36,12,4,2,1,1,,,,,,,,,,0,"Malaise, Michael",,,,,,mhm130430,michael malaise
HMGT,6331,CH1,,15,,4,1,1,,1,,,,,,,,,0,"Jacob, Stephen",,,,,,,stephen jacob
HMGT,6332,5U1,,16,13,12,4,3,3,1,,,,,1,,,,0,"Ramanathan, Kannan",,,,,,kxr087000,kannan ramanathan
HMGT,6403,AH6,,17,11,1,,,,,,,,,,,,,0,"Kaiser, Robert C",,,,,,,robert kaiser
HMGT,6410,AS1,,43,2,,,,,,,,,,,,,,0,"McCracken, John",,,,,,,john mccracken
IMS,3310,0U1,4,23,9,11,2,,,,,,,,,,,,0,"Bai, Xiaoou",,,,,,xxl133730,
IMS,3310,0U2,8,8,8,8,8,6,1,,,,,,1,,,,0,"Yeo, Yundong",,,,,,txh093000,tom henderson
IMS,3310,5U1,1,7,2,4,4,1,1,3,,3,2,,5,,,,1,"Henderson, Tom",,,,,,txh093000,tom henderson
IMS,6304,0W1,,14,16,8,4,1,,,,,,,1,,,,2,"Woldu, Habte G","Alborz, Ethan",,,,,wolduh,habte woldu
IMS,6304,AW1,,10,,,3,,,1,,,,,,,,,0,"McCracken, John","Petrik, Peter",,,,,,john mccracken
IMS,6314,0W1,,5,10,,,,,,,,,,,,,,0,"Dalgic, Tevfik",,,,,,tdalgic,tevfik dalgic
IMS,6316,GS1,,11,9,2,5,,,,,,,,,,,,0,"Peinhardt, Clint W",,,,,,cwp052000,clint peinhardt
IMS,6316,GS2,,8,10,,5,,,1,,,,,,,,,1,"Peinhardt, Clint W",,,,,,cwp052000,clint peinhardt
IMS,6360,0W1,,30,28,9,5,3,,,,,,,,,,,0,"Olsztynska, Agnieszka","Li, Jianan",,,,,kxs014600,kurt siklar
ISIS,3335,0W1,2,8,8,3,8,,5,,,,,,,,,,0,"Rosa, Jonathan",,,,,,jxr172530,jonathan rosa
ISIS,4304,0H1,,10,2,1,5,,,,,,,,3,,,,0,"Werhnyak, Larissa",,,,,,lxw163630,larissa werhnyak
ISNS,2359,0W1,36,13,9,2,1,3,,,5,,1,1,3,,,,0,"Pujana, Ignacio",,,,,,pxs077000,prabin shilpakar
ISNS,2367,0W1,4,17,6,1,5,5,,2,5,,,,6,,,,0,"Pujana, Ignacio",,,,,,pujana,ignacio pujana
ISNS,2367,0W2,4,4,1,4,2,,1,1,,,,,,,,,0,"Pujana, Ignacio",,,,,,pujana,ignacio pujana
ITSS,3300,5U1,,38,7,8,2,,2,1,,,,,3,,,,1,"Owens, Sean M","Chen, Luoying",,,,,jxs124931,
ITSS,3311,5U1,,5,8,6,7,5,2,7,,,,,2,,,,2,"Short, Kevin P","Vallurupalli, Naina C",,,,,yxk130930,yeongin kim
ITSS,3312,5U1,,8,5,4,10,5,1,5,2,1,,1,2,,,,4,"Thomas, Sunela","Vallurupalli, Naina C",,,,,mxy131030,
ITSS,3390,5U1,,3,7,10,8,6,,,1,,,,,,,,0,"Arora, Vivek",,,,,,vxa081000,vivek arora
ITSS,4300,5U1,,5,6,14,6,8,2,2,,,,,2,,,,2,"Pandian, Thiru",,,,,,dmo130130,dawn owens
ITSS,4330,5U1,6,12,4,6,3,3,2,4,,,,,1,,,,0,"Khan, Taimur A",,,,,,nxi110630,naser islam
ITSS,4351,5U1,,13,13,10,7,4,1,1,2,1,3,2,1,,,,0,"Shekhar, Gaurav","Banu, Arshiya",,,,,gxs150130,gaurav shekhar
ITSS,4360,5U1,6,7,5,3,,1,1,,,,1,,1,,,,1,"Howe, Nate",,,,,,ndt180001,nambi thirumalai
ITSS,4370,0U1,,5,6,6,4,4,3,,,,,,1,,,,0,"Fuller, Tony F","Ozdemir, Dicle Yagmur",,,,,tff170130,tony fuller
LIT,2331,091,8,2,,1,,,1,,,,,,1,,,,1,"Kirk, Kristina E",,,,,,pjs140230,
LIT,2331,0W1,16,4,2,,4,,1,2,1,,,,3,,,,1,"King, Alana",,,,,,axk173530,alana king
LIT,3319,0U1,12,2,1,,3,,,,,,,,,,,,1,"Ingrao, Peter J",,,,,,jingrao,peter ingrao
LIT,3337,091,6,6,1,1,,,,,,,,,1,,,,0,"Leverone, Julia",,,,,,jxl162631,julia leverone
LIT,6308,0U1,,8,1,,,,,,,,,,1,,,,1,"Hatfield, Charles D",,,,,,cxh074100,charles hatfield
MAS,6102,0U1,,,,,,,,,,,,,1,,,30,0,"Cirilo, Jason M",,,,,,jmc180002,jason cirilo
MATH,1306,0U1,4,4,,1,,1,,,,,,,,,,,0,"Duruoha, Adannah","Knodell, Matthew",,,,,dxm146130,derege mussa
MATH,1314,0U1,2,3,4,,,1,4,,1,1,,,2,,,,1,"Alvarado, Iris",,,,,,mln018200,mylinh nguyen
MATH,1325,5U1,3,1,1,2,3,3,1,,2,,2,2,5,,,,0,"Patel, Jigarkumar S","Gallo, Erika S",,,,,cxl109120,changsong li
MATH,1325,5U2,1,3,3,1,1,,,1,3,,3,,,,,,0,"Adabrah, Anani Komla","Nadhomi, Timothy",,,,,mxf091000,manjula samanmalee foley
MATH,1326,0U1,7,3,3,2,,2,1,,,,1,,1,,,,3,"Sultana, Nasrin","Zhu, Weixi",,,,,cxl109120,changsong li
MATH,1326,0U2,,2,,,,3,,2,,,,,2,,,,2,"Mussa, Derege","Bal, Sabindra Singh",,,,,bcm052000,brady mccary
MATH,2312,0U1,3,,2,2,3,1,1,,,,,,3,,,,1,"Nguyen, Mylinh T","Ye, Xiaoli","Cao, Jianpeng","Jahan, Mahmuda","Kateregga, George William",,kxa143530,kelly aman
MATH,2413,0U1,2,4,2,4,5,5,5,4,1,,1,1,5,,,,0,"Aman, Kelly","Jahan, Mahmuda","Tola, Astrit","Kateregga, George William","Cao, Jianpeng",,mma110020,mohammad akbar
MATH,2414,0U1,1,1,2,2,1,2,,3,6,2,4,2,15,,,,7,"Ahsan, Mohammad K",,,,,,kxa143530,kelly aman
MATH,2414,0U2,,1,,1,2,2,3,2,4,4,2,2,7,,,,3,"Ahsan, Mohammad K",,,,,,kxa143530,kelly aman
MATH,2415,0U1,4,1,2,2,4,7,4,5,1,,1,,,,,,1,"Akbar, Mohammad M",,,,,,rxd153030,rabin dahal
MATH,2415,0U2,,,4,2,,2,1,1,,,,,3,,,,1,"Li, Changsong",,,,,,mma110020,mohammad akbar
MATH,2417,0U1,,1,,1,4,4,1,2,3,,,2,4,,,,4,"Martynova, Irina","Kim, Jimi","Li, Huimin",,,,mka120030,mohammad ahsan
MATH,2418,0U1,4,2,2,9,3,5,1,1,4,1,,1,9,,,,2,"Dahal, Rabin",,,,,,rxd153030,rabin dahal
MATH,2418,0U2,,2,,,4,2,1,2,4,,1,,6,,,,2,"Patel, Jigarkumar S",,,,,,rxd153030,rabin dahal
MATH,2419,0U1,,1,2,2,1,1,2,1,1,,,,2,,,,0,"Eydelzon, Anatoly","Helal, Abdullah Al",,,,,axe031000,anatoly eydelzon
MATH,2420,0U1,3,1,6,1,3,1,2,3,2,,,,4,,,,1,"Paudel, Ajaya B",,,,,,vish,viswanath ramakrishna
MATH,3310,0U1,3,2,,1,2,2,,1,,,,,2,,,,1,"Ramakrishna, Viswanath","Sinha Roy, Sushmita",,,,,mkd034000,mieczyslaw dabkowski
MATH,3351,0U1,4,3,2,4,4,3,1,1,2,,1,,3,,,,2,"Eydelzon, Anatoly","Murza, Adrian C","Milogorodskii, Aleksandr",,,,axe031000,anatoly eydelzon
MATH,4301,0U1,,2,1,2,1,,1,1,2,,,1,,,,,1,"Dabkowski, Mieczyslaw K","Ahmed, Faisal",,,,,mkd034000,mieczyslaw dabkowski
MECH,2310,0W1,1,2,1,2,2,2,2,1,2,,1,,1,,,,1,"Thamban, P.L.Stephan","Chowdhury, Kafil Uddin Ahammed",,,,,stephan,p l stephan thamban
MECH,3105,1W1,7,4,1,,1,1,,2,,,,,1,,,,0,"Rios, Oziel","Sadeh, Sepehr",,,,,oxr106020,oziel rios
MECH,3150,1W1,,6,6,3,4,2,,,,,,,,,,,0,"Park, Wooram","Gleason, Glenn H",,,,,wxp103020,wooram park
MECH,3305,0W1,8,3,,2,1,,,3,1,,,,1,,,,0,"Rios, Oziel","Sadeh, Sepehr",,,,,dzf091000,dani fadda
MECH,3320,0W1,2,7,7,9,9,4,4,2,1,,,2,2,,,,1,"Fadda, Dani Z","Alatalo, Diana L",,,,,xxd161630,xianming dai
MECH,3351,0W1,1,2,1,5,4,4,1,1,1,,,,1,,,,0,"Wilt, James C","Chowdhury, Kafil Uddin Ahammed",,,,,jcw140130,james wilt
MECH,4340,0W1,1,7,2,8,8,6,3,6,1,,1,,1,,,,0,"Park, Wooram","Gleason, Glenn H",,,,,wxp103020,wooram park
MECH,4381,0U1,,18,15,5,2,,,,1,,,,,,,,0,"Hart, Robert A",,,,,,rxh124630,robert hart
MECH,4381,0U2,,6,19,5,6,1,2,,,,,,,,,,0,"Hart, Robert A",,,,,,rxh124630,robert hart
MECH,4V95,0W1,,15,,,6,,,21,,,2,,3,,,,1,"Summers, Joshua",,,,,,jxz156730,jie zhang
MECH,6V49,0W1,,10,,,4,,,2,,,,,1,,,,2,"Summers, Joshua",,,,,,mxm124631,majid minary
MECO,6303,0W1,,12,6,8,7,2,2,7,,,,,,,,,1,"Lewin, Peter","Kelly, Matthew L",,,,,plewin,peter lewin
MECO,6303,AW1,,19,4,1,,,,,,,,,1,,,,0,"Kiser, Stephen L",,,,,,slk012100,stephen kiser
MIS,6308,5U1,,6,,4,9,,4,,,,,,,,,,0,"Islam, Naser","Zhang, Haozhao",,,,,nxi110630,naser islam
MIS,6313,5U1,,50,8,,2,2,1,1,,,,,1,,,,0,"Fuller, Tony F","Ozdemir, Dicle Yagmur",,,,,tff170130,tony fuller
MIS,6313,GS1,,23,5,,1,2,,,,,,,,,,,0,"Wiant, Russell B",,,,,,,russell wiant
MIS,6313,GS2,,10,6,4,,2,,2,,,,,,,,,1,"Wiant, Russell B",,,,,,,russell wiant
MIS,6330,5U1,,1,9,5,3,,,,,,,,,,,,0,"Shroff, Tejas N","Chen, Luoying",,,,,nxh141030,nate howe
MIS,6346,5U1,,9,10,4,,,,,,,,,,,,,0,"Perez, Jerry",,,,,,jxp180019,jerry perez
MIS,6356,5U1,,2,7,7,4,1,1,,,,,,,,,,0,"Chatterjee, Sourav","Banu, Arshiya",,,,,wlj031000,walter johnston
MIS,6380,0W1,,9,7,8,5,5,,2,,,,,,,,,1,"Bradbury, Judd D",,,,,,jdb101000,judd bradbury
MIS,6382,5U1,,9,6,8,11,1,,2,,,,,,,,,0,"Neouchi, Rabih",,,,,,rxn200012,rabih neouchi
MKT,3300,0U1,2,8,4,3,1,2,1,1,,,,,3,,,,0,"Kasaian, Keyvan",,,,,,jmg171130,jerome gafford
MKT,3300,0W1,,6,11,7,12,5,3,1,2,,,,,,,,1,"Pahwa, Parneet","Bagheri Tirtashi, Ali",,,,,pxp030100,parneet pahwa
MKT,3330,0U1,7,11,1,1,,,,1,1,,,,1,,,,0,"Gafford, Jerome M","Jameei Osgouei, Ata",,,,,sxa130731,semiramis amirpour
MKT,4330,0W1,4,5,5,,5,6,3,5,,,,1,,,,,0,"Edsel, Alexander D",,,,,,ade012000,alexander edsel
MKT,4334,5U1,1,8,2,1,6,,3,1,,1,,,1,,,,0,"Pacyna, Sandra",,,,,,sxp158130,sandra pacyna
MKT,6301,0U1,,6,11,10,6,3,4,3,,,,,2,,,,0,"Bruce, Norris I","Bhave, Ashutosh C",,,,,nxb018100,norris bruce
MKT,6301,MBP,,14,2,8,11,4,,1,,,,,,,,,0,"Rajaratnam, Daniel",,,,,,dxr143430,daniel rajaratnam
MKT,6301,XS1,,25,3,1,,,,,,,,,,,,,0,"Albrecht, Maria",,,,,,mxa180037,maria albrecht
MKT,6309,0U1,,4,4,4,3,1,,,,,,,,,,,1,"Rajaratnam, Daniel",,,,,,dxr143430,daniel rajaratnam
MKT,6321,0W1,,15,6,12,12,1,1,,,,,,,,,,0,"Edsel, Alexander D",,,,,,ade012000,alexander edsel
MKT,6332,0W1,,6,9,10,10,1,5,,,,,,1,,,,0,"Biswas, Abhijit","Nozari, Salar",,,,,axb019100,abhijit biswas
MKT,6337,5U1,,2,,3,4,4,,,,,,,,,,,0,"Chatterjee, Sourav","Qian, Kun",,,,,mxg153330,mike grigsby
MKT,6339,5U1,,5,3,5,5,1,,,,,,,,,,,0,"Rajaratnam, Daniel",,,,,,dxr143430,daniel rajaratnam
MKT,6349,0U1,,11,5,9,3,,,2,,,,,,,,,0,"Tirone, Guido",,,,,,gxt170001,guido tirone
MKT,6352,0W1,,7,1,1,4,2,3,7,,,,,,,,,3,"Tirone, Guido",,,,,,gxt170001,guido tirone
MUSI,2319,091,2,4,1,,,,,,,,,,2,,,,1,"Durbin, Kelly",,,,,,kpdurbin,kelly durbin
MUSI,2322,0U1,13,,,,,,,,,,,,,,,,0,"Jones, Eric",,,,,,lag091020,lori gerard
NSC,3361,0U1,2,5,9,6,3,4,7,1,1,,,,1,,,,1,"McWilliams, Steven P","Bryan, Caeley L",,,,,sxm127330,steven mcwilliams
NSC,3361,0U2,2,6,3,2,8,5,5,2,2,,1,,5,,,,0,"Taylor, Anna M","Calderon, Debora R",,,,,amt180004,anna taylor
NSC,4350,0U1,1,9,4,5,2,1,1,,1,,,,,,,,0,"Maqbool, Mohsin",,,,,,vxm077000,van miller
NSC,4351,0U1,18,7,1,1,3,,,,,,,,,,,,0,"Shareef, Safiullah M","West, Reyanne M",,,,,sms170009,safiullah shareef
NSC,4352,0U1,4,8,5,3,4,2,3,,,,,,1,,,,0,"Raboune, Siham","Lenert, Melissa E",,,,,rxs170431,rukhsana sultana
NSC,4353,1U1,1,1,3,2,,2,1,1,1,,,,1,,,,0,"McWilliams, Steven P",,,,,,sxm127330,steven mcwilliams
NSC,4353,1U2,1,1,4,,,3,1,,1,,,2,,,,,1,"Taylor, Anna M","Garner, Katherine M","Rodriguez, Sierra R",,,,rxs170431,rukhsana sultana
NSC,4353,1U3,1,6,5,1,1,,1,,,,,,,,,,0,"Raboune, Siham","Driskill, Christopher M",,,,,sxr180071,siham raboune
NSC,4354,0U1,2,4,,2,3,1,2,3,,,,,,,,,0,"Sultana, Rukhsana","Mei, Hao-Ruei",,,,,rxs170431,rukhsana sultana
NSC,4356,0U1,,12,,,5,,,7,,,1,,,,,,0,"Sultana, Rukhsana","Newel, Jacqueline P",,,,,rxs170431,rukhsana sultana
NSC,4363,0U1,,18,,,4,,,,,,,,1,,,,0,"Raboune, Siham","Yue, Lok Yiu","Tseng, Ching-Tzu",,,,sxr180071,siham raboune
NSC,4366,0U1,7,4,3,3,4,4,2,1,,,7,,5,,,,1,"Taylor, Anna M",,,,,,amt180004,anna taylor
OB,6249,CW1,,18,,,,,,,,,,,,,,,0,"Latham, Van M",,,,,,,van latham
OB,6301,0W1,,28,8,9,1,1,2,,,,,,1,,,,2,"Hasenhuttl, Maria","Guo, Nan",,,,,ziegler,laurie ziegler
OB,6301,5U1,,11,12,5,5,3,1,2,,,,,,,,,0,"Olsztynska, Agnieszka","Li, Jianan",,,,,vxk133330,virginie kidwell
OB,6331,CH1,,11,,,2,,,,,,,,,,,,0,"Hasenhuttl, Maria",,,,,,h1562,maria hasenhuttl
OB,6331,CW1,,15,1,,,,,,,,,,,,,,0,"Hasenhuttl, Maria",,,,,,h1562,maria hasenhuttl
OB,6344,CW1,,29,6,4,,1,,1,,,,,,,,,0,"Norton, Larry",,,,,,,larry norton
OB,6348,CW1,,24,,,,,,,,,,,,,,,0,"Plaisance Bryan, Suzette T",,,,,,,suzette plaisance bryan
OB,6351,CW1,,16,1,1,,,,,,,,,,,,,0,"Norton, Larry",,,,,,,larry norton
OB,6352,CW1,,27,1,1,2,,,,,,,,,,,,0,"Norton, Larry",,,,,,,larry norton
OB,6382,CW1,,18,,,,,,,,,,,,,,,0,"Plaisance Bryan, Suzette T",,,,,,,suzette plaisance bryan
OB,6384,CH1,,19,3,,,,,,,,,,,,,,0,"Honeycutt, James",,,,,,,james honeycutt
OB,6384,CW1,,21,4,3,1,,,,,,,,2,,,,0,"Honeycutt, James",,,,,,,james honeycutt
OBHR,3310,0U1,,19,8,11,5,3,2,1,,,,,,,,,0,"Hazzard, Charles F",,,,,,davidr,david ritchey
OBHR,3310,0U2,,6,4,8,4,1,2,2,,,1,,1,,,,0,"Hazzard, Charles F","Wang, Jiyu",,,,,cxh056000,charles hazzard
OBHR,4300,0W1,18,10,9,4,1,,,1,,,,,,,,,1,"Edgington, Kyle D",,,,,,kde081000,kyle edgington
OBHR,4352,5U1,1,7,2,8,6,6,5,4,1,1,,,,,,,0,"Ritchey, Kemberly A",,,,,,kar014400,kemberly ritchey
OPRE,3310,0U1,6,11,7,25,7,3,1,,,,,,,,,,0,"Kim, Joohyun",,,,,,xxs130630,xi shan
OPRE,3310,0U2,3,6,4,9,8,4,5,8,,,,,4,,,,5,"Vu, Duc D",,,,,,dxp153830,david parks
OPRE,3310,5U1,6,14,8,12,6,4,3,1,1,,1,,1,,,,2,"Kucukgul, Can",,,,,,yxc121130,ying cao
OPRE,3333,5U1,15,11,9,6,10,5,5,3,,3,1,,1,,,,4,"Ahadi, Khatereh","Bu, Like",,,,,mxn121930,mohammad naseri
OPRE,3360,0U1,7,10,6,10,4,5,5,5,2,,1,,3,,,,1,"Manchiraju, Chandrasekhar Seetharama",,,,,,axa134231,athena alimirzaei
OPRE,3360,5U2,4,9,2,14,6,1,,1,,,,,,,,,2,"Gokcinar, Abdullah H",,,,,,axg169230,abdullah gokcinar
OPRE,6301,0W1,,5,4,12,6,4,6,2,,,,,2,,,,1,"Leach, Sonia E","Shi, Lingling",,,,,flannery,carol flannery
OPRE,6301,5U1,,9,4,4,3,3,6,11,,,,,1,,,,1,"Ramezani, Rasoul","Farzaneh, Mohammad Amin",,,,,meb049000,monica brussolo
OPRE,6302,0W1,,19,7,10,5,6,3,2,,,,,,,,,0,"Dawande, Milind","Bu, Like",,,,,milind,milind dawande
OPRE,6302,GS1,,2,4,4,5,,,,,,,,,,,,0,"Hassanzadeh, Nozar",,,,,,nozarh,nozar hassanzadeh
OPRE,6302,MBP,,19,11,8,2,1,,,,,,,,,,,0,"Subramoniam, Ramesh",,,,,,rxs179630,ramesh subramoniam
OPRE,6303,0W1,,7,2,3,2,2,,,,,,,,,,,2,"Sethi, Awanti",,,,,,asethi,awanti sethi
OPRE,6332,5U1,,39,15,4,3,1,3,,,,,,1,,,,2,"Ramanathan, Kannan","Armaghan, Milad",,,,,kxr087000,kannan ramanathan
PA,3379,0U1,18,2,,,,,,,,,1,,,,,,1,"Cline, Ravin R",,,,,,vxz160130,ravin cline
PA,3380,0W1,,20,,,7,,,4,,,,,3,,,,1,"Rabbi, Md. Fazle",,,,,,rvc140130,rashmi chordiya
PA,4355,0U1,13,3,,2,,2,1,,1,,,,2,,,,2,"Hoang, Thanh T",,,,,,mzn170030,thanh hoang
PA,6389,5U1,,19,4,1,3,1,,1,,,,,1,,,,1,"Stocks, Dhriti P",,,,,,dpp130130,
PA,8330,HN1,,35,4,5,5,,,,,,,,,,,,0,"Shute, William H","Chin, Michelle L",,,,,whs170030,
PHIL,1301,051,,17,,3,15,,1,6,,,,,4,,,,1,"Amato, Lawrence A","Ghahari Kermani, Arash",,,,,laa062000,lawrence amato
PHIL,3328,091,2,2,6,,,,,,,,,,2,,,,0,"Dennis, Patrick W",,,,,,pdennis,patrick dennis
PHYS,1301,0U1,7,10,10,6,3,1,2,,4,1,1,2,3,,,,7,"Khan, Amena","Schussler, Joshua A","Jafarzadeh, Seyed Javad",,,,jds107020,jason slinker
PHYS,1302,1U1,4,9,2,3,4,2,2,2,1,2,1,1,2,,,,1,"Sun, Kuei","Lai, Xuanying","Medina Varela, Leonel",,,,kxs147030,kuei sun
PHYS,1302,1U2,15,7,2,,1,,,,,,1,,,,,,1,"Malko, Anton V","Garcia Quintero, Cristhian J","Marder, Andrew A",,,,avm074000,anton malko
PHYS,2125,1W1,5,6,3,3,3,1,1,,,,,1,,,,,4,"Sun, Kuei","Iqbal, Mazhar",Tamanjyot,"Zhao, Kehui",,,kxs147030,kuei sun
PHYS,2125,1W2,5,7,,1,2,3,1,,,,,2,3,,,,3,"Sun, Kuei","Iqbal, Mazhar",Tamanjyot,"Zhao, Kehui",,,kxs147030,kuei sun
PHYS,2125,1W3,,6,,1,,,,,,1,,2,2,,,,1,"Sun, Kuei","Iqbal, Mazhar",Tamanjyot,"Fernando, Bharana A","Zhao, Kehui",,kxs147030,kuei sun
PHYS,2125,1W4,3,7,1,3,1,1,,2,,,1,1,4,,,,0,"Sun, Kuei","Iqbal, Mazhar",Tamanjyot,"Zhao, Kehui",,,kxs147030,kuei sun
PHYS,2126,1W1,17,7,,2,1,,,,,1,,,,,,,1,"Macalevey, Paul J","Xie, Yunan",,,,,paulmac,paul macalevey
PHYS,2126,1W2,12,6,4,1,3,,1,,1,1,,1,,,,,2,"Macalevey, Paul J","Modumudi, Sai Madhav",,,,,paulmac,paul macalevey
PHYS,2126,1W3,11,4,3,1,4,1,,,1,,,,,,,,2,"Macalevey, Paul J","Adams, Austen C",,,,,paulmac,paul macalevey
PHYS,2126,1W4,8,7,2,1,3,2,2,,,,,,2,,,,0,"Macalevey, Paul J","Ryan, Conor",,,,,paulmac,paul macalevey
PHYS,2126,1W5,2,3,3,1,3,3,2,,,,,,1,,,,1,"Macalevey, Paul J","Anable, Daniel",,,,,paulmac,paul macalevey
PHYS,2325,0U1,12,11,6,6,7,,3,5,,,2,,3,,,,3,"Ishak-Boushaki, Mustapha","Mitchell, George A","Sooriyaarachchi, Vinu K",,,,avm074000,anton malko
PHYS,2326,0U1,1,7,4,22,14,14,6,3,1,1,,1,2,,,,4,"Gartstein, Yuri","Romero, Angel E","Zanders, Alan P",,,,yxg037000,yuri gartstein
PSY,2301,0W1,,25,15,7,6,6,4,4,4,,,2,3,,,,1,"Brody, Salena M","Govindaraj, Sharnya",,,,,smb051000,salena brody
PSY,2317,0U1,2,9,,,5,,,2,,,,,2,,,,0,"Pattisapu, Candice N","Knoch, Desiree'",,,,,pdaniel,daniel pacheco
PSY,3310,5U1,,54,,5,6,,,2,,,,,3,,,,0,"Bonner, Deborah L","Hafiz, Mariam",,,,,dbonner,deborah bonner
PSY,3331,0U1,,64,7,2,5,3,,3,,,,,14,,,,2,"Huxtable-Jester, Karen J","Williams, Denise D",,,,,jab140230,julie parsons
PSY,3342,0W1,1,17,11,5,7,1,5,2,1,,,,4,,,,0,"Smith, Olivia","Trehan, Aastha",,,,,dbonner,deborah bonner
PSY,3360,0U1,3,10,7,16,7,12,8,5,3,3,1,,3,,,,1,"Assmann, Peter","Mizener, Brendon J",,,,,assmann,peter assmann
PSY,3361,0U1,,8,4,5,8,5,2,5,,2,1,2,6,,,,1,"Gryder, Kieth","Holmes, Melanie C",,,,,mam089100,mitchell meltzer
PSY,3392,0U1,3,5,3,5,8,4,,2,,1,,1,6,,,,2,"Raman, Rachna","Winter-Nelson, Ezra",,,,,rxr076000,rachna raman
PSY,3393,0W1,3,3,5,4,2,2,1,1,,,,,3,,,,0,"Shirvani, Forouz","Platt, Kristen N",,,,,fxk024000,forouz shirvani
PSY,3393,0W2,1,3,4,4,,5,1,1,1,,,1,1,,,,0,"Shirvani, Forouz","Moraglia, Luke E",,,,,gxs180015,gayle schwark
PSY,4343,0W1,17,25,16,10,6,,3,1,2,1,,1,4,1,,,3,"Ybarra, Regina K","Wu, Dennis",,,,,rky190000,regina ybarra
PSY,4346,0U1,8,18,18,9,9,3,1,1,1,1,2,,12,,,,2,"Wilder, Siri","Millward, Kennedy A",,,,,jgentsch,joanna gentsch
PSY,4V90,0U1,,2,2,4,2,3,,4,1,,,,2,,,,3,"Brody, Salena M",,,,,,sxh161130,
REAL,3305,5U1,,1,,,8,,,6,,,2,,,,,,1,"Guttery, Randall","Wen, Yaxin",,,,,jxl180030,julie lynch
REAL,6321,5U1,,9,2,,13,1,,2,,,,,,,,,1,"Guttery, Randall","Wen, Yaxin",,,,,rxg112530,randall guttery
RHET,1302,051,1,10,5,2,,,,,,,,,,,,,1,"Aljararwa, Rasha",,,,,,axs084500,addison shierry
RHET,1302,052,,6,3,3,,,1,,,,,,3,,,,2,"Johnson, Kevin W",,,,,,klb140030,kent boyer
RHET,1302,0W1,2,3,2,2,,3,1,1,,,1,,,,,,1,"Murphy, Trisha",,,,,,sxm170012,shivika mathur
RHET,1302,0W2,2,3,4,1,,,,,,,,1,4,,,,4,"Saeidfar, Ghazal",,,,,,axs084500,addison shierry
RHET,1302,0W3,2,1,2,1,2,3,,1,,,,1,1,,,,2,"Walker, Jason A",,,,,,jaw140030,jason walker
RHET,1302,0W4,5,7,,,1,1,,2,,,,,,,,,0,"Williams, Sunshine A",,,,,,jlg130030,sunshine williams
SE,3306,0U1,1,2,1,1,1,2,1,1,,,,,1,,,,1,"Chung, Lawrence","Ahn, Sung Soo",,,,,tfarage,timothy farage
SE,3341,0U1,2,,,1,,,1,,,1,3,1,2,,,,2,"Whalen, Tristan G","Uddin, Mohammad Afser","Sajal, Ibrahim Hossain","Oh, Sungjin",,,tgw100020,tristan whalen
SE,4381,0H1,1,5,7,1,8,4,,1,,,,,,,,,0,"Smith, Klyne","Ahn, Sung Soo","Cai, Yuchen",,,,kxs180052,klyne smith
SE,6388,5H1,,8,3,,,1,,,,,,,,,,,0,"Smith, Klyne","Tian, Zijing",,,,,kxs180052,klyne smith
SE,6388,MU1,,10,3,3,4,1,,1,,,,,,,,,0,"Smith, Klyne",,,,,,kxs180052,klyne smith
SOC,1301,0W1,19,18,1,1,6,1,1,,,,1,,1,,,,0,"Malek-Ahmadi, John H",,,,,,zrs160030,zachary simoni
SOC,3379,0U1,9,,,,,,,,1,,,,,,,,0,"Cline, Ravin R",,,,,,vxz160130,ravin cline
SPAU,3301,0U1,,15,7,1,6,,,,,,,,1,,,,0,"Rich, Judith B","Jansen, Conner L",,,,,jbm014600,
SPAU,3342,0W1,,6,2,1,1,,,,,,,1,,,,,0,"Smith, Olivia","Trehan, Aastha",,,,,dbonner,deborah bonner
SPAU,3343,0U1,1,7,,,1,1,,1,,,,,1,,,,0,"Katz, William","Lucas, Katelyn A",,,,,wkatz,william katz
SPAU,3344,5U1,,5,7,3,2,3,1,1,,,,,,,,,0,"Powers, Katharine A","Thomas, Abbey L",,,,,kap130730,katharine powers
SPAU,4308,0U1,,14,,,4,,,1,,,,,,,,,0,"Kreidler, Kathryn V","Melamed, Tina",,,,,kvk180002,
STAT,1342,0U1,2,1,1,2,1,,,4,,,,,,,,,0,"Koshevnik, Yuly","Wang, Tingfang",,,,,yxk055000,yuly koshevnik
STAT,2332,0U1,13,,2,3,3,2,4,1,2,,,1,3,,,,0,"Whalen, Tristan G","Kumara, Mananage Sanjaya M","Rajapaksha, Rajapaksha Mudalige D","Fuksman, Lirit",,,tgw100020,tristan whalen
STAT,4351,0U1,4,1,1,,2,1,1,1,,,,,2,,,,2,"Koshevnik, Yuly","Fuksman, Lirit",,,,,yxk055000,yuly koshevnik
THEA,1310,0W1,,36,,3,6,,,,,,,,,,,,1,"Hibbs, Shelby A",,,,,,sah140730,shelby hibbs
UNIV,2V96,0W1,,,,,,,,,,,,,,25,3,,0,"Maitra, Meenakshi",,,,,,ixm033000,irene marroquin
