Subject,Catalog Nbr,Section,A+,A,A-,B+,B,B-,C+,C,C-,D+,D,D-,F,CR,I,NC,W,P,Instructor 1,Instructor 2,Instructor 3,Instructor 4,Instructor 5,Instructor 6,instructor_id,instructor_name_normalized
ACCT,2302,5U1,1,8,,2,6,,,5,,2,3,,2,,1,,,,"Zolton, Kathy","Johnson, Jennifer G","Tazhibayev, Galymzhan",,,,cah041000,christopher hess
ACCT,3312,5U1,6,10,9,17,5,2,2,5,3,1,,1,1,,,,,,"Johnson, Jennifer G","Tazhibayev, Galymzhan",,,,,jxj091000,jennifer johnson
ACCT,3331,5U1,3,1,1,2,2,5,4,2,,2,,,,,,,,,"Zhou, Yibin","Shivaani, MV",,,,,yxz066000,yibin zhou
ACCT,3350,5U1,,3,7,7,10,7,3,,,,,,,,,,,,"Frost, Sandra M","Tazhibayev, Galymzhan",,,,,jpg140630,john gamino
ACCT,4334,5U1,,4,2,2,4,2,3,1,,,,,,,,,,,"Paske, Matthew A",,,,,,cah041000,christopher hess
ACCT,6202,0W1,,9,19,8,8,5,1,1,,,,,3,,,,,,"Janakiraman, Surya N","Ai, Lanru",,,,,suryaj,surya janakiraman
ACCT,6301,5U1,,1,4,2,2,5,3,,,,,,,,,,,,"Ballew, Gregory","Kwon, Yeongmin",,,,,srp065000,stephanie poindexter swaim
ACCT,6305,0W1,,2,3,3,5,2,,,,,,,,,,,,,"Janakiraman, Surya N","Ai, Lanru",,,,,suryaj,surya janakiraman
ACCT,6330,0W1,,3,,,7,,,4,,,,,4,,,,,,"Cready, William M","Kwon, Yeongmin",,,,,wmc041000,william cready
ACCT,6338,0W1,,12,2,3,6,4,,1,,,,,1,,,,1,,"Goodrich, Mary Beth W",,,,,,goodrich,mary beth goodrich
ACCT,6341,0W1,,27,2,,6,,3,1,,,,,1,,,,,,"Goodrich, Mary Beth W",,,,,,goodrich,mary beth goodrich
ACCT,6344,0W1,,7,8,8,9,2,,,,,,,1,,,,,,"Gurun, Umit G","Shivaani, MV","Yayvak, Berk",,,,ugg041000,umit gurun
ACCT,6353,PPA,,9,13,7,8,,,,,,,,,,,,,,"Solcher, Steven J","Chen, Hangu",,,,,sjs107020,steven solcher
ACCT,6365,5U1,,1,6,7,2,2,,1,,,,,,,,,,,"Cheng, Samuel",,,,,,sxc109021,samuel cheng
ACCT,6367,5U1,,25,9,6,9,2,2,,,,,,,,,,,,"Frost, Sandra M","Hanna, Dave T","Tazhibayev, Galymzhan",,,,jpg140630,john gamino
ACCT,6374,5W1,,47,4,1,,,,,,,,,,,,,,,"Kromer, Jeffrey R","Yayvak, Berk",,,,,jrk013000,jeffrey kromer
ACCT,6377,5U1,,50,11,5,2,,,,,,,,,,,,,,"Ballew, Gregory","Kwon, Yeongmin",,,,,geb011100,gregory ballew
ACCT,6392,5U1,,41,29,3,1,,,,,,,,,,,,,,"Hes, Christopher","Chen, Hangu",,,,,cah041000,christopher hess
ACCT,6394,XU1,,18,,,,,,,,,,,,,,,,,"McNulty, Diane S","Hemmig, Ray",,,,,dmcnulty,diane mcnulty
ACN,7372,0W1,,14,1,2,,,,,,,,,,,,,,,"Jahangiri, Faisal R",,,,,,frj190000,faisal jahangiri
AHST,2331,051,1,2,9,1,1,1,,,,,,,,,,,,,"Rosen, Mark S",,,,,,mxr088000,mark rosen
AMS,2300,051,9,7,1,,,,,,,,,,,,,,,,"Lusk, Marc L",,,,,,nxp174730,neall pogue
AMS,2300,091,5,2,3,4,,,,1,,,,,1,,,,,,"Hammonds, Kyle",,,,,,kxh230016,kyle hammonds
AMS,3316,0W1,13,6,2,,1,,,,,,,1,2,,,,,,"Winstead, Elizabeth L",,,,,,lwm061000,elizabeth winstead
AMS,4379,0W2,5,3,1,,,1,,1,,,,,,,,,,,"Winstead, Elizabeth L",,,,,,lwm061000,elizabeth winstead
ANGM,2309,0W1,1,,4,4,5,2,3,4,,,2,,2,,,,,,"Fechter, Todd A",,,,,,txg121730,troy griffin
ANGM,2310,0W1,6,3,,3,4,2,,2,,,,,1,,,,2,,"Salter, Monika M",,,,,,mxs176131,monika salter
ANGM,3307,0U1,1,3,8,4,,2,,2,,1,,,2,,,,1,,"McCord, Peter A",,,,,,pam062000,peter mccord
ANGM,3308,0U1,,10,1,3,2,2,,,,,1,,4,,,,,,"Carey, Joshua S",,,,,,dal540711,joshua carey
ANGM,3320,091,2,1,9,1,1,1,1,2,,,,,1,,,,,,"Salter, Monika M",,,,,,mxs176131,monika salter
ANGM,3321,0S1,,15,,,,,,,,,,,,,,,,,"McComber, Sean J",,,,,,sxm129130,sean mccomber
ANGM,3338,0W1,2,5,10,2,3,1,2,,1,,,,4,,,,,,"Griffin, Troy",,,,,,txg121730,troy griffin
ANGM,3367,0U1,,2,4,3,1,,1,1,,,,,1,,,,1,,"Villegas, Randall V",,,,,,rvv150130,
ANGM,3368,0W1,4,2,3,4,2,3,3,1,1,,,1,2,,,,2,,"Chandler, Adam W",,,,,,awc051000,adam chandler
ANGM,3370,0W1,8,2,4,,,,,,,,,,,,,,,,"Lewis, Timothy M",,,,,,tml062000,timothy lewis
ANGM,4304,0S1,3,3,1,1,5,2,,1,,,,,,,,,,,"Gardner, Frederick",,,,,,fxg230003,frederick gardner
ARTS,1316,0U1,6,4,1,2,,,,,,,,,1,,,,1,,"Takaloubighash, Maryam",,,,,,glmetz,greg metz
ARTS,3379,0W2,,11,2,,,,,,,,,,2,,,,,,"Loving, Emily A",,,,,,exl097120,emily loving
ARTS,3383,0W1,,3,4,3,4,2,,,,,,,1,,,,,,"Higgins-Stirrup, Brynn",,,,,,bxh230012,brynn higgins stirrup
ATCM,2300,0W1,1,3,3,3,,3,1,,1,,,1,1,,,,,,"Rahman, Mohammad K",,,,,,hxc176430,heidi cooley
ATCM,2300,0W2,2,4,1,1,,1,1,1,2,1,2,,,,,,,,"Cole, Abby",,,,,,hxk200055,
ATCM,2300,0W3,8,2,,,1,,2,3,,,,2,1,,,,,,"Ayodabo, Sunday J",,,,,,sja220000,
ATCM,2301,0U1,,5,2,1,2,,1,1,1,,,,2,,,,,,"Vo, Baotran N",,,,,,crn022000,christina nielsen
ATCM,2302,0U1,2,6,1,,,1,,,,,,,2,,1,,,,"Behr, Kris",,,,,,sxa210030,shaghayegh ashouri
ATCM,2321,0W1,,2,9,4,,1,3,,,,,,,,,,,,"Whitlock, Kathryn",,,,,,lxi170030,laura imaoka
ATCM,2350,0U1,5,4,1,,,,,,,,1,,,,,,,,"Yu, Yiding",,,,,,zch150030,zoey hoggatt
ATCM,3301,0W1,1,3,2,1,2,,,2,,,,1,2,,,,,,"Rahman, Maruf",,,,,,lxi170030,laura imaoka
ATCM,3301,0W2,1,2,7,1,1,1,,,2,,,,3,,,,,,"Hernandez, Luke A",,,,,,srm140030,stephen mallory
ATCM,3337,0W1,7,1,3,2,1,1,3,,,1,,,2,,,,,,"Budd, Jessie C",,,,,,hgw021000,harold wood
ATCM,3350,0W1,4,1,6,5,4,,1,1,1,,,,2,,,,2,,"Hewitt, Sharon A",,,,,,sxh090220,sharon hewitt
ATCM,3388,0W1,5,4,3,,2,1,1,,,,1,,,,,,,,"Fraley, James M",,,,,,lxb032000,james fraley
ATCM,4326,0W1,7,5,1,2,,,,,,,1,1,1,,,,,,"Heaslip, Audra","Vo, Angelene H",,,,,axh027000,audra heaslip
ATCM,4330,0W1,1,3,2,4,1,1,,,1,,1,,4,,,,,,"Nielsen, Christina R",,,,,,crn022000,christina nielsen
AUD,6216,0U1,,13,1,,,,,,,,,,,,,,,,"Cokely, Carol G","Mundayoor, Saranya A",,,,,cgc016200,
AUD,6352,5U1,,13,,1,,,,,,,,,,,,,,,"Clark, Jackie L","Keywork, Sophia B",,,,,axg165431,
AUD,7325,5U1,,13,1,,,1,,,,,,,,,,,,,"Thibodeau, Linda K","Mosley, Cornetta","Alvarez, Lindee A",,,,thib,linda thibodeau
AUD,7V80,067,,,,,,,,,,,,,,,,,,14,"Fowler-Brookman, Stephanie L","Mosley, Cornetta","Woodford, Allison S","Crow, Sarah E",,,,stephanie fowler brookman
AUD,7V80,070,,,,,,,,,,,,,,,,,,16,"Fowler-Brookman, Stephanie L","Woodford, Allison S","Crow, Sarah E",,,,jclark,jackie clark
AUD,7V82,0U3,,15,,,,,,,,,,,,,,,,,"Clark, Jackie L","Rahimi Ghooradel, Farshid",,,,,jclark,jackie clark
AUD,7V82,0U4,,14,,,1,,,,,,,,,,,,,,"Shoup, Angela G",,,,,,ags017000,angela shoup
AUD,8V97,064,,,,,,,,,,,,,,,,,,11,"Cokely, Carol G",,,,,,cgc016200,carol cokely
BA,1320,0U1,1,2,1,,3,1,1,1,,,1,,,,,,,,"Blueshtein, Moran","Wu, Jie",,,,,mxb135230,moran blueshtein
BA,4090,091,,,,,,,,,,,,,,36,,,,,"Henderson, Thomas C",,,,,,txh093000,tom henderson
BA,4090,092,,,,,,,,,,,,,,25,,,,,"Dam, Van C",,,,,,jpg140630,john gamino
BA,4090,0U1,,,,,,,,,,,,,,29,,,1,,"Henderson, Thomas C",,,,,,,thomas henderson
BA,4090,0U2,,,,,,,,,,,,,,16,,1,,,"Dam, Van C",,,,,,,van dam
BA,4095,0W1,,,,,,,,,,,,,,71,,,,,"Owens, Dawn M","Granger, Angela L",,,,,sxa063000,shawn alborz
BA,4V90,0U3,,,,,,,,,,,,,,21,,,,,"Henderson, Thomas C",,,,,,,thomas henderson
BA,4V90,593,,,,,,,,,,,,,,16,,,,,"Henderson, Thomas C",,,,,,,thomas henderson
BCOM,3300,052,,2,8,4,2,2,1,,,,,,,,,,,,"Pitchford, Bethany",,,,,,bxp230018,bethany pitchford
BCOM,4300,0U1,3,6,7,5,1,1,1,,1,,,,,,,,1,,"Ali, Shazia",,,,,,kxl164330,kathryn lookadoo
BCOM,4300,0U2,4,12,14,4,1,1,1,,,,,,,,,,,,"Ali, Shazia",,,,,,meg012400,margaret smallwood
BCOM,4300,5U1,,2,9,6,4,2,1,1,,,,,,,,,,,"Fry, Jennifer L",,,,,,kxt200010,katrina tamez
BCOM,4300,5U2,,6,10,9,6,5,,,,1,,,,,,,1,,"Fry, Jennifer L",,,,,,sem054000,sarah moore
BIOL,2111,0U1,15,5,2,4,,1,,1,,,,,,,,,,,"Sarcar, Subha",,,,,,candas,mehmet candas
BIOL,2112,0U1,1,3,7,3,2,5,3,5,3,3,1,1,5,,,,,,"Padmanabhan, Ramesh","Anand, Rithika","Xu, Linyi",,,,candas,mehmet candas
BIOL,2281,3U1,1,3,2,6,2,,1,1,1,,1,,1,,,,1,,"Pickett, Elizabeth A","Salamat, Narges","Thomas, Nathaniel","Briggs, Alyssa A","Amin, Hibah",,wenju,wen ju lin
BIOL,2281,3U2,2,4,3,4,3,2,,1,,,,,,,,,,,"Salamat, Narges","Pickett, Elizabeth A","Nelson, Ashlianne A","Hari Prasad, Vineeth","Griffin, Caylah",,wenju,wen ju lin
BIOL,2281,3U3,1,6,1,3,5,2,3,,,,,,,,,,,,"Salamat, Narges","Pickett, Elizabeth A","Liu, Junyu","Basu, Ujjaini","Tien, Hsin-Jung",,wenju,wen ju lin
BIOL,2311,0U1,15,5,2,4,,1,,1,,,,,,,,,,,"Sarcar, Subha","Camp, John M","Cornelius, Samuel A",,,,candas,mehmet candas
BIOL,2312,0U1,1,3,7,3,2,5,3,5,3,3,1,1,5,,,,1,,"Padmanabhan, Ramesh","Anand, Rithika","Xu, Linyi",,,,candas,mehmet candas
BIOL,3303,0U1,4,1,4,2,4,1,,3,3,,1,,1,,,,,,"Boyd, Stefanie D","Zhi, Jiahe","Bonde, Namrata Dinesh","Shipman, Braden M",,,sdb074000,stefanie boyd
BIOL,3318,0U1,25,14,1,1,,,,,,,,,,,,,,,"Gomez, Amy Jo M","Chacon Castro, Maria Del Carmen","Elhawary, Ezzeldin N",,,,unh130030,uyen henson
BIOL,3380,3U3,3,1,2,3,1,3,,3,,1,1,2,,,,,,,"Srinivasan, Bhooma","Pickett, Elizabeth A","Falah, Rafah M","Zhabilov, Dannie",,,rippel,scott rippel
BIOL,3380,3U4,,1,,2,1,4,4,1,4,2,1,,,,,,,,"Pickett, Elizabeth A","Srinivasan, Bhooma","Berisha, Eranda","Liu, Yihan",,,eaw016100,elizabeth pickett
BIOL,3401,0U1,3,8,8,7,11,7,12,5,4,1,,1,1,,,,,,"Srikanth, Uma","Kwende, Sharon A","Lalami, Hamza","Salaudeen, Ibrahim O","Afolami, Olufemi Ifeoluwa","Maiti, Dibyo",ukrish,uma srikanth
BIOL,3402,0U1,9,4,7,1,1,,2,1,,,,,,,,,,,"Sarcar, Subha","Ning, Dun","Yamauchi, Stephanie A",,,,sns064000,subha sarcar
BIOL,3455,3U1,2,6,4,4,1,,4,3,6,,1,,1,,,,2,,"Wu, Zhuoru","Gong, Hanling","Veera, Kavya","Langley, Lyndsey","Winn, Emma A",,rdr092000,ruben ramirez
BIOL,3455,3U2,2,3,2,4,1,2,2,,1,1,1,,2,,,,,,"Wu, Zhuoru","Gong, Hanling","Veera, Kavya",,,,rdr092000,ruben ramirez
BIOL,3456,3U1,,5,,3,4,,3,,1,2,,,,,,,2,,"Yu, Wen-Ho","Spence, Lindsay J",,,,,why061000,wen ho yu
BIOL,3461,0U1,3,3,,2,3,5,4,1,5,2,2,2,4,,,,,,"Boyd, Stefanie D","Akter, Zakia","Hossain, Md Liakat","Estrada, Bryan J",,,sdb074000,stefanie boyd
BIOL,3462,0W1,9,29,4,3,1,1,1,,,,,1,,,,,,,"Candas, Mehmet","Sunder Singh, Jacqulene Preethi",,,,,candas,mehmet candas
BIOL,3V00,0W1,8,16,,,1,,,,,,,,1,,,,,,"Candas, Mehmet",,,,,,candas,mehmet candas
BIS,2190,0W1,2,9,1,,4,1,1,1,,2,,,1,,,,,,"Gillo, Sabrina F",,,,,,cwe011000,christopher edwards
BIS,3320,051,10,8,1,,,1,,,,,,,,,,,1,,"Lusk, Marc L",,,,,,mxl121730,marc lusk
BLAW,2301,5U1,1,13,2,2,2,,,,1,2,,,,,,,,,"Barrow, Frederick",,,,,,clb120030,christina betanzos
BMEN,2320,0W1,11,1,,,,,,,1,,,,,,,,,,"Kang, Gu Eon",,,,,,gxk210018,
BMEN,3200,0U1,,19,,,3,,,,,,,,,,,,,,"Stout, Angeloh M","Shihabeddin, Tarik",,,,,cxr210008,christian rivera
BMEN,3302,051,1,3,1,,3,2,,,,,,,,,,,1,,"Ali, Tariq M",,,,,,tma051000,tariq ali
BMEN,3320,0W1,1,2,2,2,2,3,1,,,,,,,,,,,,"Ali, Tariq M",,,,,,tma051000,tariq ali
BMEN,4388,0U1,1,5,5,16,3,2,,,,,,,,,,,,,"Polk, Todd W","Tjahjono, Nathaniel S",,,,,twp017000,todd polk
BPS,4395,5U1,15,23,3,,1,1,,,,,,,,,,,,,"Kitamura, Yuko",,,,,,txh093000,tom henderson
BPS,4395,5U2,10,35,4,,,,,,,,,,,,,,,,"Stogsdill, Robert",,,,,,jps210007,
BPS,6310,0W1,,25,,4,1,,,,,,,,,,,,2,,"Kaplan, Marilyn R",,,,,,chasteen,larry chasteen
BPS,6310,GW1,,11,3,,,1,,,,,,,,,,,,,"Choi, Emily",,,,,,exc113230,emily choi
BPS,7303,0U1,,14,,,,,,,,,,,,,,,,,"Watson, John M",,,,,,jmw077000,john watson
BUAN,4090,091,,,,,,,,,,,,,,44,,,,,"Akarte, Prajakti V",,,,,,pva150330,prajakti akarte
BUAN,4090,0U1,,,,,,,,,,,,,,23,,,,,"Akarte, Prajakti V",,,,,,pva150330,prajakti akarte
BUAN,4381,5U1,4,,2,3,1,1,,,,,,,,,1,,,,"Chen, Luoying",,,,,,lxc190027,luoying chen
BUAN,6009,091,,,,,,,,,,,,,,,,,,11,"Thomas, Sunela S",,,,,,sxt167730,sunela thomas
BUAN,6009,0U1,,,,,,,,,,,,,,,,,,52,"Thomas, Sunela S",,,,,,sxt167730,sunela thomas
BUAN,6009,SU1,,,,,,,,,,,,,,,,,,23,"Paes, Antonio P",,,,,,app210006,antonio paes
BUAN,6312,0W1,,5,7,5,5,4,1,,,,,,1,,,,,,"Blueshtein, Moran","Wu, Jie",,,,,mxb135230,moran blueshtein
BUAN,6320,5U1,,7,17,3,2,,,,,,,,,,,,3,,"El-khodari, Gasan E","Cai, Shuzhang",,,,,kxs018700,
BUAN,6320,SW1,,7,3,5,3,,,,,,,,,,,,,,"Ryu, Young U",,,,,,ryoung,young ryu
BUAN,6337,0W1,,4,1,4,1,1,,,,,,,,,,,2,,"Subramanian, Upender","Miao, Jin",,,,,uxs092000,upender subramanian
BUAN,6346,5U1,,6,5,2,1,,,,,,,,,,,,,,"El-khodari, Gasan E","Cai, Shuzhang",,,,,jxp180019,jerry perez
BUAN,6346,SW1,,1,9,3,,,,,,,,,,,,,,,"Paes, Antonio P",,,,,,app210006,antonio paes
BUAN,6359,5U1,,5,1,1,1,1,1,,,,,,,,,,2,,"Ramezani, Rasoul","Shahsavand, Parisa",,,,,rxr145930,rasoul ramezani
BUAN,6359,SW1,,3,4,1,5,,1,2,,,,,,,,,,,"Whalen, Tristan G",,,,,,tgw100020,tristan whalen
BUAN,6382,SW1,,3,10,1,1,,,,,,,,,,,,,,"Kamalzadeh, Hossein",,,,,,hxk210085,hossein kamalzadeh
BUAN,6398,5U1,,5,2,3,5,2,1,1,,,,,,,,,,,"Nguyen, Hien T","Wei, Jiarui",,,,,axa134231,athena alimirzaei
BUAN,6V98,0U1,,,,,,,,,,,,,,,,,,11,"Thomas, Sunela S",,,,,,sxt167730,sunela thomas
CE,2301,0U1,5,,,,1,,1,2,,,1,,,,,,,,"Fahimi, Babak","Shabab, Sarjana",,,,,bxf102000,babak fahimi
CE,3201,0U1,,3,3,,1,,2,1,,,,,,,,,,,"Kiasaleh, Kamran","Delaram, Zeinab","Abbasnia, Alma",,,,kamran,kamran kiasaleh
CE,3303,0H1,1,1,,1,1,2,1,,1,2,1,,,,,,,,"Kehtarnavaz, Nasser","Tasnim, Nafisa Zarrin",,,,,nxk019000,nasser kehtarnavaz
CE,4388,0U1,,13,,,,,,,,,,,,,,,,,"Tacca, Marco",,,,,,dinesh,dinesh bhatia
CE,4389,0U1,1,7,,1,2,1,1,,,,,,,,,,,,"Tacca, Marco",,,,,,dinesh,dinesh bhatia
CE,7010,0U1,,,,,,,,,,,,,2,,,,1,21,"Kiasaleh, Kamran",,,,,,kamran,kamran kiasaleh
CHEM,1111,1U1,9,2,3,1,2,,,,,,1,1,1,,,,,,"Huang, Yu","Mustafa, Md.","Ayers, Lyndsay C",,,,sgavva,sandhya gavva
CHEM,1112,1U1,7,5,2,,3,,1,1,,,,1,1,,,,,,"Qin, Yanping","Kim, Hyunseo","Fernando, Shehan H","Jayasuriya, Danidu M","Shende, Prapti M",,sgavva,sandhya gavva
CHEM,1112,1U2,6,4,4,2,3,,1,,1,1,,,1,,,,,,"Qin, Yanping","Shende, Prapti M","Jayasuriya, Danidu M",,,,sgavva,sandhya gavva
CHEM,1311,0U1,6,4,4,10,4,4,1,,3,,,1,1,,,,1,,"Huang, Yu","Vu, Mai P","Aranda, Aidely",,,,aks057000,amandeep sra
CHEM,1312,0U1,5,13,3,13,9,8,11,12,18,1,6,5,9,,,,1,,"Hashami, Zohreh","Shohag, S M Anyet Ullah","Tran, Ly T",,,,dieckgr,gregg dieckmann
CHEM,2233,3U1,10,4,,,,,,,,,,,,,,,,,"Cortes, Sergio","Gaspar, Miguel A","Cu Castillo, Cristina","Qasimi, Esmail","Paul, Saptarshi",,scortes,sergio cortes
CHEM,2233,3U2,7,6,5,1,,,,,1,,,,,,,,,,"Tran, Daniel N","Koti, Neelima","Antany, Damary S","Benitez, Francisco","Wang, Ziqi",,dnt019000,daniel tran
CHEM,2323,0U1,15,13,5,3,8,7,8,8,5,5,3,,17,,2,,,,"Dissanayake, Dushanthi S","Mahulkar, Pranav S","Deo, Nitish Kumar","Liyana Withanage, Nadeesha Tharangani",,,sibertj,john sibert
CHEM,2325,0U1,2,11,3,6,7,9,4,8,5,3,5,,16,,,,3,,"Tran, Daniel N","Chakrabarty, Sumon","Neal, Henry","Pradhan, Subham",,,scortes,sergio cortes
CHEM,8V91,024,,,,,,,,,,,,,,,,,,13,"Stefan, Mihaela C",,,,,,mci071000,mihaela stefan
CHEM,8V91,046,,,,,,,,,,,,,,,,,,13,"Fasan, Rudi",,,,,,,rudi fasan
CLDP,3310,0W1,,7,,,2,,,,,,1,,,,,,,,"Timmons, Lisa N","Kim, Taesun",,,,,exw010200,emily touchstone
CLDP,3342,0W1,,11,,,1,,,,,,,,,,,,,,"Bonner, Deborah","Liu, Yilin",,,,,dbonner,deborah bonner
COMD,5340,0H1,,21,,,1,,,,,,,,,,,,,,"Neale, Hannah D","Sun, Minsi",,,,,hxp121030,hannah pourchot neale
COMD,6101,0W1,,,,,,,,,,,,,,,,,,11,"Aldridge, Michelle A",,,,,,lxl018300,
COMD,6106,0W1,,,,,,,,,,,,,,,,,,17,"Sale, Felicity F",,,,,,ffs013000,
COMD,6110,0W1,,,,,,,,,,,,,,,,,,12,"Kenedi, A Helen I",,,,,,kenedi,
COMD,6112,0W1,,,,,,,,,,,,,,,,,,15,"Walsh, Diane G",,,,,,dxg022000,diane walsh
COMD,6240,0U1,,10,,,,,,,,,,,,,,,,,"Touchstone, Emily W",,,,,,exw010200,emily touchstone
COMD,6320,0U1,,14,3,1,,,,,,,,,,,,,,,"Carter, Jessica A","Smith, Irma E",,,,,jar032000,
COMD,7303,0U1,,96,,,5,,,,,,,,,,,,,,"Kenedi, A Helen I","Reynolds, Jenny E",,,,,lxl018300,
COMD,7323,0U1,,8,,,7,,,,,,,,,,,,,,"Sweeney, Melissa H",,,,,,msweeney,
COMD,7V68,0U1,,38,,,,,,,,,,,,,,,,,"Sale, Felicity F",,,,,,ffs013000,
COMD,7V86,0U1,,41,,,,,,,,,,,,,,,,,"Rich, Judith B",,,,,,jbm014600,
COMD,7V86,0U2,,15,,,,,,,,,,,,,,,,,"Gollis, Christina R",,,,,,crm053000,christina gollis
COMD,7V89,0U1,,12,,,1,,,,,,,,,,,,,,"Walsh, Diane G",,,,,,dxg022000,diane walsh
COMM,1311,0H1,2,4,3,1,1,,,,,,,,,,,,,,"Tanner, Lari J",,,,,,aam141730,allison templeton
COMM,1311,0W1,,6,4,1,1,1,,,,,1,,2,,,,,,"Sova, Melodee L",,,,,,contemp,karen baynham
COMM,1311,0W2,16,2,,2,,,,,,,,,1,,,,,,"Saenz, Michael A",,,,,,aam141730,allison templeton
COMM,1311,0W3,,3,11,2,1,,1,,2,2,,,2,,,,,,"Fraley, James M",,,,,,aam141730,allison templeton
COMM,1315,0W1,6,5,2,1,,1,,,1,1,,,2,,,,4,,"Cannon, Charles",,,,,,jxw174630,jason warren
COMM,1315,0W2,3,3,2,2,1,,,,1,,,,1,,,,1,,"Skiles, Bradley W",,,,,,cxc190014,charles cannon
COMM,1315,0W3,1,1,,1,1,2,2,2,,1,1,,4,,,,2,,"Bromberg, Mike",,,,,,bws150030,bradley skiles
COMM,3352,0W1,6,4,3,3,1,,1,,,,,1,3,,,,,,"Johnson, Janet L",,,,,,jlj065000,janet johnson
COMM,4371,0W1,3,6,1,1,,,1,,,,,,,,,,,,"Mckee-Williams, Candie D",,,,,,cdm230002,candie mckee williams
CRIM,2316,0W1,,10,2,4,3,1,,1,,,,,1,,,,,,"Puddy, Haley N",,,,,,peo091000,elmer polk
CRIM,3301,0W1,10,12,17,4,1,,,,,,,,1,,,,,,"Chidozie, Eustace","Olszewski, Hailey",,,,,mxs158030,eustace chidozie
CRIM,3310,0W1,,15,5,5,2,,,,,,,,3,,,,,,"Lee, Insang","Yoon, Minyeong",,,,,spg160530,sarah gammell
CRIM,4311,0W1,,1,5,2,2,,,1,,,,,,,,,,,"Lee, Jaebom",,,,,,kds106020,kelli martin
CRIM,4396,051,,10,,,,,,,,,,,,,,,,,"Boots, Denise P",,,,,,dpb062000,denise boots
CRIM,4396,052,,11,,,,,,,,,,,,,,,,,"Worrall, John L",,,,,,jlw064000,john worrall
CRWT,2301,0W2,8,2,1,1,,,,,,,,,1,,,,1,,"Baker, Matthew W",,,,,,mwb190002,matthew baker
CRWT,3306,5W1,1,10,,,,,,,1,,,,,,,,,,"Martinez, Manuel L",,,,,,mlm160630,manuel martinez
CRWT,3354,0W1,,12,,,2,,,,,,,,,,,,,,"Goldberg, Paula",,,,,,pxg180023,paula goldberg
CRWT,3354,0W2,1,10,2,,,,,,,,,,1,,,,,,"Goldberg, Paula",,,,,,pxg180023,paula goldberg
CS,1325,0U1,1,2,1,2,5,,2,,,,,,1,,,,1,,"Chappidi, Sruthi","Mao, Ruiyu",,,,,mcp130030,mark paulk
CS,1337,0U2,2,4,,,5,3,,4,1,,2,,2,,,,,,"Gupta, Neeraj K","Yan, Xiao",,,,,kvl140030,khiem le
CS,2305,0U1,1,8,1,3,2,3,3,5,,,,,2,,,,2,,"Davis, Chris I","Kimbrell, Keegan M",,,,,rxf090020,ranran feng
CS,2336,5U1,3,10,2,4,1,,,4,,,,,,,,,,,"Khan, Kamran Z","Li, Xinpeng",,,,,kkhan,ziaullah khan
CS,2336,5U2,2,3,1,,4,2,2,2,,1,2,,2,,1,,,,"Chappidi, Sruthi","Mao, Ruiyu",,,,,sxc105920,sruthi chappidi
CS,2340,0U1,8,2,2,,4,1,2,1,4,,3,,3,,,,1,,"Karami, Gity","Rafieian, Mohammad",,,,,kjm160430,karen mazidi
CS,3341,0U1,,1,2,,6,1,4,2,1,,,,,,,,,,"Smiley, Octavious","Jannaty, Most Salma Y",,,,,tgw100020,tristan whalen
CS,3341,0U2,1,2,2,1,4,1,2,3,2,,,1,1,,,,,,"Guo, Huizhen","Mathew, Minu Maria",,,,,hxg190020,huizhen guo
CS,3345,0U1,1,2,2,4,8,8,2,5,3,,1,,2,,,,1,,"Zhao, Yi","Miah, Md Sanaullah","Hossain, Md Billal",,,,ozbirn,greg ozbirn
CS,3354,0U1,19,5,1,1,,,,1,,,,,,,,,,,"Nguyen, Tien N","Rong, Xiaokai",,,,,mxn143230,mehra borazjany
CS,3377,0W1,4,4,5,2,1,2,,,,,1,,,,,,,,"Dollinger, Scott M","Xu, Zexin",,,,,rkm010300,richard min
CS,3377,0W2,5,7,8,3,4,1,,,2,,3,,2,,,,,,"Dollinger, Scott M",Jishnu J,,,,,bxk101000,bhanu kapoor
CS,4141,6U1,3,7,5,1,1,,1,,1,,,,,,,,,,"Karami, Gity","Yan, Shuo",,,,,nhutnn,nhut nguyen
CS,4141,6U2,2,3,6,2,2,1,,,,,,,,,,,,,"Karami, Gity","Yan, Shuo",,,,,nhutnn,nhut nguyen
CS,4337,0U1,,5,3,2,8,2,4,4,,4,4,,3,,,,1,,"Zhao, Yi","Veerabathini, Mohit Vykuntham",,,,,cid021000,chris davis
CS,4341,0U1,11,3,5,5,9,2,5,2,4,,1,,1,,,,,,"Karami, Gity","Omidi, Zahra",,,,,nhutnn,nhut nguyen
CS,4347,0U1,12,6,5,7,7,6,6,4,6,,,,1,,,,,,"Omer, Jalal S","Malhotra, Brij Gulsharan","Mulka, Sai Tharun Reddy","Li, Shengjie",,,exc067000,ebru cankaya
CS,4348,0U1,6,4,7,1,3,,4,4,,,2,,,,,,,,"Omer, Jalal S","Malhotra, Brij Gulsharan","Li, Shengjie",,,,sxb155530,
CS,4348,0U2,1,3,,,4,6,5,8,,,1,,,,,,,,"Maweu, Barbara","Zhao, Yichen",,,,,axg173030,barbara maweu
CS,4349,0U1,1,3,7,3,3,3,1,1,5,,,,1,,,,,,"Chitturi, Bhadrachalam","Wu, Peilin",,,,,exc067000,ebru cankaya
CS,4352,0W1,,29,8,4,4,1,,,,,,,,,,,,,"Kumar, Pushpa S","Miao, Miao",,,,,edo042000,erika orrick
CS,4365,5U1,9,4,3,4,1,2,2,,,1,,,,,,,,,"Schweitzer, Haim","Song, Zihe","Mao, Wei",,,,kkhan,ziaullah khan
CS,4375,5U1,9,6,7,4,4,8,1,,,,,,,,,,1,,"Nagar, Anurag","Mao, Dongyu",,,,,kkhan,ziaullah khan
CS,4375,5U2,2,2,5,5,6,3,,7,4,,1,,1,,,,1,,"Khan, Kamran Z","Vyas, Akshay",,,,,kkhan,ziaullah khan
CS,4376,0U1,2,2,1,2,3,2,2,2,,,,,1,,,,,,"Chung, Lawrence","Alshomar, Ahmad",,,,,mcp130030,mark paulk
CS,4384,0U1,,6,6,7,6,6,6,5,1,,,,1,,,,,,"Davis, Chris I","Li, Congzhou",,,,,cshields,charles shields
CS,4384,0U2,,,1,,3,7,2,4,1,1,2,,6,,,,,,"Ntafos, Simeon C","Ou, Yuzhe",,,,,cid021000,chris davis
CS,4390,0U1,,9,4,6,6,11,,3,,,2,,1,,,,1,,"Prakash, Ravi","Nik Khah, Arman",,,,,kvl140030,khiem le
CS,4485,0W1,4,13,4,2,,,,,,,,,,,,,,,"Razo-Razo, Miguel Angel",,,,,,mrazora,miguel razo
CS,6301,0U1,,57,,,,,,,,,,,,,,,,,"Thuraisingham, Bhavani M","Saha, Pritom K",,,,,bxt043000,bhavani thuraisingham
CS,6346,0U1,,13,3,,1,,,,,,,,,,,,,,"Mittal, Neeraj","Hatfield, Cody R",,,,,nxm020100,neeraj mittal
CS,6350,0U1,,9,3,3,,,,,,,,,,,,,,,"Nagar, Anurag","Miah, Md Sanaullah",,,,,axn112530,anurag nagar
CS,6359,0U1,,12,,,,,,,,,,,,,,,,,"Nguyen, Tien N","Chen, Zizhao",,,,,mxn143230,mehra borazjany
CS,6364,0U1,,13,4,1,1,2,2,,,,,,,,,,,,"Schweitzer, Haim","Mao, Wei","Song, Zihe",,,,haim,haim schweitzer
CS,6367,0U1,,,3,2,3,2,1,1,,,,,,,,,,,"Paulk, Mark C","Chen, Zizhao",,,,,wew021000,weichen wong
CS,6375,MU1,,7,2,1,,,,,,,,,,,1,,,,"Nagar, Anurag",,,,,,axn112530,anurag nagar
DANC,1305,0W1,3,14,5,2,3,1,1,,1,,,,,,,,,,"Saba, Monica M",,,,,,msaba,monica saba
DANC,1310,0W1,8,17,,1,1,,,1,,,,,1,,,,,,"Johnson, Melissa A",,,,,,msaba,monica saba
DBUA,7415,SU1,,4,1,3,1,,,,,,,,,,,,1,,"Singh, Harpreet",,,,,,hxs104000,harpreet singh
ECON,2301,5U1,,3,2,3,3,1,,,,,,,,,,,,,"Lu, Yundi",,,,,,jxl190007,ji li
ECON,2302,0U2,,2,3,1,,3,1,1,2,,,,,,,,,,"Yu, Yiqun",,,,,,yxy220002,
ECON,3311,5U1,,7,3,1,,1,,,,,,,,,,,,,"Jin, Tong",,,,,,txj230001,
ECON,3312,0U1,5,3,,,2,,1,1,,,,,,,,,,,"Ma, Yuan","Hu, Taowen",,,,,yxm230011,
ECON,4381,0U1,2,2,1,1,3,3,3,,,1,,,,,,,,,"Kaufman, Jonathan A",,,,,,wcg071000,william grover
ECS,2390,051,5,5,,1,1,1,1,2,,,1,,1,,,,,,"Glauser, Janece B",,,,,,jbg130030,janece glauser
ECS,2390,052,9,8,1,1,,,,,,,,,,,,,,,"Mckee-Williams, Candie D",,,,,,cdm230002,candie mckee williams
ECS,2390,091,2,7,2,1,2,,1,1,1,,,,,,,,,,"Scally, Deborah A",,,,,,das,deborah scally
ECS,2390,0S1,1,10,6,2,1,,,,,,,,,,,,,,"King, Carie S",,,,,,cxr088000,christopher ryan
ECS,2390,0W1,,12,4,,2,,,1,,,,,,,,,,,"Mathur, Shivika",,,,,,cxr088000,christopher ryan
ECS,2390,0W2,4,4,4,1,,2,1,,,,1,,,,,,1,,"Johnson, Janet L",,,,,,cxr088000,christopher ryan
ECS,2390,0W3,6,6,,1,,1,,,3,,,,,,,,2,,"Johnson, Janet L",,,,,,cxr088000,christopher ryan
ECS,2390,591,,4,8,3,,2,1,,,,,,,,,,,,"Rheams, David C",,,,,,dcr093020,david rheams
ECSC,4078,0U1,,,,,,,,,,,,,,55,4,1,,,"Stewart, Mary Ann C",,,,,,mas051000,
ECSC,4V78,0U1,,,,,,,,,,,,,,16,,,,,"Stewart, Mary Ann C",,,,,,mas051000,
ECSC,5177,0U1,,,,,,,,,,,,,,,1,,,86,"Stewart, Mary Ann C",,,,,,jda071000,mary ann stewart
ECSC,5179,0U1,,,,,,,,,,,,,,,,,,10,"Stewart, Mary Ann C",,,,,,jda071000,mary ann stewart
EE,2301,0U1,9,,,,1,,2,2,,,,,,,,,,,"Fahimi, Babak","Shabab, Sarjana",,,,,bxf102000,babak fahimi
EE,2310,0U1,4,2,1,2,,1,1,,,,,,,,,,,,"Ahmed, Shaheen","Yao, Yifan","Qi, Tianxi",,,,txn190011,tooraj nikoubin
EE,3201,0U1,,2,1,3,3,,,3,,,,,,,,,,,"Kiasaleh, Kamran","Delaram, Zeinab","Abbasnia, Alma",,,,kamran,kamran kiasaleh
EE,3202,0U1,,5,4,1,,,2,3,,,,,,,,,,,"Kiasaleh, Kamran","Tayeb Naimi, Shideh","Kalakonda, Sai Pavan",,,,kamran,kamran kiasaleh
EE,3302,0H1,,1,1,4,4,5,1,4,,1,,1,3,,,,,,"Kehtarnavaz, Nasser","Reza, Sakib",,,,,nxk019000,nasser kehtarnavaz
EE,3310,0U1,5,6,2,1,1,,,,,,,,,,,,,,"Pourkamali Anaraki, Siavash","Ghosh, Prosenjit Kumar",,,,,jblee,jeong bong lee
EE,3311,0U1,4,3,1,2,2,,,3,,1,,,1,,,,,,"Pourkamali Anaraki, Siavash","Patil, Padmapriya",,,,,sxp124631,siavash pourkamali
EE,3320,0U1,1,7,2,1,,1,2,,1,,2,,,,,,,,"Nikoubin Boroujeni, Tooraj","Hashemi Esmaeilabad, Seyed Saeed",,,,,txn190011,tooraj nikoubin
EE,4205,0U1,1,9,2,,,,,,1,,,,3,,,,,,"Akin, Bilal","Sezer, Mustafa Murat","Rastegar, Mohammad","Afsari, Parisa","Mirzavand, Ghazal",,bxa123330,bilal akin
EE,4388,0U1,,12,,,,,,,,,,,,,,,,,"Tacca, Marco",,,,,,dinesh,dinesh bhatia
EE,4389,0U1,3,6,1,,1,,,1,1,,,,,,,,,,"Tacca, Marco",,,,,,dinesh,dinesh bhatia
EEBM,7V87,0W1,,15,2,,,,,,,,,,,,1,,,,"Tamil, Lakshman S",,,,,,laxman,lakshman tamil
EEGR,7010,0U1,,,,,,,,,,,,,2,,,,,23,"Kiasaleh, Kamran",,,,,,kamran,kamran kiasaleh
EEGR,8V40,104,,,,,,,,,,,,,,,,,,10,"Ghassemi, Mona",,,,,,mxg220059,mona ghassemi
EEMF,6372,5U1,,6,,2,5,,,,,,,,,,,,,,"Tinker, Mark T",,,,,,mtinker,mark tinker
EEOP,6314,0W1,,22,4,,,,,,,,,,,,,,1,,"Tamil, Lakshman S",,,,,,laxman,lakshman tamil
ENGR,2300,0H1,7,1,1,6,3,1,5,1,,1,,,2,,,,3,,"Al-Dhahir, Naofal M","Rana, Lila",,,,,nxa028000,naofal al dhahir
ENGR,3300,0U1,2,9,,3,7,4,4,11,1,,,1,,,,,,,"Ali, Mohammed Z","Qazi, Srijeet S","Parchamdar, Baharealsadat",,,,mohammed,ali mohammed
ENGR,3341,0U1,1,3,,2,,,1,1,1,,,2,,,,,,,"Fonseka, John P","Hewawaduge, Dhanushki B",,,,,kjp,john fonseka
ENTP,3301,0U1,1,5,10,9,1,1,,,,,,,4,,,,,,"Nichols, Paul M",,,,,,sxg172931,steven guengerich
ENTP,3360,0W1,,,5,2,3,,1,,,,,,,,,,1,,"Pedigo, Madison F",,,,,,mfp013000,madison pedigo
ENTP,4335,0W1,1,1,1,4,1,1,3,,,,,,,,,,1,,"Edsel, Alexander D",,,,,,ade012000,alexander edsel
ENTP,6370,0W1,,7,10,4,5,2,1,2,,,,,2,,,,1,,"Kimzey, Jackie R","Tan, Xiaowen",,,,,jxk092000,jackie kimzey
ENTP,6375,5U1,,,4,,3,1,,2,,,,,,,,,,,"Nichols, Paul M",,,,,,pxn120030,paul nichols
ENVR,2302,0W1,5,4,2,,1,,,1,,,,1,1,,,,,,"Adeuga, Adewole M","Ahmed, Md. Nakir",,,,,arc131030,anthony cummings
EPCS,2200,0U1,2,11,4,,,,,,,,,,,,,,,,"Turcatti, Andrea M",,,,,,jaa140030,jeanie aird
FILM,1303,0W1,8,3,3,,2,2,1,2,1,,,,3,,1,,1,,"Wellborn, Brecken H",,,,,,nma160130,brecken wellborn
FILM,2332,0W1,23,6,8,1,2,4,,2,,,,2,,,,,,,"Okwulogu, Maureen","Ogunniran, Gideon O",,,,,cxd190016,clayton dillard
FIN,3300,0W1,,38,,,11,,,7,,,2,,2,,,,,,"Lynch, Julie","Zhong, Yaxin",,,,,jxl180030,julie lynch
FIN,3320,0U1,5,1,4,5,8,4,7,3,,,2,,,,,,,,"Mace, Christopher","Liu, Jiabin",,,,,jxm158130,jeffrey manzi
FIN,3320,0U2,2,7,1,1,12,3,5,2,3,,,,,,1,,,,"Nguyen, Nam H",,,,,,jxm158130,jeffrey manzi
FIN,3320,0U3,3,5,3,2,4,1,2,1,1,,1,,2,,,,,,"Kurucak, Umit J",,,,,,sdp093020,
FIN,3320,5U1,4,9,5,8,5,4,3,1,,,,,,,,,,,"Hu, Jiawei",,,,,,mxf130830,mahdi fahimi
FIN,3360,0W1,,7,12,6,5,1,,2,,,,,1,,,,,,"Pedigo, Madison F",,,,,,mfp013000,madison pedigo
FIN,3370,0U1,2,2,5,1,2,1,,1,2,1,1,1,,,,,,,"Kaplan, Larry S",,,,,,dlr150330,debra richardson
FIN,3390,0U1,,6,3,2,2,4,6,,3,3,1,,2,,,,,,"El-Ashmawi, Amal H",,,,,,ahe013000,amal el ashmawi
FIN,4080,091,,,,,,,,,,,,,,46,,1,,,"Nishi, Hirofumi",,,,,,sdp093020,
FIN,4080,0U1,,,,,,,,,,,,,,48,,,,,"Nishi, Hirofumi",,,,,,hxn210016,hirofumi nishi
FIN,4300,0U1,1,3,5,1,1,,,,,,,,,,,,,,"Liu, Zheng",,,,,,swx170030,
FIN,4310,0U1,10,3,1,1,3,,,,,,,1,,,,,1,,"Hamzeh, Alireza",,,,,,jrm160330,jennifer murray
FIN,4V80,0U3,,,,,,,,,,,,,,25,,,,,"Nishi, Hirofumi",,,,,,hxn210016,hirofumi nishi
FIN,4V80,593,,,,,,,,,,,,,,24,,,,,"Nishi, Hirofumi",,,,,,hxn210016,hirofumi nishi
FIN,6301,0W1,,18,6,2,2,2,2,2,,,,,3,,1,,,,"Nishi, Hirofumi","Ghorbani, Elham",,,,,tday,theodore day
FIN,6301,CW1,,36,,,,,,,,,,,,,,,,,"Minch, Lauren",,,,,,,lauren minch
FIN,6301,XU1,,14,2,1,1,,,,,,,,,,,,,,"Reichert, Carolyn A",,,,,,carolyn,carolyn reichert
FIN,6307,0W1,,6,2,,,4,,1,,,,,,,,,,,"Ma, Liping","Fan, Lin",,,,,lxm133730,liping ma
FIN,6308,0W1,,6,3,3,,1,,,,,,,,,,,,,"Lewin, Peter","Mei, Zhiming",,,,,plewin,peter lewin
FIN,6321,0W1,,23,1,2,1,,,,,,,,,,,,,,"Lynch, Julie","Zhong, Yaxin",,,,,jxl180030,julie lynch
FIN,6352,5U1,,2,4,4,1,1,2,,,,,,,,,,,,"Davis, Richard L",,,,,,spring8,david springate
FIN,6V98,0U1,,,,,,,,,,,,,,,,,,19,"Reichert, Carolyn A",,,,,,carolyn,carolyn reichert
FTEC,6V90,FW1,,,,,,,,,,,,,,,1,,,13,"Scott, James",,,,,,jas076100,james scott
GEOG,2302,0W1,3,2,3,1,,1,,,,1,,,,,,,,,"Adeuga, Adewole M","Ahmed, Md. Nakir",,,,,arc131030,anthony cummings
GEOG,2303,0W1,,2,4,2,3,,1,,,1,,,,,,,,,"Davenport, Miranda J","Dong, Fangchao","Rahman, Mahbubur",,,,mtr018000,
GEOS,3300,0S1,,4,3,1,1,3,,,,,,,,,,,,,"Sickmann, Zachary","Butler, Kristina L",,,,,jwg102020,john geissman
GEOS,4300,0S1,2,6,2,1,1,,,,,,,,,,,,,,"Sickmann, Zachary","Igonin, Nadine","Castillo Taborda, Emmanuel David","Abayomi, Ayodele A",,,mxp180004,mortaza pirouz
GOVT,2305,0U1,3,10,8,2,2,2,,3,1,,,,,,,,,,"Widner, Katie","Minoura, Haruna","Chang, Gary","Wang, Ariel A","Bin Kamal, Md Khalid",,jgc130130,
GOVT,2305,0U2,1,6,5,4,1,,,,,,,,,,,,,,"Singh, Sonali","Sarker, Poulami","Hoque, Rafsanul","Mir Akhmadova, Musharraf",,,rjl140330,ryan lux
GOVT,2306,0U1,24,10,4,1,,2,,,,,,,,,,,,,"Islam, Maria",,,,,,ckc150230,maria islam
GOVT,2306,0U2,15,6,2,1,1,,,,,,,,,,,,,,"Zhao, Xingyuan",,,,,,cxg172030,carlos gutierrez mannix
HIST,1301,0W1,23,82,2,10,11,1,2,2,1,1,2,,2,,,,,,"Pettengill, Ryan S","Sadeghi, Maryam","Akhighu, Odegua M",,,,jxs072200,jeffrey schulze
HIST,1302,0W1,11,15,21,5,3,5,2,2,1,,1,1,3,,,,,,"Schulze, Jeffrey M","Gee, Taylor N",,,,,sdk200001,shulamith kang
HIST,4344,0W1,1,4,8,9,2,,,1,,,,,,,,,,,"Pfister, Debra H",,,,,,dhpf,debra pfister
HLTH,1301,0W1,4,14,5,5,2,,,,,,,,,,,,,,"Goudy, Leah S",,,,,,cxb170330,claire baetge
HLTH,3300,0U1,,,8,6,10,13,3,6,8,,4,,,,,,1,,"Byrnes, Kathleen A",,,,,,kab019000,kathleen byrnes
HLTH,4304,0U1,,16,1,1,3,2,,,,,,,,,,,,,"Byrnes, Kathleen A",,,,,,kab019000,kathleen byrnes
HMGT,3301,5W1,,44,,,1,,,,,,,,,,,,,,"Aubrey, Lea E",,,,,,lec110030,lea aubrey
HMGT,4090,091,,,,,,,,,,,,,,12,,,,,"Hashim, Nada",,,,,,,nada hashim
HMGT,6320,0W1,,26,8,2,1,,,,,,,,1,,,,,,"Warren, DeVontae",,,,,,fwf081000,forney fleming
HMGT,6321,CH1,,21,,,,,,,,,,,,,,,,,"Ghosh, Anne F",,,,,,,anne ghosh
HMGT,6325,0W1,,24,5,1,,1,,,,,,,1,,,,,,"Stephens, Timothy G",,,,,,tgs170130,timothy stephens
HMGT,6331,5U1,,18,,1,,,,,,,,,,,,,,,"Malaise, Michael",,,,,,mhm130430,michael malaise
HMGT,6403,AH1,,48,1,,,,,,,,,,,,,,,,"Mccracken, John F","Convery, Paul","Taylor, Donald E",,,,,john mccracken
HMGT,6411,AH1,,41,1,,,,,,,,,,,,,,,,"Adatto, Bradford","Taylor, Donald E","Convery, Paul",,,,,bradford adatto
HMGT,6412,AH1,,15,,,,,,,,,,,,,,,,,"Taylor, Donald E",,,,,,det190000,donald taylor
HONS,4098,HN1,,,,,,,,,,,,,,32,,,,,"Skinner, Donal C",,,,,,dcs220007,donal skinner
HUMA,1301,0S1,20,1,,,,,,,,,,,,,,,,,"Warren, Shilyh J",,,,,,sjw120030,shilyh warren
IMS,3310,0U1,2,21,,12,14,1,5,,,,2,,2,,2,,,,"Henderson, Thomas C",,,,,,xxl133730,
IMS,6360,0W1,,15,15,11,12,5,1,,,,,,,,,,,,"Skuza, Agnieszka","Kim, Hwayoung",,,,,kxs014600,kurt siklar
IMS,6365,AW1,,18,1,2,,1,,,,,,,,,,,,,"Dowse, Eileen",,,,,,,eileen dowse
ISNS,2359,0W1,54,17,5,3,6,7,2,5,4,,,1,2,,,,2,,"Pujana, Ignacio","Karimi, Fatemeh",,,,,pxs077000,prabin shilpakar
ISNS,2367,0W1,32,35,10,2,8,6,3,2,3,,,,,,,,3,,"Pujana, Ignacio","Karimi, Fatemeh",,,,,pujana,ignacio pujana
ITSS,3300,5U1,,23,12,5,10,3,4,2,,,2,1,1,,,,,,"Owens, Sean M","Wei, Ning",,,,,jxs124931,
ITSS,3311,5U1,,2,3,4,4,1,,1,,,,1,1,,,,,,"Maru, Vatsal K","Aksoy, Ozgur",,,,,yxk130930,yeongin kim
ITSS,4090,091,,,,,,,,,,,,,,145,,,,,"Stephens, Timothy G",,,,,,bxk162230,timothy stephens
ITSS,4090,0U1,,,,,,,,,,,,,,85,,,,,"Stephens, Timothy G",,,,,,tgs170130,timothy stephens
ITSS,4300,5U1,,3,13,6,5,7,2,4,3,1,1,,1,,,,,,"Ceverha, Paul W","Sreeramareddy, Keerthana",,,,,dmo130130,dawn owens
ITSS,4330,5U1,2,1,4,4,10,6,7,9,4,,2,,1,,1,,,,"Khan, Taimur A","Zhu, Yan",,,,,nxi110630,naser islam
ITSS,4351,5U1,,1,11,9,9,4,1,2,2,,2,,2,,,,,,"Ceverha, Paul W","Sreeramareddy, Keerthana",,,,,gxs150130,gaurav shekhar
ITSS,4352,5U1,,,2,6,,6,3,1,1,,1,,1,,,,,,"Neal, Angela","Zhu, Yan",,,,,aan052000,angela neal
ITSS,4360,5U1,2,1,2,3,1,2,1,4,2,,,,,,,,,,"Ginevich, Rostislav A",,,,,,ndt180001,nambi thirumalai
ITSS,4370,5U1,3,6,2,5,15,8,3,2,1,,,,1,,,,,,"Young, John G",,,,,,jgy190000,john young
ITSS,4371,0W1,10,9,4,8,4,1,,1,,,2,,2,,,,,,"Calisir, Engin","Yang, Yunxuan M",,,,,exc030100,engin calisir
ITSS,4381,5U1,3,7,7,16,7,,1,,1,,,1,,,,,,,"Chen, Luoying",,,,,,vkm220000,vatsal maru
LANG,3348,0S1,,3,5,5,5,1,,,1,,,,,,,,,,"Hoki, Chieko",,,,,,cxh190009,chieko hoki
LIT,1301,0W1,17,5,4,5,,1,,2,,,,,,,,,1,,"Ingrao, Peter J",,,,,,jingrao,peter ingrao
LIT,4348,0W1,4,2,2,,,,,,1,,,,1,,,,,,"Camacho Guardado, Amalia Lorena",,,,,,lxc163230,amalia lorena camacho guardardo
MAS,6102,051,,,,,,,,,,,,,,,,,,21,"An, Constance",,,,,,nxj121730,neil johnson
MAS,6V98,0U1,,,,,,,,,,,,,,,,,,26,"Widdifield, David S","Fierst, John","Alborz, Shawn",,,,dsw180001,david widdifield
MATH,1314,0S1,4,,2,3,1,,1,,,,,2,,,,,,,"Alvarado, Iris","Uddin, Md. Joshem",,,,,ila180000,iris alvarado
MATH,1325,0U1,1,3,1,1,3,2,1,,1,,1,1,3,,,,,,"Mussa, Derege H",,,,,,hxg190020,huizhen guo
MATH,1325,551,1,1,2,,,2,1,1,,,,,3,,,,1,,"Patel, Jigarkumar S","Taher, Samia",,,,,jsp061000,jigarkumar patel
MATH,1326,0U1,1,5,1,5,2,1,2,3,5,,3,,,,,,1,,"Koshevnik, Yuly","Hoang, Ngoc T","Chakraborty, Sayoni",,,,cxl109120,changsong li
MATH,2312,0U1,5,1,1,1,1,,,2,,,,,,,,,,,"Duruoha, Adannah","Harikumar, Rohin",,,,,kxa143530,kelly aman
MATH,2413,051,1,2,4,,2,,,1,,2,,,1,,,,,,"Akbar, Mohammad M","Akter, Rozina","Neupane, Yubaraj",,,,rxd153030,rabin dahal
MATH,2413,0U1,1,1,,1,1,,,3,1,2,,6,3,,,,1,,"Liu, Runzhou",,,,,,mma110020,mohammad akbar
MATH,2414,091,1,1,4,2,5,,,1,1,1,1,,,,,,,,"Dahal, Rabin",,,,,,kxa143530,kelly aman
MATH,2414,0U1,3,1,1,4,5,2,3,2,7,1,1,2,1,,,,1,,"Paudel, Ajaya B",,,,,,kxa143530,kelly aman
MATH,2414,0U2,3,1,5,4,1,4,,,2,1,1,2,1,,,,,,"Rakotomalala, Diarisoa Mihaja Andriamanisa",,,,,,kxa143530,kelly aman
MATH,2415,0U2,,2,2,,,,2,1,,,,,4,,,,,,"Aman, Kelly C",,,,,,mma110020,mohammad akbar
MATH,2417,0U1,,,,1,,2,1,1,1,,,,5,,,,,,"Ahsan, Mohammad K","Anaab, Judith","Ahmed, Ishtiaque",,,,mka120030,mohammad ahsan
MATH,2418,0U1,2,1,3,4,2,1,1,1,1,,1,,2,,,,,,"Makhijani, Neha",,,,,,rxd153030,rabin dahal
MATH,2418,0U2,1,,,1,2,2,1,2,1,1,,,5,,,,2,,"Murza, Adrian C",,,,,,rxd153030,rabin dahal
MATH,2419,0U1,,1,,,,2,2,,5,,,,,,,,,,"Eydelzon, Anatoly","Zafar, Safi Ur Rahman","Zhu, Weixi",,,,axe031000,anatoly eydelzon
MATH,2420,0U1,2,3,2,3,2,1,2,1,4,,2,,,,,,,,"Makarenkov, Oleg",,,,,,vish,viswanath ramakrishna
MATH,2420,0U2,1,,,2,2,2,1,1,1,,1,,,,,,1,,"Biswas, Saikat",,,,,,sxb230137,saikat biswas
MATH,3310,0U1,1,6,7,2,1,,1,,,,,,,,,,,,"Dabkowski, Malgorzata A","Andrianandrasana, Nambinintsoa",,,,,mkd034000,mieczyslaw dabkowski
MATH,3351,0U1,3,4,5,3,3,1,1,1,1,,,2,1,,,,1,,"Ramakrishna, Viswanath","Murad, Mohammad Hassan","Mrad, Preskella",,,,axe031000,anatoly eydelzon
MATH,4301,0U1,1,1,1,,4,3,1,,1,,,,,,,,1,,"Dabkowski, Mieczyslaw K","Sarkar, Soham",,,,,mkd034000,mieczyslaw dabkowski
MECH,2310,051,,1,2,2,1,,,1,1,2,,2,1,,,,,,"Thamban, P L Stephan",,,,,,stephan,p l stephan thamban
MECH,2330,051,,1,1,1,,2,2,2,1,1,,,1,,,,,,"Thamban, P L Stephan",,,,,,stephan,p l stephan thamban
MECH,3105,1W1,2,4,1,5,1,,,,2,1,1,,,,,,,,"Rios, Oziel",,,,,,oxr106020,oziel rios
MECH,3305,0W1,,4,3,3,3,3,2,1,,,,,,,,,1,,"Rios, Oziel",,,,,,dzf091000,dani fadda
MECH,3315,0W1,1,5,3,1,,,,,,,,,,,,,,,"Anderson, William C",,,,,,wca140030,william anderson
MECH,3320,0W1,1,1,3,3,4,4,3,8,3,1,1,,2,,,,,,"Fadda, Dani Z",,,,,,xxd161630,xianming dai
MECH,3340,0W1,,,5,6,6,7,2,,4,,,1,,,,,,,"Rios, Oziel",,,,,,wxp103020,wooram park
MECH,3350,0W1,1,3,3,4,6,3,1,2,2,,,,,,,,,,"Park, Wooram",,,,,,wxp103020,wooram park
MECH,3351,0W1,,3,2,1,2,3,1,,2,,,,,,,,,,"Malik, Arif S",,,,,,jcw140130,james wilt
MECH,4340,0W1,,7,5,4,3,3,4,5,1,,,,,,,,2,,"Park, Wooram",,,,,,wxp103020,wooram park
MECH,4375,0W1,,4,,,16,,,16,,,,,1,,,,,,"Summers, Joshua D",,,,,,jxs200065,joshua summers
MECH,4381,0U1,,,5,11,15,5,,,,,,,,,,,,,"Hart, Robert A",,,,,,rxh124630,robert hart
MECH,4382,0U1,,8,8,8,5,,,3,,,,,,,,,,,"Fadda, Dani Z",,,,,,rxh124630,robert hart
MECH,6331,0W1,,5,,,4,,,,,,,,,,,,2,,"Summers, Joshua D",,,,,,jxs200065,joshua summers
MECH,7099,0U1,,,,,,,,,,,,,,,,,,10,"Stewart, Mary Ann C",,,,,,,mary ann stewart
MECO,6303,0W1,,11,3,2,6,1,4,2,,,,,1,,,,1,,"Lewin, Peter","Mei, Zhiming",,,,,plewin,peter lewin
MECO,6303,AW1,,26,3,1,1,1,,,,,,,,,,,,,"Kiser, Stephen L",,,,,,slk012100,stephen kiser
MIS,6009,0U1,,,,,,,,,,,,,,,,,,67,"Bellamy, Michelle",,,,,,mxb240062,michelle bellamy
MIS,6308,0W1,,3,4,5,13,,,,,,,,1,,,,2,,"Raghunathan, Srinivasan","Wei, Ning",,,,,sraghu,srinivasan raghunathan
MIS,6313,0W1,,13,16,10,10,3,2,1,,,,,1,,1,,,,"Hefley, William E","Cai, Shuzhang",,,,,sumit,sumit sarkar
MIS,6313,CW1,,5,,7,1,,,1,,,,,,,,,,,"Rhoades, Mike",,,,,,,mike rhoades
MIS,6313,GW1,,24,7,7,5,,,1,,,,,1,,,,1,,"Wiant, Russell",,,,,,,russell wiant
MIS,6326,0W1,,4,3,3,2,,,,,,,,,,,,,,"Ryu, Young U","Li, Baorui",,,,,ryoung,young ryu
MIS,6330,5U1,,,4,4,3,,,,,,,,,,,,,,"Shroff, Tejas N","Joseph, Shailender",,,,,nxh141030,nate howe
MIS,6344,0W1,,2,1,5,2,1,,,,,,,,,,,,,"Mehra, Amit","Yang, Yunxuan M",,,,,axm078200,amit mehra
MIS,6363,0W1,,13,7,6,3,2,,1,,,,,1,,,,1,,"Calisir, Engin","Yang, Yunxuan M",,,,,exc030100,engin calisir
MIS,6380,GW1,,13,,,,,,,,,,,,,,,,,"Ayres, Jeffrey A",,,,,,jaa014500,jeffrey ayres
MIS,6382,5W1,,3,3,3,2,1,,,,,,,,,,,,,"Neouchi, Rabih","Li, Baorui",,,,,rxn200012,rabih neouchi
MIS,6393,5U1,,4,4,1,,1,,,,,,,,,,,,,"Bose, Ashim","Sreeramareddy, Keerthana",,,,,axb230208,ashim bose
MIS,6V98,0U1,,,,,,,,,,,,,,,,,,20,"Bellamy, Michelle",,,,,,mxb240062,michelle bellamy
MKT,3300,0U1,7,7,10,9,2,1,,,,,,,,,,,,,"Lim, Taewook",,,,,,jmg171130,jerome gafford
MKT,3300,0W1,,10,8,9,11,3,3,,,,,1,1,,,,,,"Wu, Fang","Zhang, Weiheng",,,,,pxp030100,parneet pahwa
MKT,3330,0U1,2,2,4,,1,5,,3,1,,,1,,,,,1,,"Amirpour, Semiramis","Pain, Krishnendu",,,,,sxa130731,semiramis amirpour
MKT,4090,091,,,,,,,,,,,,,,23,,,,,"Haworth, Julie B",,,,,,haworth,julie haworth
MKT,4090,0U1,,,,,,,,,,,,,,16,,,,,"Haworth, Julie B",,,,,,haworth,julie haworth
MKT,4330,0W1,2,11,8,2,2,9,2,2,,,,1,,,,,,,"Edsel, Alexander D",,,,,,ade012000,alexander edsel
MKT,4334,5U1,6,16,1,2,2,1,,,,,,,1,,,,,,"Mabruk, Zayd N",,,,,,sxp158130,sandra pacyna
MKT,4360,5U1,6,21,16,6,2,2,,1,1,,,,,,,,,,"Johnson, Quincy",,,,,,nxf051000,neil farquharson
MKT,4V90,0U3,,,,,,,,,,,,,,18,,,,,"Haworth, Julie B",,,,,,haworth,julie haworth
MKT,4V90,593,,,,,,,,,,,,,,11,,,,,"Haworth, Julie B",,,,,,haworth,julie haworth
MKT,6301,0W1,,5,16,5,9,2,4,1,,,,,1,,,,,,"Biswas, Abhijit","Kim, Changwon","Li, Peihan",,,,axb019100,abhijit biswas
MKT,6301,MBP,,7,2,12,3,,,,,,,,,,,,,,"Rajaratnam, Daniel",,,,,,dxr143430,daniel rajaratnam
MKT,6301,XU1,,12,2,1,,,,,,,,,,,,,,,"Reichmuth, Gary",,,,,,,gary reichmuth
MKT,6321,0W1,,6,,4,8,3,1,,,,,,,,,,1,,"Edsel, Alexander D",,,,,,ade012000,alexander edsel
MKT,6332,0W1,,4,4,4,5,1,3,1,,,,,,,,,,,"Biswas, Abhijit","Li, Peihan",,,,,axb019100,abhijit biswas
MKT,6339,0W1,,,1,5,3,2,,,,,,,,,,,,,"Rajaratnam, Daniel",,,,,,dxr143430,daniel rajaratnam
MUSI,1306,0W1,13,6,2,2,1,1,,1,,,,,2,,,,,,"Rushing, Katrina C",,,,,,ljs130230,linda salisbury
NATS,5100,091,,,,,,,,,,,,,,,,,,10,"Krawietz, Paul",,,,,,pxk210042,
NSC,3361,0U1,1,1,1,2,3,,,3,,,,1,,,,,,,"Raboune, Siham","Ashshareef, Salma","Vahid, Maedeh",,,,sxm127330,steven mcwilliams
NSC,3361,0U2,,5,,,4,,,3,,,,,1,,,,2,,"Granja Vazquez, Rafael",,,,,,amt180004,anna taylor
NSC,3361,0W1,,3,5,2,6,5,1,2,4,,,,1,,,,1,,"McWilliams, Steven P",,,,,,sxm127330,steven mcwilliams
NSC,4320,0W1,21,1,4,,,1,,,1,1,,,,,,,,,"Jahangiri, Faisal R",,,,,,mxm210090,mohsin maqbool
NSC,4351,0W1,,16,,,5,,,1,,,,,,,,,,,"Granja Vazquez, Rafael",,,,,,sms170009,safiullah shareef
NSC,4351,0W2,,14,,,2,,,4,,,1,,,,,,,,"Granja Vazquez, Rafael",,,,,,rxg144430,rafael granja vazquez
NSC,4352,0U1,3,,3,4,1,2,,,2,1,,,,,,,,,"Raboune, Siham","Kim, Minsung","Yang, Ke",,,,rxs170431,rukhsana sultana
NSC,4356,0U1,,6,,,1,,,2,,,,,,,1,,,,"Sultana, Rukhsana",,,,,,rxs170431,rukhsana sultana
NSC,4363,0W1,,9,,,8,,,,,,,,,,,,,,"Raboune, Siham",,,,,,sxr180071,siham raboune
NSC,4364,0W1,6,30,6,,,,,,,,,,,,,,1,,"Shareef, Safi Ullah",,,,,,sms170009,safiullah shareef
NSC,4366,0W1,4,6,5,1,,1,1,2,,,2,,,,,,1,,"Taylor, Anna M","Krauth, Melissa","Porras, Abi",,,,amt180004,anna taylor
NSC,4377,0W1,1,14,3,2,1,1,,1,,,,,,,,,1,,"Marks, William","Mendez, Skylar A","Nematgorgani, Shiva",,,,wxm180005,william marks
NSC,4382,0W1,23,3,3,3,,,1,,,,,1,,,,,,,"Jahangiri, Faisal R",,,,,,amoller,aage moller
OB,6249,CW1,,18,,,,,,,,,,,,,,,1,,"Hicks, Robert F",,,,,,,robert hicks
OB,6253,CW1,,,,,,,,,,,,,,,3,,,31,"Hicks, Robert F",,,,,,,robert hicks
OB,6301,0W1,,18,10,7,3,5,,1,,,,,,,,,1,,"Hasenhuttl, Maria","Jiang, Rui",,,,,ziegler,laurie ziegler
OB,6331,CH1,,25,,,,,,,,,,,,,1,,,,"Hasenhuttl, Maria",,,,,,h1562,maria hasenhuttl
OB,6331,CW1,,29,,,1,,,1,,,,,1,,,,1,,"Hasenhuttl, Maria",,,,,,h1562,maria hasenhuttl
OB,6344,CW1,,40,,3,1,1,,,,,,,,,,,,,"Norton, Larry W",,,,,,,larry norton
OB,6348,CW1,,22,1,,,,,1,,,,,,,,,,,"Narro, Amber J",,,,,,,amber narro
OB,6348,CW2,,15,1,1,,,,,,,,,1,,1,,,,"Narro, Amber J",,,,,,,amber narro
OB,6351,CW1,,14,2,1,1,,,,,,,,,,,,1,,"Warner, Lizette",,,,,,,lizette warner
OB,6352,CW1,,31,2,,1,,,,,,,,,,,,,,"Warner, Lizette",,,,,,,lizette warner
OB,6358,GW1,,5,5,2,,,,,,,,,,,,,,,"Vohra, Atul",,,,,,,atul vohra
OB,6382,CW1,,18,2,,1,,,,,,,,,,,,,,"Plaisance Bryan, Suzette T",,,,,,,suzette plaisance bryan
OB,6382,CW2,,20,,1,1,,,,,,,,,,,,,,"Plaisance Bryan, Suzette T",,,,,,,suzette plaisance bryan
OB,6384,CW1,,21,2,,1,,,1,,,,,,,,,,,"Honeycutt, James",,,,,,,james honeycutt
OBHR,3310,5U1,,2,4,3,8,11,1,,6,,,,,,,,,,"An, Constance",,,,,,hxn130630,huy nguyen
OBHR,3330,5U1,5,14,10,2,4,5,2,,1,,,,,,,,,,"Green, Rhonda R","Guo, Suifang",,,,,dja180003,dale albrecht
OBHR,4300,0W1,41,8,2,2,,,1,,,,,,,,,,1,,"Edgington, Kyle D",,,,,,kde081000,kyle edgington
OPRE,3310,0U1,2,8,6,4,5,7,5,7,,,2,,1,,,,1,,"Bu, Like",,,,,,xxs130630,xi shan
OPRE,3310,0W1,26,12,6,3,,1,,,,,,,1,,,,,,"Widdifield, David S",,,,,,gxd052000,eugene deluke
OPRE,3310,5U1,7,7,4,10,4,3,3,2,2,,2,,,,,,,,"Farzaneh, Mohammad Amin",,,,,,yxc121130,ying cao
OPRE,3330,5W1,16,1,1,,2,,,,,,,,,,,,,,"Flores, Juan",,,,,,dal333698,
OPRE,3333,0U1,3,1,2,2,5,4,5,5,2,,,1,3,,,,,,"Whalen, Tristan G","Sharma, Rahul","Shahsavand, Parisa",,,,meb049000,monica brussolo
OPRE,3333,0W1,1,12,2,,2,3,6,2,3,,,,11,,,,5,,"Enayaty Ahangar, Negin","Pandey, Amit Kumar",,,,,axa134231,athena alimirzaei
OPRE,3333,0W2,1,7,4,3,4,8,1,2,2,1,4,,4,,,,3,,"Enayaty Ahangar, Negin","Pandey, Amit Kumar",,,,,axa134231,athena alimirzaei
OPRE,3360,0U1,12,8,3,5,7,8,3,6,3,1,1,1,2,,,,2,,"Whalen, Tristan G","Sharma, Rahul","Shahsavand, Parisa",,,,axa134231,athena alimirzaei
OPRE,3360,0W1,13,12,7,12,11,5,2,2,,2,,1,1,,,,,,"Ahadi, Khatereh","Chen, Qiuxia","Ghosh, Pramit",,,,flannery,carol flannery
OPRE,4090,091,,,,,,,,,,,,,,26,,,,,"Brussolo, Monica E",,,,,,meb049000,monica brussolo
OPRE,4090,0U1,,,,,,,,,,,,,,12,,,,,"Brussolo, Monica E",,,,,,cxk162830,
OPRE,6009,091,,,,,,,,,,,,,,,,,1,12,"Widdifield, David S","Alborz, Shawn",,,,,dsw180001,david widdifield
OPRE,6009,0U1,,,,,,,,,,,,,,,,,,19,"Widdifield, David S","Fierst, John","Alborz, Shawn",,,,dsw180001,david widdifield
OPRE,6301,0W1,,11,10,4,5,4,1,6,,,,,,,1,,4,,"Leach, Sonia E","Marar, Abhijit",,,,,flannery,carol flannery
OPRE,6302,0W1,,7,11,15,3,,,,,,,,,,,,,,"Wang, Guihua","Yan, Tianyu",,,,,milind,milind dawande
OPRE,6302,MBP,,6,11,4,3,,,,,,,,,,,,,,"Subramoniam, Ramesh","Wei, Jiarui",,,,,rxs179630,ramesh subramoniam
OPRE,6364,0W1,,5,9,7,2,,,,,,,,,,,,1,,"Rajamani, Divakar","Ghosal, Shayak",,,,,kxr087000,kannan ramanathan
OPRE,6364,PW1,,11,2,1,,,,,,,,,,,,,,,"Rajamani, Divakar",,,,,,dxr020100,divakar rajamani
OPRE,6378,5W1,,25,1,1,,,,,,,,,,,,,,,"Widdifield, David S",,,,,,dsw180001,david widdifield
OPRE,6379,PW1,,6,5,1,,,,,,,,,,,,,,,"Rajamani, Divakar",,,,,,dxr020100,divakar rajamani
OPRE,6V98,0U1,,,,,,,,,,,,,,,,,,12,"Widdifield, David S","Fierst, John","Alborz, Shawn",,,,meb049000,monica brussolo
PA,4345,0U1,10,,,,,,,,,,,,,,,,,,"Lee, Moonsoo","Habib, Salman Bin","Sipos, Savannah M",,,,axz180016,
PA,4351,0U1,,14,,,4,,,2,,,,,,,,,,,"Mulumba Katchy, Josue","Zeraatpisheh, Abdollah","Wicker, Brandy M",,,,rxa164430,josue mulumba katchy
PA,4370,0U1,6,4,,,,2,,1,,,,2,,,,,,,"Pavel, Md Eyasin Ul Islam","Parijat, Nabila","Parker, Kayla M",,,,nxs200001,namrta sharma
PA,6311,0W1,,14,,,1,,,,,,,,,,,,,,"Morris, Charles G",,,,,,mxs095000,meghna sabharwal
PA,6369,5U1,,14,,1,1,,,1,,,,,,,,,1,,"Hutcheson, Patricia L",,,,,,jrm094020,john mccaskill
PA,6399,551,,19,,,,,,,,,,,,,,,,,"Benavides, Teodoro J",,,,,,tjb051000,teodoro benavides
PA,8330,HN1,,35,4,2,1,,,,,,,,,,,,,,"Shute, William H","Skinner, Donal C",,,,,whs170030,
PA,8331,HN1,,33,6,1,2,,,,,,,,,,,,,,"Aitken, Allison D","Badu-Nimako, Yvette","Gordon, Waverly","Warbrick, Malcolm","Nugent, Mary","Skinner, Donal C",mlc140530,
PA,8332,HN1,,,,,,,,,,,,,,,,,,42,"Diascro, Jennifer","Skinner, Donal C",,,,,mlc140530,
PHIL,1301,0W1,3,15,15,4,1,4,1,1,1,,,,2,,,,2,,"Campos, Laura Graciela",,,,,,laa062000,lawrence amato
PHYS,1101,1U1,22,4,,,,,,,,,,,,,,,,,"Khan, Amena L","Kapte, Isha Sunil",,,,,axk140130,amena khan
PHYS,1102,1U1,5,12,2,1,,,,,,,,,1,,,,1,,"Mac Alevey, Paul J","Crawford, John A",,,,,paulmac,paul macalevey
PHYS,1102,1U2,2,6,2,,,,,,,,,,,,,,,,"Mac Alevey, Paul J","Palos, Rylee K",,,,,paulmac,paul macalevey
PHYS,1301,0U1,13,7,3,1,2,,,1,,2,,,,,,,1,,"Khan, Amena L","Gonzalez, Kristian E","Dashti, Farbod",,,,jds107020,jason slinker
PHYS,1302,0H1,3,1,4,2,4,,,1,,,1,,1,,,,,,"Kadala, Roger H","Arabiat, Aya H","Kader, Md Joadul",,,,rxk220001,roger kadala
PHYS,1302,0W1,6,8,5,,1,,,,,,,,,,,,1,,"Malko, Anton","Ryan, Conor",,,,,kxs147030,kuei sun
PHYS,2125,1U1,5,10,,1,,,,,,,,,,,,,,,"Khan, Amena L","Imran, Tuhin Muhammad",,,,,kxs147030,kuei sun
PHYS,2125,1U2,7,3,2,,,,,,,1,,,,,,,,,"Khan, Amena L","Koirala, Babita",,,,,kxs147030,kuei sun
PHYS,2126,1U1,4,10,2,2,,,,1,,,,,,,,,,,"Mac Alevey, Paul J","Neubauer, Brennan B","Awoyinka, Tunde D",,,,paulmac,paul macalevey
PHYS,2126,1U2,5,8,5,3,1,,,,,,,1,,,,,,,"Mac Alevey, Paul J","Neubauer, Brennan B",,,,,paulmac,paul macalevey
PHYS,2325,0H1,14,,3,,,1,1,,,,,,1,,,,,,"Goncalves Pinheiro, Alexandre","Rezvani, Sina","Heng, Jian",,,,jds107020,jason slinker
PHYS,2325,0H2,13,1,1,,,,1,,,,,,1,,,,,,"Goncalves Pinheiro, Alexandre","Niloy, Md Shaid Hasan","Rippentrop, Travis S",,,,mxi054000,mustapha ishak boushaki
PHYS,2326,0U1,8,22,4,6,3,3,,1,2,,,,2,,,,,,"Gartstein, Yuri","Lochridge, Matthew D","Wu, Yuxiang",,,,yxg037000,yuri gartstein
PPOL,4396,051,,10,,,,,,,,,,,,,,,,,"Boots, Denise P",,,,,,dpb062000,denise boots
PPOL,4398,040,,,,,,,,,,,,,,17,,,,,"Harrington, James",,,,,,jxh134630,james harrington
PSY,2317,0W1,,27,8,3,1,,2,,1,,,,1,,,,,,"Fearon, Danielle","Behboudi, Mohammad Hossein",,,,,gxs180015,gayle schwark
PSY,3310,0W1,,54,,,10,,,3,,,,,3,,,,,,"Timmons, Lisa N","Kim, Taesun",,,,,exw010200,emily touchstone
PSY,3342,0W1,,44,,,3,,,2,,,,,1,,,,,,"Bonner, Deborah","Liu, Yilin",,,,,dbonner,deborah bonner
PSY,3360,0S1,,14,3,,2,,,,,,,,,,,,,,"Brody, Salena M",,,,,,smb051000,salena brody
PSY,3360,0W1,,27,4,23,11,7,11,,1,,,,2,,,,,,"Drew, Linda M","Smith, Emily J",,,,,lmd102020,linda drew
PSY,3392,0U1,1,2,,2,5,4,,5,,4,1,,1,,,,,,"Macphail, Donald C","Calderon, Rachel M",,,,,rxr076000,rachna raman
PSY,3393,0W1,,10,8,2,1,,1,,,,,,,,,,,,"Fearon, Danielle","Sanchez, Patricia Monique",,,,,fxk024000,forouz shirvani
PSY,3393,0W2,7,5,5,,,3,,,1,,,,,,,,,,"Shirvani, Forouz","Peacock, Dru D",,,,,gxs180015,gayle schwark
PSY,4343,0W2,9,23,11,7,6,3,,2,,,,,,,,,7,,"Ybarra, Regina K","Kulkarni, Maitreyee",,,,,aep140430,amy pinkham
PSY,4344,0U1,,6,,2,1,,,,1,,,,2,,,,,,"Padilla Cardoso, Mayra A","Gholap, Neha P",,,,,map200012,
PSY,4394,0U1,,,,,,,,,,,,,,23,,,,,"Choate, Michael J",,,,,,mchoate,michael choate
REAL,6321,0W1,,21,,2,,1,,,,,,,,,,,1,,"Lynch, Julie","Zhong, Yaxin",,,,,jxl180030,julie lynch
RHET,1302,0S1,,7,2,1,2,1,,,2,,,,,,,,,,"Cox, Gavin L",,,,,,txb112130,tracey berry
RHET,1302,0W1,3,1,3,,1,,2,,,,,,,,,,1,,"Walker, Jason",,,,,,sxm170012,shivika mathur
RHET,1302,0W2,4,5,4,,1,,1,,,,,1,1,,,,1,,"Alem, Hosanna G",,,,,,axs084500,addison shierry
RHET,1302,0W3,1,4,2,1,3,,1,1,,,,,3,,,,,,"Brandow, Carmon",,,,,,jaw140030,jason walker
SE,4381,0U1,,1,3,4,5,3,3,1,1,1,1,,,,,,,,"Paulk, Mark C","Pratap, Ashish",,,,,mcp130030,mark paulk
SE,6388,MU1,,11,,,,,,,,,,,,,,,,,"Zhao, Yi",,,,,,zhao,yi zhao
SOC,1301,0W1,30,8,4,1,1,,2,,,,1,,3,,,,,,"Asfaw, Sirak",,,,,,zrs160030,zachary simoni
SOC,2305,0W1,7,6,2,3,,1,,1,,,1,,,,,,,,"Haque, Samiul",,,,,,blc120130,beverly carlsen landy
SOC,3391,0W2,24,8,2,1,3,,,1,1,,,,,,,,,,"Dickey, Galen L",,,,,,gld190001,galen dickey laprocido
SPAU,3341,0W1,,3,4,,3,2,,,,,,,1,,,,,,"Fowler-Brookman, Stephanie L","Wiegand-Shahani, Braden",,,,,adw052000,andrea warner czyz
SPAU,3342,0W1,,19,,,3,,,1,,,,,,,,,,,"Bonner, Deborah","Liu, Yilin",,,,,dbonner,deborah bonner
SPAU,3343,0U1,,4,3,2,2,1,,,,1,,,1,,1,,,,"Mehta, Sonya",,,,,,wkatz,william katz
SPAU,3388,0H1,,,,,,,,,,,,,,9,,1,,,"Neale, Hannah D","Moustafa, Rana H",,,,,hxp121030,hannah pourchot neale
STAT,2332,0U1,3,3,,1,1,3,2,,,1,,,,,,,,,"Jiang, Shengjie",,,,,,tgw100020,tristan whalen
